geo,nace_r2,year,activity,country
AL,B0510,2022,Mining of hard coal,Albania
AL,B0510,2023,Mining of hard coal,Albania
AL,B0520,2022,Mining of lignite,Albania
AL,B0520,2023,Mining of lignite,Albania
AL,B0610,2021,Extraction of crude petroleum,Albania
AL,B0610,2022,Extraction of crude petroleum,Albania
AL,B0610,2023,Extraction of crude petroleum,Albania
AL,B0620,2021,Extraction of natural gas,Albania
AL,B0620,2022,Extraction of natural gas,Albania
AL,B0620,2023,Extraction of natural gas,Albania
AL,B0811,2023,"Quarrying of ornamental and building stone, limestone, gypsum, chalk and slate",Albania
AL,B0812,2021,"""Operation of gravel and sand pits; mining of clays and kaolin""",Albania
AL,B0812,2022,"""Operation of gravel and sand pits; mining of clays and kaolin""",Albania
AL,B0812,2023,"""Operation of gravel and sand pits; mining of clays and kaolin""",Albania
AL,B0891,2023,Mining of chemical and fertiliser minerals,Albania
AL,B0893,2021,Extraction of salt,Albania
AL,B0893,2022,Extraction of salt,Albania
AL,B0893,2023,Extraction of salt,Albania
AL,B0899,2023,Other mining and quarrying n.e.c.,Albania
AL,B0910,2021,Support activities for petroleum and natural gas extraction,Albania
AL,B0910,2022,Support activities for petroleum and natural gas extraction,Albania
AL,B0910,2023,Support activities for petroleum and natural gas extraction,Albania
AL,B0990,2021,Support activities for other mining and quarrying,Albania
AL,B0990,2022,Support activities for other mining and quarrying,Albania
AL,B0990,2023,Support activities for other mining and quarrying,Albania
AL,C1012,2021,Processing and preserving of poultry meat,Albania
AL,C1012,2022,Processing and preserving of poultry meat,Albania
AL,C1012,2023,Processing and preserving of poultry meat,Albania
AL,C1031,2023,Processing and preserving of potatoes,Albania
AL,C1051,2021,Operation of dairies and cheese making,Albania
AL,C1051,2022,Operation of dairies and cheese making,Albania
AL,C1051,2023,Operation of dairies and cheese making,Albania
AL,C1061,2021,Manufacture of grain mill products,Albania
AL,C1061,2022,Manufacture of grain mill products,Albania
AL,C1061,2023,Manufacture of grain mill products,Albania
AL,C1062,2023,Manufacture of starches and starch products,Albania
AL,C1081,2021,Manufacture of sugar,Albania
AL,C1081,2022,Manufacture of sugar,Albania
AL,C1081,2023,Manufacture of sugar,Albania
AL,C1086,2023,Manufacture of homogenised food preparations and dietetic food,Albania
AL,C1089,2023,Manufacture of other food products n.e.c.,Albania
AL,C1091,2021,Manufacture of prepared feeds for farm animals,Albania
AL,C1091,2022,Manufacture of prepared feeds for farm animals,Albania
AL,C1091,2023,Manufacture of prepared feeds for farm animals,Albania
AL,C1092,2023,Manufacture of prepared pet foods,Albania
AL,C1103,2021,Manufacture of cider and other fruit wines,Albania
AL,C1103,2022,Manufacture of cider and other fruit wines,Albania
AL,C1103,2023,Manufacture of cider and other fruit wines,Albania
AL,C1104,2023,Manufacture of other non-distilled fermented beverages,Albania
AL,C1105,2023,Manufacture of beer,Albania
AL,C1200,2021,Manufacture of tobacco products,Albania
AL,C1200,2022,Manufacture of tobacco products,Albania
AL,C1200,2023,Manufacture of tobacco products,Albania
AL,C1310,2023,Preparation and spinning of textile fibres,Albania
AL,C1320,2021,Weaving of textiles,Albania
AL,C1320,2022,Weaving of textiles,Albania
AL,C1320,2023,Weaving of textiles,Albania
AL,C1391,2021,Manufacture of knitted and crocheted fabrics,Albania
AL,C1391,2022,Manufacture of knitted and crocheted fabrics,Albania
AL,C1393,2023,Manufacture of carpets and rugs,Albania
AL,C1394,2023,"Manufacture of cordage, rope, twine and netting",Albania
AL,C1396,2023,Manufacture of other technical and industrial textiles,Albania
AL,C1420,2021,Manufacture of articles of fur,Albania
AL,C1420,2022,Manufacture of articles of fur,Albania
AL,C1420,2023,Manufacture of articles of fur,Albania
AL,C1431,2021,Manufacture of knitted and crocheted hosiery,Albania
AL,C1431,2022,Manufacture of knitted and crocheted hosiery,Albania
AL,C1431,2023,Manufacture of knitted and crocheted hosiery,Albania
AL,C1610,2021,Sawmilling and planing of wood,Albania
AL,C1610,2022,Sawmilling and planing of wood,Albania
AL,C1610,2023,Sawmilling and planing of wood,Albania
AL,C1621,2021,Manufacture of veneer sheets and wood-based panels,Albania
AL,C1621,2022,Manufacture of veneer sheets and wood-based panels,Albania
AL,C1621,2023,Manufacture of veneer sheets and wood-based panels,Albania
AL,C1711,2021,Manufacture of pulp,Albania
AL,C1711,2022,Manufacture of pulp,Albania
AL,C1711,2023,Manufacture of pulp,Albania
AL,C1712,2023,Manufacture of paper and paperboard,Albania
AL,C1721,2021,Manufacture of corrugated paper and paperboard and of containers of paper and paperboard,Albania
AL,C1721,2022,Manufacture of corrugated paper and paperboard and of containers of paper and paperboard,Albania
AL,C1721,2023,Manufacture of corrugated paper and paperboard and of containers of paper and paperboard,Albania
AL,C1811,2021,Printing of newspapers,Albania
AL,C1811,2022,Printing of newspapers,Albania
AL,C1811,2023,Printing of newspapers,Albania
AL,C1812,2022,Other printing,Albania
AL,C1812,2023,Other printing,Albania
AL,C1813,2022,Pre-press and pre-media services,Albania
AL,C1813,2023,Pre-press and pre-media services,Albania
AL,C1814,2022,Binding and related services,Albania
AL,C1814,2023,Binding and related services,Albania
AL,C1820,2021,Reproduction of recorded media,Albania
AL,C1820,2022,Reproduction of recorded media,Albania
AL,C1820,2023,Reproduction of recorded media,Albania
AL,C1910,2021,Manufacture of coke oven products,Albania
AL,C1910,2022,Manufacture of coke oven products,Albania
AL,C1910,2023,Manufacture of coke oven products,Albania
AL,C1920,2021,Manufacture of refined petroleum products,Albania
AL,C1920,2022,Manufacture of refined petroleum products,Albania
AL,C1920,2023,Manufacture of refined petroleum products,Albania
AL,C2012,2023,Manufacture of dyes and pigments,Albania
AL,C2013,2023,Manufacture of other inorganic basic chemicals,Albania
AL,C2016,2023,Manufacture of plastics in primary forms,Albania
AL,C2017,2021,Manufacture of synthetic rubber in primary forms,Albania
AL,C2017,2022,Manufacture of synthetic rubber in primary forms,Albania
AL,C2017,2023,Manufacture of synthetic rubber in primary forms,Albania
AL,C2041,2021,"Manufacture of soap and detergents, cleaning and polishing preparations",Albania
AL,C2041,2022,"Manufacture of soap and detergents, cleaning and polishing preparations",Albania
AL,C2041,2023,"Manufacture of soap and detergents, cleaning and polishing preparations",Albania
AL,C2042,2023,Manufacture of perfumes and toilet preparations,Albania
AL,C2051,2021,Manufacture of explosives,Albania
AL,C2051,2022,Manufacture of explosives,Albania
AL,C2051,2023,Manufacture of explosives,Albania
AL,C2052,2023,Manufacture of glues,Albania
AL,C2110,2021,Manufacture of basic pharmaceutical products,Albania
AL,C2110,2022,Manufacture of basic pharmaceutical products,Albania
AL,C2110,2023,Manufacture of basic pharmaceutical products,Albania
AL,C2120,2021,Manufacture of pharmaceutical preparations,Albania
AL,C2120,2022,Manufacture of pharmaceutical preparations,Albania
AL,C2120,2023,Manufacture of pharmaceutical preparations,Albania
AL,C2219,2021,Manufacture of other rubber products,Albania
AL,C2219,2022,Manufacture of other rubber products,Albania
AL,C2219,2023,Manufacture of other rubber products,Albania
AL,C2221,2021,"Manufacture of plastic plates, sheets, tubes and profiles",Albania
AL,C2221,2022,"Manufacture of plastic plates, sheets, tubes and profiles",Albania
AL,C2221,2023,"Manufacture of plastic plates, sheets, tubes and profiles",Albania
AL,C2223,2021,Manufacture of builders' ware of plastic,Albania
AL,C2223,2022,Manufacture of builders' ware of plastic,Albania
AL,C2223,2023,Manufacture of builders' ware of plastic,Albania
AL,C2229,2021,Manufacture of other plastic products,Albania
AL,C2229,2022,Manufacture of other plastic products,Albania
AL,C2229,2023,Manufacture of other plastic products,Albania
AL,C2311,2021,Manufacture of flat glass,Albania
AL,C2311,2022,Manufacture of flat glass,Albania
AL,C2311,2023,Manufacture of flat glass,Albania
AL,C2312,2023,Shaping and processing of flat glass,Albania
AL,C2319,2023,"Manufacture and processing of other glass, including technical glassware",Albania
AL,C2320,2023,Manufacture of refractory products,Albania
AL,C2331,2021,Manufacture of ceramic tiles and flags,Albania
AL,C2331,2022,Manufacture of ceramic tiles and flags,Albania
AL,C2331,2023,Manufacture of ceramic tiles and flags,Albania
AL,C2341,2021,Manufacture of ceramic household and ornamental articles,Albania
AL,C2341,2022,Manufacture of ceramic household and ornamental articles,Albania
AL,C2341,2023,Manufacture of ceramic household and ornamental articles,Albania
AL,C2344,2023,Manufacture of other technical ceramic products,Albania
AL,C2349,2023,Manufacture of other ceramic products,Albania
AL,C2351,2023,Manufacture of cement,Albania
AL,C2352,2023,Manufacture of lime and plaster,Albania
AL,C2361,2021,Manufacture of concrete products for construction purposes,Albania
AL,C2361,2022,Manufacture of concrete products for construction purposes,Albania
AL,C2361,2023,Manufacture of concrete products for construction purposes,Albania
AL,C2364,2023,Manufacture of mortars,Albania
AL,C2365,2023,Manufacture of fibre cement,Albania
AL,C2391,2021,Production of abrasive products,Albania
AL,C2391,2022,Production of abrasive products,Albania
AL,C2391,2023,Production of abrasive products,Albania
AL,C2399,2023,Manufacture of other non-metallic mineral products n.e.c.,Albania
AL,C2410,2021,Manufacture of basic iron and steel and of ferro-alloys,Albania
AL,C2410,2022,Manufacture of basic iron and steel and of ferro-alloys,Albania
AL,C2410,2023,Manufacture of basic iron and steel and of ferro-alloys,Albania
AL,C2420,2021,"Manufacture of tubes, pipes, hollow profiles and related fittings, of steel",Albania
AL,C2420,2022,"Manufacture of tubes, pipes, hollow profiles and related fittings, of steel",Albania
AL,C2420,2023,"Manufacture of tubes, pipes, hollow profiles and related fittings, of steel",Albania
AL,C2432,2021,Cold rolling of narrow strip,Albania
AL,C2432,2022,Cold rolling of narrow strip,Albania
AL,C2432,2023,Cold rolling of narrow strip,Albania
AL,C2434,2021,Cold drawing of wire,Albania
AL,C2434,2022,Cold drawing of wire,Albania
AL,C2434,2023,Cold drawing of wire,Albania
AL,C2441,2021,Precious metals production,Albania
AL,C2441,2022,Precious metals production,Albania
AL,C2441,2023,Precious metals production,Albania
AL,C2451,2021,Casting of iron,Albania
AL,C2451,2022,Casting of iron,Albania
AL,C2451,2023,Casting of iron,Albania
AL,C2452,2021,Casting of steel,Albania
AL,C2452,2022,Casting of steel,Albania
AL,C2452,2023,Casting of steel,Albania
AL,C2454,2021,Casting of other non-ferrous metals,Albania
AL,C2454,2022,Casting of other non-ferrous metals,Albania
AL,C2454,2023,Casting of other non-ferrous metals,Albania
AL,C2521,2021,Manufacture of central heating radiators and boilers,Albania
AL,C2521,2022,Manufacture of central heating radiators and boilers,Albania
AL,C2521,2023,Manufacture of central heating radiators and boilers,Albania
AL,C2529,2023,"Manufacture of other tanks, reservoirs and containers of metal",Albania
AL,C2530,2021,"Manufacture of steam generators, except central heating hot water boilers",Albania
AL,C2530,2022,"Manufacture of steam generators, except central heating hot water boilers",Albania
AL,C2530,2023,"Manufacture of steam generators, except central heating hot water boilers",Albania
AL,C2561,2021,Treatment and coating of metals,Albania
AL,C2561,2022,Treatment and coating of metals,Albania
AL,C2561,2023,Treatment and coating of metals,Albania
AL,C2571,2021,Manufacture of cutlery,Albania
AL,C2571,2022,Manufacture of cutlery,Albania
AL,C2571,2023,Manufacture of cutlery,Albania
AL,C2573,2023,Manufacture of tools,Albania
AL,C2592,2021,Manufacture of light metal packaging,Albania
AL,C2592,2022,Manufacture of light metal packaging,Albania
AL,C2592,2023,Manufacture of light metal packaging,Albania
AL,C2593,2023,"Manufacture of wire products, chain and springs",Albania
AL,C2594,2023,Manufacture of fasteners and screw machine products,Albania
AL,C2611,2021,Manufacture of electronic components,Albania
AL,C2611,2022,Manufacture of electronic components,Albania
AL,C2611,2023,Manufacture of electronic components,Albania
AL,C2612,2021,Manufacture of loaded electronic boards,Albania
AL,C2612,2022,Manufacture of loaded electronic boards,Albania
AL,C2612,2023,Manufacture of loaded electronic boards,Albania
AL,C2630,2021,Manufacture of communication equipment,Albania
AL,C2630,2022,Manufacture of communication equipment,Albania
AL,C2630,2023,Manufacture of communication equipment,Albania
AL,C2640,2021,Manufacture of consumer electronics,Albania
AL,C2640,2022,Manufacture of consumer electronics,Albania
AL,C2640,2023,Manufacture of consumer electronics,Albania
AL,C2651,2021,"Manufacture of instruments and appliances for measuring, testing and navigation",Albania
AL,C2651,2022,"Manufacture of instruments and appliances for measuring, testing and navigation",Albania
AL,C2651,2023,"Manufacture of instruments and appliances for measuring, testing and navigation",Albania
AL,C2711,2021,"Manufacture of electric motors, generators and transformers",Albania
AL,C2711,2022,"Manufacture of electric motors, generators and transformers",Albania
AL,C2711,2023,"Manufacture of electric motors, generators and transformers",Albania
AL,C2712,2023,Manufacture of electricity distribution and control apparatus,Albania
AL,C2731,2021,Manufacture of fibre optic cables,Albania
AL,C2731,2022,Manufacture of fibre optic cables,Albania
AL,C2731,2023,Manufacture of fibre optic cables,Albania
AL,C2732,2021,Manufacture of other electronic and electric wires and cables,Albania
AL,C2732,2022,Manufacture of other electronic and electric wires and cables,Albania
AL,C2732,2023,Manufacture of other electronic and electric wires and cables,Albania
AL,C2740,2021,Manufacture of electric lighting equipment,Albania
AL,C2740,2022,Manufacture of electric lighting equipment,Albania
AL,C2740,2023,Manufacture of electric lighting equipment,Albania
AL,C2751,2021,Manufacture of electric domestic appliances,Albania
AL,C2751,2022,Manufacture of electric domestic appliances,Albania
AL,C2751,2023,Manufacture of electric domestic appliances,Albania
AL,C2752,2023,Manufacture of non-electric domestic appliances,Albania
AL,C2790,2021,Manufacture of other electrical equipment,Albania
AL,C2790,2022,Manufacture of other electrical equipment,Albania
AL,C2790,2023,Manufacture of other electrical equipment,Albania
AL,C2811,2021,"Manufacture of engines and turbines, except aircraft, vehicle and cycle engines",Albania
AL,C2811,2022,"Manufacture of engines and turbines, except aircraft, vehicle and cycle engines",Albania
AL,C2811,2023,"Manufacture of engines and turbines, except aircraft, vehicle and cycle engines",Albania
AL,C2814,2021,Manufacture of other taps and valves,Albania
AL,C2814,2022,Manufacture of other taps and valves,Albania
AL,C2814,2023,Manufacture of other taps and valves,Albania
AL,C2821,2021,"Manufacture of ovens, furnaces and furnace burners",Albania
AL,C2821,2022,"Manufacture of ovens, furnaces and furnace burners",Albania
AL,C2821,2023,"Manufacture of ovens, furnaces and furnace burners",Albania
AL,C2823,2021,Manufacture of office machinery and equipment (except computers and peripheral equipment),Albania
AL,C2823,2022,Manufacture of office machinery and equipment (except computers and peripheral equipment),Albania
AL,C2823,2023,Manufacture of office machinery and equipment (except computers and peripheral equipment),Albania
AL,C2825,2023,Manufacture of non-domestic cooling and ventilation equipment,Albania
AL,C2830,2021,Manufacture of agricultural and forestry machinery,Albania
AL,C2830,2022,Manufacture of agricultural and forestry machinery,Albania
AL,C2830,2023,Manufacture of agricultural and forestry machinery,Albania
AL,C2841,2021,Manufacture of metal forming machinery,Albania
AL,C2841,2022,Manufacture of metal forming machinery,Albania
AL,C2841,2023,Manufacture of metal forming machinery,Albania
AL,C2849,2023,Manufacture of other machine tools,Albania
AL,C2893,2023,"Manufacture of machinery for food, beverage and tobacco processing",Albania
AL,C2895,2023,Manufacture of machinery for paper and paperboard production,Albania
AL,C2896,2021,Manufacture of plastics and rubber machinery,Albania
AL,C2896,2022,Manufacture of plastics and rubber machinery,Albania
AL,C2896,2023,Manufacture of plastics and rubber machinery,Albania
AL,C2899,2021,Manufacture of other special-purpose machinery n.e.c.,Albania
AL,C2899,2022,Manufacture of other special-purpose machinery n.e.c.,Albania
AL,C2899,2023,Manufacture of other special-purpose machinery n.e.c.,Albania
AL,C2920,2021,Manufacture of bodies (coachwork) for motor vehicles; manufacture of trailers and semi-trailers,Albania
AL,C2920,2022,Manufacture of bodies (coachwork) for motor vehicles; manufacture of trailers and semi-trailers,Albania
AL,C2920,2023,Manufacture of bodies (coachwork) for motor vehicles; manufacture of trailers and semi-trailers,Albania
AL,C2931,2021,Manufacture of electrical and electronic equipment for motor vehicles,Albania
AL,C2931,2022,Manufacture of electrical and electronic equipment for motor vehicles,Albania
AL,C2931,2023,Manufacture of electrical and electronic equipment for motor vehicles,Albania
AL,C2932,2021,Manufacture of other parts and accessories for motor vehicles,Albania
AL,C2932,2022,Manufacture of other parts and accessories for motor vehicles,Albania
AL,C2932,2023,Manufacture of other parts and accessories for motor vehicles,Albania
AL,C3011,2021,Building of ships and floating structures,Albania
AL,C3011,2022,Building of ships and floating structures,Albania
AL,C3011,2023,Building of ships and floating structures,Albania
AL,C3020,2021,Manufacture of railway locomotives and rolling stock,Albania
AL,C3020,2022,Manufacture of railway locomotives and rolling stock,Albania
AL,C3020,2023,Manufacture of railway locomotives and rolling stock,Albania
AL,C3030,2022,Manufacture of air and spacecraft and related machinery,Albania
AL,C3030,2023,Manufacture of air and spacecraft and related machinery,Albania
AL,C3211,2021,Striking of coins,Albania
AL,C3211,2022,Striking of coins,Albania
AL,C3211,2023,Striking of coins,Albania
AL,C3212,2023,Manufacture of jewellery and related articles,Albania
AL,C3240,2021,Manufacture of games and toys,Albania
AL,C3240,2022,Manufacture of games and toys,Albania
AL,C3240,2023,Manufacture of games and toys,Albania
AL,C3250,2021,Manufacture of medical and dental instruments and supplies,Albania
AL,C3250,2022,Manufacture of medical and dental instruments and supplies,Albania
AL,C3250,2023,Manufacture of medical and dental instruments and supplies,Albania
AL,C3291,2021,Manufacture of brooms and brushes,Albania
AL,C3291,2022,Manufacture of brooms and brushes,Albania
AL,C3291,2023,Manufacture of brooms and brushes,Albania
AL,C3311,2021,Repair of fabricated metal products,Albania
AL,C3311,2022,Repair of fabricated metal products,Albania
AL,C3311,2023,Repair of fabricated metal products,Albania
AL,C3316,2023,Repair and maintenance of aircraft and spacecraft,Albania
AL,C3320,2021,Installation of industrial machinery and equipment,Albania
AL,C3320,2022,Installation of industrial machinery and equipment,Albania
AL,C3320,2023,Installation of industrial machinery and equipment,Albania
AL,D3511,2021,Production of electricity,Albania
AL,D3511,2022,Production of electricity,Albania
AL,D3511,2023,Production of electricity,Albania
AL,D3512,2023,Transmission of electricity,Albania
AL,D3521,2021,Manufacture of gas,Albania
AL,D3521,2022,Manufacture of gas,Albania
AL,D3521,2023,Manufacture of gas,Albania
AL,D3522,2021,Distribution of gaseous fuels through mains,Albania
AL,D3522,2022,Distribution of gaseous fuels through mains,Albania
AL,D3522,2023,Distribution of gaseous fuels through mains,Albania
AL,D3530,2023,Steam and air conditioning supply,Albania
AL,E3700,2021,Sewerage,Albania
AL,E3700,2022,Sewerage,Albania
AL,E3812,2021,Collection of hazardous waste,Albania
AL,E3812,2022,Collection of hazardous waste,Albania
AL,E3812,2023,Collection of hazardous waste,Albania
AL,E3821,2021,Treatment and disposal of non-hazardous waste,Albania
AL,E3821,2022,Treatment and disposal of non-hazardous waste,Albania
AL,E3821,2023,Treatment and disposal of non-hazardous waste,Albania
AL,E3822,2023,Treatment and disposal of hazardous waste,Albania
AL,E3900,2022,Remediation activities and other waste management services,Albania
AL,F4212,2021,Construction of railways and underground railways,Albania
AL,F4212,2022,Construction of railways and underground railways,Albania
AL,F4212,2023,Construction of railways and underground railways,Albania
AL,F4213,2023,Construction of bridges and tunnels,Albania
AL,F4291,2021,Construction of water projects,Albania
AL,F4291,2022,Construction of water projects,Albania
AL,F4291,2023,Construction of water projects,Albania
AL,F4311,2021,Demolition,Albania
AL,F4311,2022,Demolition,Albania
AL,F4311,2023,Demolition,Albania
AL,F4313,2023,Test drilling and boring,Albania
AL,F4331,2021,Plastering,Albania
AL,F4331,2022,Plastering,Albania
AL,F4331,2023,Plastering,Albania
AL,G4511,2021,Sale of cars and light motor vehicles,Albania
AL,G4511,2022,Sale of cars and light motor vehicles,Albania
AL,G4511,2023,Sale of cars and light motor vehicles,Albania
AL,G4520,2021,Maintenance and repair of motor vehicles,Albania
AL,G4520,2022,Maintenance and repair of motor vehicles,Albania
AL,G4520,2023,Maintenance and repair of motor vehicles,Albania
AL,G4531,2021,Wholesale trade of motor vehicle parts and accessories,Albania
AL,G4531,2022,Wholesale trade of motor vehicle parts and accessories,Albania
AL,G4531,2023,Wholesale trade of motor vehicle parts and accessories,Albania
AL,G4540,2021,"Sale, maintenance and repair of motorcycles and related parts and accessories",Albania
AL,G4540,2022,"Sale, maintenance and repair of motorcycles and related parts and accessories",Albania
AL,G4540,2023,"Sale, maintenance and repair of motorcycles and related parts and accessories",Albania
AL,G4611,2021,"Agents involved in the sale of agricultural raw materials, live animals, textile raw materials and semi-finished goods",Albania
AL,G4611,2022,"Agents involved in the sale of agricultural raw materials, live animals, textile raw materials and semi-finished goods",Albania
AL,G4611,2023,"Agents involved in the sale of agricultural raw materials, live animals, textile raw materials and semi-finished goods",Albania
AL,G4615,2023,"Agents involved in the sale of furniture, household goods, hardware and ironmongery",Albania
AL,G4616,2023,"Agents involved in the sale of textiles, clothing, fur, footwear and leather goods",Albania
AL,G4621,2021,"Wholesale of grain, unmanufactured tobacco, seeds and animal feeds",Albania
AL,G4621,2022,"Wholesale of grain, unmanufactured tobacco, seeds and animal feeds",Albania
AL,G4621,2023,"Wholesale of grain, unmanufactured tobacco, seeds and animal feeds",Albania
AL,G4641,2021,Wholesale of textiles,Albania
AL,G4641,2022,Wholesale of textiles,Albania
AL,G4641,2023,Wholesale of textiles,Albania
AL,G4648,2023,Wholesale of watches and jewellery,Albania
AL,G4651,2021,"Wholesale of computers, computer peripheral equipment and software",Albania
AL,G4651,2022,"Wholesale of computers, computer peripheral equipment and software",Albania
AL,G4651,2023,"Wholesale of computers, computer peripheral equipment and software",Albania
AL,G4661,2021,"Wholesale of agricultural machinery, equipment and supplies",Albania
AL,G4661,2022,"Wholesale of agricultural machinery, equipment and supplies",Albania
AL,G4661,2023,"Wholesale of agricultural machinery, equipment and supplies",Albania
AL,G4664,2023,Wholesale of machinery for the textile industry and of sewing and knitting machines,Albania
AL,G4690,2021,Non-specialised wholesale trade,Albania
AL,G4690,2022,Non-specialised wholesale trade,Albania
AL,G4690,2023,Non-specialised wholesale trade,Albania
AL,G4711,2021,"Retail sale in non-specialised stores with food, beverages or tobacco predominating",Albania
AL,G4711,2022,"Retail sale in non-specialised stores with food, beverages or tobacco predominating",Albania
AL,G4711,2023,"Retail sale in non-specialised stores with food, beverages or tobacco predominating",Albania
AL,G4721,2021,Retail sale of fruit and vegetables in specialised stores,Albania
AL,G4721,2022,Retail sale of fruit and vegetables in specialised stores,Albania
AL,G4721,2023,Retail sale of fruit and vegetables in specialised stores,Albania
AL,G4730,2023,Retail sale of automotive fuel in specialised stores,Albania
AL,G4741,2021,"Retail sale of computers, peripheral units and software in specialised stores",Albania
AL,G4741,2022,"Retail sale of computers, peripheral units and software in specialised stores",Albania
AL,G4741,2023,"Retail sale of computers, peripheral units and software in specialised stores",Albania
AL,G4751,2021,Retail sale of textiles in specialised stores,Albania
AL,G4751,2022,Retail sale of textiles in specialised stores,Albania
AL,G4751,2023,Retail sale of textiles in specialised stores,Albania
AL,G4761,2021,Retail sale of books in specialised stores,Albania
AL,G4761,2022,Retail sale of books in specialised stores,Albania
AL,G4761,2023,Retail sale of books in specialised stores,Albania
AL,G4763,2023,Retail sale of music and video recordings in specialised stores,Albania
AL,G4774,2023,Retail sale of medical and orthopaedic goods in specialised stores,Albania
AL,G4777,2023,Retail sale of watches and jewellery in specialised stores,Albania
AL,G4781,2023,"Retail sale via stalls and markets of food, beverages and tobacco products",Albania
AL,G4782,2023,"Retail sale via stalls and markets of textiles, clothing and footwear",Albania
AL,G4791,2023,Retail sale via mail order houses or via Internet,Albania
AL,G4799,2023,"Other retail sale not in stores, stalls or markets",Albania
AL,H4910,2021,"Passenger rail transport, interurban",Albania
AL,H4910,2022,"Passenger rail transport, interurban",Albania
AL,H4910,2023,"Passenger rail transport, interurban",Albania
AL,H4920,2023,Freight rail transport,Albania
AL,H4931,2021,Urban and suburban passenger land transport,Albania
AL,H4931,2022,Urban and suburban passenger land transport,Albania
AL,H4931,2023,Urban and suburban passenger land transport,Albania
AL,H4932,2021,Taxi operation,Albania
AL,H4932,2022,Taxi operation,Albania
AL,H4932,2023,Taxi operation,Albania
AL,H4941,2021,Freight transport by road,Albania
AL,H4941,2022,Freight transport by road,Albania
AL,H4941,2023,Freight transport by road,Albania
AL,H4950,2021,Transport via pipeline,Albania
AL,H4950,2022,Transport via pipeline,Albania
AL,H4950,2023,Transport via pipeline,Albania
AL,H5010,2021,Sea and coastal passenger water transport,Albania
AL,H5010,2022,Sea and coastal passenger water transport,Albania
AL,H5010,2023,Sea and coastal passenger water transport,Albania
AL,H5030,2021,Inland passenger water transport,Albania
AL,H5030,2022,Inland passenger water transport,Albania
AL,H5030,2023,Inland passenger water transport,Albania
AL,H5110,2021,Passenger air transport,Albania
AL,H5110,2022,Passenger air transport,Albania
AL,H5110,2023,Passenger air transport,Albania
AL,H5121,2021,Freight air transport,Albania
AL,H5121,2022,Freight air transport,Albania
AL,H5121,2023,Freight air transport,Albania
AL,H5122,2022,Space transport,Albania
AL,H5122,2023,Space transport,Albania
AL,H5210,2021,Warehousing and storage,Albania
AL,H5210,2022,Warehousing and storage,Albania
AL,H5210,2023,Warehousing and storage,Albania
AL,H5221,2021,Service activities incidental to land transportation,Albania
AL,H5221,2022,Service activities incidental to land transportation,Albania
AL,H5221,2023,Service activities incidental to land transportation,Albania
AL,H5223,2023,Service activities incidental to air transportation,Albania
AL,H5224,2023,Cargo handling,Albania
AL,H5310,2021,Postal activities under universal service obligation,Albania
AL,H5310,2022,Postal activities under universal service obligation,Albania
AL,H5310,2023,Postal activities under universal service obligation,Albania
AL,H5320,2021,Other postal and courier activities,Albania
AL,H5320,2022,Other postal and courier activities,Albania
AL,H5320,2023,Other postal and courier activities,Albania
AL,I5520,2021,Holiday and other short-stay accommodation,Albania
AL,I5520,2022,Holiday and other short-stay accommodation,Albania
AL,I5520,2023,Holiday and other short-stay accommodation,Albania
AL,I5530,2021,"Camping grounds, recreational vehicle parks and trailer parks",Albania
AL,I5530,2022,"Camping grounds, recreational vehicle parks and trailer parks",Albania
AL,I5530,2023,"Camping grounds, recreational vehicle parks and trailer parks",Albania
AL,I5590,2021,Other accommodation,Albania
AL,I5590,2022,Other accommodation,Albania
AL,I5590,2023,Other accommodation,Albania
AL,I5610,2021,Restaurants and mobile food service activities,Albania
AL,I5610,2022,Restaurants and mobile food service activities,Albania
AL,I5610,2023,Restaurants and mobile food service activities,Albania
AL,I5621,2021,Event catering activities,Albania
AL,I5621,2022,Event catering activities,Albania
AL,I5621,2023,Event catering activities,Albania
AL,I5630,2021,Beverage serving activities,Albania
AL,I5630,2022,Beverage serving activities,Albania
AL,I5630,2023,Beverage serving activities,Albania
AL,J5811,2021,Book publishing,Albania
AL,J5811,2022,Book publishing,Albania
AL,J5811,2023,Book publishing,Albania
AL,J5812,2023,Publishing of directories and mailing lists,Albania
AL,J5911,2021,"Motion picture, video and television programme production activities",Albania
AL,J5911,2022,"Motion picture, video and television programme production activities",Albania
AL,J5911,2023,"Motion picture, video and television programme production activities",Albania
AL,J5912,2022,"Motion picture, video and television programme post-production activities",Albania
AL,J5912,2023,"Motion picture, video and television programme post-production activities",Albania
AL,J5913,2022,"Motion picture, video and television programme distribution activities",Albania
AL,J5913,2023,"Motion picture, video and television programme distribution activities",Albania
AL,J5914,2022,Motion picture projection activities,Albania
AL,J5914,2023,Motion picture projection activities,Albania
AL,J5920,2021,Sound recording and music publishing activities,Albania
AL,J5920,2022,Sound recording and music publishing activities,Albania
AL,J5920,2023,Sound recording and music publishing activities,Albania
AL,J6010,2021,Radio broadcasting,Albania
AL,J6010,2022,Radio broadcasting,Albania
AL,J6010,2023,Radio broadcasting,Albania
AL,J6020,2021,Television programming and broadcasting activities,Albania
AL,J6020,2022,Television programming and broadcasting activities,Albania
AL,J6020,2023,Television programming and broadcasting activities,Albania
AL,J6110,2021,Wired telecommunications activities,Albania
AL,J6110,2022,Wired telecommunications activities,Albania
AL,J6110,2023,Wired telecommunications activities,Albania
AL,J6120,2021,Wireless telecommunications activities,Albania
AL,J6120,2022,Wireless telecommunications activities,Albania
AL,J6120,2023,Wireless telecommunications activities,Albania
AL,J6130,2023,Satellite telecommunications activities,Albania
AL,J6201,2021,Computer programming activities,Albania
AL,J6201,2022,Computer programming activities,Albania
AL,J6201,2023,Computer programming activities,Albania
AL,J6202,2022,Computer consultancy activities,Albania
AL,J6202,2023,Computer consultancy activities,Albania
AL,J6203,2022,Computer facilities management activities,Albania
AL,J6203,2023,Computer facilities management activities,Albania
AL,J6209,2022,Other information technology and computer service activities,Albania
AL,J6209,2023,Other information technology and computer service activities,Albania
AL,J6311,2021,"Data processing, hosting and related activities",Albania
AL,J6311,2022,"Data processing, hosting and related activities",Albania
AL,J6311,2023,"Data processing, hosting and related activities",Albania
AL,J6391,2021,News agency activities,Albania
AL,J6391,2022,News agency activities,Albania
AL,J6391,2023,News agency activities,Albania
AL,L6810,2021,Buying and selling of own real estate,Albania
AL,L6831,2021,Real estate agencies,Albania
AL,M7010,2021,Activities of head offices,Albania
AL,M7010,2022,Activities of head offices,Albania
AL,M7010,2023,Activities of head offices,Albania
AL,M7021,2021,Public relations and communication activities,Albania
AL,M7021,2022,Public relations and communication activities,Albania
AL,M7021,2023,Public relations and communication activities,Albania
AL,M7211,2021,Research and experimental development on biotechnology,Albania
AL,M7211,2022,Research and experimental development on biotechnology,Albania
AL,M7211,2023,Research and experimental development on biotechnology,Albania
AL,M7219,2023,Other research and experimental development on natural sciences and engineering,Albania
AL,M7220,2021,Research and experimental development on social sciences and humanities,Albania
AL,M7220,2022,Research and experimental development on social sciences and humanities,Albania
AL,M7220,2023,Research and experimental development on social sciences and humanities,Albania
AL,M7410,2021,Specialised design activities,Albania
AL,M7410,2022,Specialised design activities,Albania
AL,M7410,2023,Specialised design activities,Albania
AL,M7420,2021,Photographic activities,Albania
AL,M7420,2022,Photographic activities,Albania
AL,M7420,2023,Photographic activities,Albania
AL,N7712,2021,Renting and leasing of trucks,Albania
AL,N7712,2022,Renting and leasing of trucks,Albania
AL,N7712,2023,Renting and leasing of trucks,Albania
AL,N7721,2021,Renting and leasing of recreational and sports goods,Albania
AL,N7721,2022,Renting and leasing of recreational and sports goods,Albania
AL,N7721,2023,Renting and leasing of recreational and sports goods,Albania
AL,N7731,2021,Renting and leasing of agricultural machinery and equipment,Albania
AL,N7731,2022,Renting and leasing of agricultural machinery and equipment,Albania
AL,N7731,2023,Renting and leasing of agricultural machinery and equipment,Albania
AL,N7732,2023,Renting and leasing of construction and civil engineering machinery and equipment,Albania
AL,N7735,2023,Renting and leasing of air transport equipment,Albania
AL,N7739,2023,"Renting and leasing of other machinery, equipment and tangible goods n.e.c.",Albania
AL,N7740,2021,"Leasing of intellectual property and similar products, except copyrighted works",Albania
AL,N7740,2022,"Leasing of intellectual property and similar products, except copyrighted works",Albania
AL,N7740,2023,"Leasing of intellectual property and similar products, except copyrighted works",Albania
AL,N7820,2021,Temporary employment agency activities,Albania
AL,N7820,2022,Temporary employment agency activities,Albania
AL,N7820,2023,Temporary employment agency activities,Albania
AL,N7830,2021,Other human resources provision,Albania
AL,N7830,2022,Other human resources provision,Albania
AL,N7830,2023,Other human resources provision,Albania
AL,N7912,2021,Tour operator activities,Albania
AL,N7912,2022,Tour operator activities,Albania
AL,N7912,2023,Tour operator activities,Albania
AL,N7990,2021,Other reservation service and related activities,Albania
AL,N7990,2022,Other reservation service and related activities,Albania
AL,N7990,2023,Other reservation service and related activities,Albania
AL,N8020,2021,Security systems service activities,Albania
AL,N8020,2022,Security systems service activities,Albania
AL,N8020,2023,Security systems service activities,Albania
AL,N8030,2021,Investigation activities,Albania
AL,N8030,2022,Investigation activities,Albania
AL,N8030,2023,Investigation activities,Albania
AL,N8110,2021,Combined facilities support activities,Albania
AL,N8110,2022,Combined facilities support activities,Albania
AL,N8110,2023,Combined facilities support activities,Albania
AL,N8121,2021,General cleaning of buildings,Albania
AL,N8121,2022,General cleaning of buildings,Albania
AL,N8121,2023,General cleaning of buildings,Albania
AL,N8211,2023,Combined office administrative service activities,Albania
AL,N8219,2023,"Photocopying, document preparation and other specialised office support activities",Albania
AL,N8230,2021,Organisation of conventions and trade shows,Albania
AL,N8230,2022,Organisation of conventions and trade shows,Albania
AL,N8230,2023,Organisation of conventions and trade shows,Albania
AL,N8291,2021,Activities of collection agencies and credit bureaus,Albania
AL,N8291,2022,Activities of collection agencies and credit bureaus,Albania
AL,N8291,2023,Activities of collection agencies and credit bureaus,Albania
AL,P8510,2021,Pre-primary education,Albania
AL,P8510,2022,Pre-primary education,Albania
AL,P8510,2023,Pre-primary education,Albania
AL,P8520,2021,Primary education,Albania
AL,P8520,2022,Primary education,Albania
AL,P8520,2023,Primary education,Albania
AL,P8541,2021,Post-secondary non-tertiary education,Albania
AL,P8541,2022,Post-secondary non-tertiary education,Albania
AL,P8541,2023,Post-secondary non-tertiary education,Albania
AL,P8551,2021,Sports and recreation education,Albania
AL,P8551,2022,Sports and recreation education,Albania
AL,P8551,2023,Sports and recreation education,Albania
AL,Q8710,2021,Residential nursing care activities,Albania
AL,Q8710,2022,Residential nursing care activities,Albania
AL,Q8710,2023,Residential nursing care activities,Albania
AL,Q8730,2021,Residential care activities for the elderly and disabled,Albania
AL,Q8730,2022,Residential care activities for the elderly and disabled,Albania
AL,Q8730,2023,Residential care activities for the elderly and disabled,Albania
AL,Q8790,2021,Other residential care activities,Albania
AL,Q8790,2022,Other residential care activities,Albania
AL,Q8790,2023,Other residential care activities,Albania
AL,Q8810,2021,Social work activities without accommodation for the elderly and disabled,Albania
AL,Q8810,2022,Social work activities without accommodation for the elderly and disabled,Albania
AL,Q8810,2023,Social work activities without accommodation for the elderly and disabled,Albania
AL,Q8891,2021,Child day-care activities,Albania
AL,Q8891,2022,Child day-care activities,Albania
AL,Q8891,2023,Child day-care activities,Albania
AL,Q8899,2021,Other social work activities without accommodation n.e.c.,Albania
AL,Q8899,2022,Other social work activities without accommodation n.e.c.,Albania
AL,Q8899,2023,Other social work activities without accommodation n.e.c.,Albania
AL,R9001,2021,Performing arts,Albania
AL,R9001,2022,Performing arts,Albania
AL,R9001,2023,Performing arts,Albania
AL,R9101,2021,Library and archives activities,Albania
AL,R9101,2022,Library and archives activities,Albania
AL,R9101,2023,Library and archives activities,Albania
AL,R9103,2023,Operation of historical sites and buildings and similar visitor attractions,Albania
AL,R9104,2023,Botanical and zoological gardens and nature reserves activities,Albania
AL,R9200,2022,Gambling and betting activities,Albania
AL,R9200,2023,Gambling and betting activities,Albania
AL,R9311,2021,Operation of sports facilities,Albania
AL,R9311,2022,Operation of sports facilities,Albania
AL,R9311,2023,Operation of sports facilities,Albania
AL,R9321,2021,Activities of amusement parks and theme parks,Albania
AL,R9321,2022,Activities of amusement parks and theme parks,Albania
AL,R9321,2023,Activities of amusement parks and theme parks,Albania
AT,B0610,2021,Extraction of crude petroleum,Austria
AT,B0610,2022,Extraction of crude petroleum,Austria
AT,B0610,2023,Extraction of crude petroleum,Austria
AT,B0610,2024,Extraction of crude petroleum,Austria
AT,B0710,2021,Mining of iron ores,Austria
AT,B0710,2022,Mining of iron ores,Austria
AT,B0710,2023,Mining of iron ores,Austria
AT,B0710,2024,Mining of iron ores,Austria
AT,B0729,2021,Mining of other non-ferrous metal ores,Austria
AT,B0729,2022,Mining of other non-ferrous metal ores,Austria
AT,B0729,2023,Mining of other non-ferrous metal ores,Austria
AT,B0729,2024,Mining of other non-ferrous metal ores,Austria
AT,B0891,2021,Mining of chemical and fertiliser minerals,Austria
AT,B0891,2022,Mining of chemical and fertiliser minerals,Austria
AT,B0891,2023,Mining of chemical and fertiliser minerals,Austria
AT,B0891,2024,Mining of chemical and fertiliser minerals,Austria
AT,B0892,2021,Extraction of peat,Austria
AT,B0892,2022,Extraction of peat,Austria
AT,B0892,2023,Extraction of peat,Austria
AT,B0892,2024,Extraction of peat,Austria
AT,B0893,2021,Extraction of salt,Austria
AT,B0893,2022,Extraction of salt,Austria
AT,B0893,2023,Extraction of salt,Austria
AT,B0893,2024,Extraction of salt,Austria
AT,B0990,2022,Support activities for other mining and quarrying,Austria
AT,B0990,2023,Support activities for other mining and quarrying,Austria
AT,B0990,2024,Support activities for other mining and quarrying,Austria
AT,C1041,2021,Manufacture of oils and fats,Austria
AT,C1041,2022,Manufacture of oils and fats,Austria
AT,C1041,2023,Manufacture of oils and fats,Austria
AT,C1041,2024,Manufacture of oils and fats,Austria
AT,C1042,2021,Manufacture of margarine and similar edible fats,Austria
AT,C1042,2022,Manufacture of margarine and similar edible fats,Austria
AT,C1042,2023,Manufacture of margarine and similar edible fats,Austria
AT,C1042,2024,Manufacture of margarine and similar edible fats,Austria
AT,C1061,2021,Manufacture of grain mill products,Austria
AT,C1061,2022,Manufacture of grain mill products,Austria
AT,C1061,2023,Manufacture of grain mill products,Austria
AT,C1061,2024,Manufacture of grain mill products,Austria
AT,C1062,2021,Manufacture of starches and starch products,Austria
AT,C1062,2022,Manufacture of starches and starch products,Austria
AT,C1062,2023,Manufacture of starches and starch products,Austria
AT,C1062,2024,Manufacture of starches and starch products,Austria
AT,C1081,2021,Manufacture of sugar,Austria
AT,C1081,2022,Manufacture of sugar,Austria
AT,C1081,2023,Manufacture of sugar,Austria
AT,C1081,2024,Manufacture of sugar,Austria
AT,C1086,2021,Manufacture of homogenised food preparations and dietetic food,Austria
AT,C1086,2022,Manufacture of homogenised food preparations and dietetic food,Austria
AT,C1086,2023,Manufacture of homogenised food preparations and dietetic food,Austria
AT,C1086,2024,Manufacture of homogenised food preparations and dietetic food,Austria
AT,C1104,2021,Manufacture of other non-distilled fermented beverages,Austria
AT,C1104,2022,Manufacture of other non-distilled fermented beverages,Austria
AT,C1104,2023,Manufacture of other non-distilled fermented beverages,Austria
AT,C1104,2024,Manufacture of other non-distilled fermented beverages,Austria
AT,C1106,2021,Manufacture of malt,Austria
AT,C1106,2022,Manufacture of malt,Austria
AT,C1106,2023,Manufacture of malt,Austria
AT,C1106,2024,Manufacture of malt,Austria
AT,C1393,2022,Manufacture of carpets and rugs,Austria
AT,C1394,2021,"Manufacture of cordage, rope, twine and netting",Austria
AT,C1394,2023,"Manufacture of cordage, rope, twine and netting",Austria
AT,C1395,2021,"Manufacture of non-wovens and articles made from non-wovens, except apparel",Austria
AT,C1395,2022,"Manufacture of non-wovens and articles made from non-wovens, except apparel",Austria
AT,C1395,2023,"Manufacture of non-wovens and articles made from non-wovens, except apparel",Austria
AT,C1431,2021,Manufacture of knitted and crocheted hosiery,Austria
AT,C1431,2022,Manufacture of knitted and crocheted hosiery,Austria
AT,C1431,2023,Manufacture of knitted and crocheted hosiery,Austria
AT,C1431,2024,Manufacture of knitted and crocheted hosiery,Austria
AT,C1439,2021,Manufacture of other knitted and crocheted apparel,Austria
AT,C1439,2022,Manufacture of other knitted and crocheted apparel,Austria
AT,C1439,2023,Manufacture of other knitted and crocheted apparel,Austria
AT,C1439,2024,Manufacture of other knitted and crocheted apparel,Austria
AT,C1711,2021,Manufacture of pulp,Austria
AT,C1711,2022,Manufacture of pulp,Austria
AT,C1711,2023,Manufacture of pulp,Austria
AT,C1712,2021,Manufacture of paper and paperboard,Austria
AT,C1712,2022,Manufacture of paper and paperboard,Austria
AT,C1712,2023,Manufacture of paper and paperboard,Austria
AT,C1722,2024,Manufacture of household and sanitary goods and of toilet requisites,Austria
AT,C1724,2024,Manufacture of wallpaper,Austria
AT,C1811,2021,Printing of newspapers,Austria
AT,C1811,2024,Printing of newspapers,Austria
AT,C1814,2021,Binding and related services,Austria
AT,C1814,2024,Binding and related services,Austria
AT,C1920,2022,Manufacture of refined petroleum products,Austria
AT,C1920,2023,Manufacture of refined petroleum products,Austria
AT,C1920,2024,Manufacture of refined petroleum products,Austria
AT,C2012,2021,Manufacture of dyes and pigments,Austria
AT,C2012,2022,Manufacture of dyes and pigments,Austria
AT,C2012,2023,Manufacture of dyes and pigments,Austria
AT,C2012,2024,Manufacture of dyes and pigments,Austria
AT,C2017,2021,Manufacture of synthetic rubber in primary forms,Austria
AT,C2017,2022,Manufacture of synthetic rubber in primary forms,Austria
AT,C2017,2023,Manufacture of synthetic rubber in primary forms,Austria
AT,C2017,2024,Manufacture of synthetic rubber in primary forms,Austria
AT,C2110,2022,Manufacture of basic pharmaceutical products,Austria
AT,C2110,2023,Manufacture of basic pharmaceutical products,Austria
AT,C2110,2024,Manufacture of basic pharmaceutical products,Austria
AT,C2312,2023,Shaping and processing of flat glass,Austria
AT,C2312,2024,Shaping and processing of flat glass,Austria
AT,C2314,2023,Manufacture of glass fibres,Austria
AT,C2314,2024,Manufacture of glass fibres,Austria
AT,C2342,2021,Manufacture of ceramic sanitary fixtures,Austria
AT,C2342,2022,Manufacture of ceramic sanitary fixtures,Austria
AT,C2342,2023,Manufacture of ceramic sanitary fixtures,Austria
AT,C2342,2024,Manufacture of ceramic sanitary fixtures,Austria
AT,C2343,2021,Manufacture of ceramic insulators and insulating fittings,Austria
AT,C2343,2022,Manufacture of ceramic insulators and insulating fittings,Austria
AT,C2343,2023,Manufacture of ceramic insulators and insulating fittings,Austria
AT,C2343,2024,Manufacture of ceramic insulators and insulating fittings,Austria
AT,C2344,2021,Manufacture of other technical ceramic products,Austria
AT,C2344,2022,Manufacture of other technical ceramic products,Austria
AT,C2344,2023,Manufacture of other technical ceramic products,Austria
AT,C2344,2024,Manufacture of other technical ceramic products,Austria
AT,C2431,2021,Cold drawing of bars,Austria
AT,C2431,2022,Cold drawing of bars,Austria
AT,C2431,2023,Cold drawing of bars,Austria
AT,C2431,2024,Cold drawing of bars,Austria
AT,C2432,2022,Cold rolling of narrow strip,Austria
AT,C2433,2021,Cold forming or folding,Austria
AT,C2433,2023,Cold forming or folding,Austria
AT,C2433,2024,Cold forming or folding,Austria
AT,C2434,2021,Cold drawing of wire,Austria
AT,C2434,2022,Cold drawing of wire,Austria
AT,C2434,2023,Cold drawing of wire,Austria
AT,C2434,2024,Cold drawing of wire,Austria
AT,C2441,2021,Precious metals production,Austria
AT,C2441,2022,Precious metals production,Austria
AT,C2441,2023,Precious metals production,Austria
AT,C2443,2021,"Lead, zinc and tin production",Austria
AT,C2443,2022,"Lead, zinc and tin production",Austria
AT,C2443,2023,"Lead, zinc and tin production",Austria
AT,C2452,2021,Casting of steel,Austria
AT,C2452,2022,Casting of steel,Austria
AT,C2452,2023,Casting of steel,Austria
AT,C2452,2024,Casting of steel,Austria
AT,C2454,2021,Casting of other non-ferrous metals,Austria
AT,C2454,2022,Casting of other non-ferrous metals,Austria
AT,C2454,2023,Casting of other non-ferrous metals,Austria
AT,C2454,2024,Casting of other non-ferrous metals,Austria
AT,C2521,2021,Manufacture of central heating radiators and boilers,Austria
AT,C2521,2022,Manufacture of central heating radiators and boilers,Austria
AT,C2521,2023,Manufacture of central heating radiators and boilers,Austria
AT,C2521,2024,Manufacture of central heating radiators and boilers,Austria
AT,C2530,2021,"Manufacture of steam generators, except central heating hot water boilers",Austria
AT,C2530,2022,"Manufacture of steam generators, except central heating hot water boilers",Austria
AT,C2530,2023,"Manufacture of steam generators, except central heating hot water boilers",Austria
AT,C2530,2024,"Manufacture of steam generators, except central heating hot water boilers",Austria
AT,C2591,2021,Manufacture of steel drums and similar containers,Austria
AT,C2591,2022,Manufacture of steel drums and similar containers,Austria
AT,C2591,2023,Manufacture of steel drums and similar containers,Austria
AT,C2591,2024,Manufacture of steel drums and similar containers,Austria
AT,C2594,2021,Manufacture of fasteners and screw machine products,Austria
AT,C2594,2022,Manufacture of fasteners and screw machine products,Austria
AT,C2594,2023,Manufacture of fasteners and screw machine products,Austria
AT,C2594,2024,Manufacture of fasteners and screw machine products,Austria
AT,C2731,2021,Manufacture of fibre optic cables,Austria
AT,C2731,2022,Manufacture of fibre optic cables,Austria
AT,C2731,2023,Manufacture of fibre optic cables,Austria
AT,C2731,2024,Manufacture of fibre optic cables,Austria
AT,C2733,2021,Manufacture of wiring devices,Austria
AT,C2733,2022,Manufacture of wiring devices,Austria
AT,C2733,2023,Manufacture of wiring devices,Austria
AT,C2733,2024,Manufacture of wiring devices,Austria
AT,C2823,2021,Manufacture of office machinery and equipment (except computers and peripheral equipment),Austria
AT,C2823,2022,Manufacture of office machinery and equipment (except computers and peripheral equipment),Austria
AT,C2823,2023,Manufacture of office machinery and equipment (except computers and peripheral equipment),Austria
AT,C2823,2024,Manufacture of office machinery and equipment (except computers and peripheral equipment),Austria
AT,C2824,2021,Manufacture of power-driven hand tools,Austria
AT,C2824,2022,Manufacture of power-driven hand tools,Austria
AT,C2824,2023,Manufacture of power-driven hand tools,Austria
AT,C2824,2024,Manufacture of power-driven hand tools,Austria
AT,C3020,2021,Manufacture of railway locomotives and rolling stock,Austria
AT,C3020,2022,Manufacture of railway locomotives and rolling stock,Austria
AT,C3020,2023,Manufacture of railway locomotives and rolling stock,Austria
AT,C3020,2024,Manufacture of railway locomotives and rolling stock,Austria
AT,C3030,2022,Manufacture of air and spacecraft and related machinery,Austria
AT,C3030,2023,Manufacture of air and spacecraft and related machinery,Austria
AT,C3030,2024,Manufacture of air and spacecraft and related machinery,Austria
AT,C3040,2021,Manufacture of military fighting vehicles,Austria
AT,C3040,2022,Manufacture of military fighting vehicles,Austria
AT,C3040,2023,Manufacture of military fighting vehicles,Austria
AT,C3040,2024,Manufacture of military fighting vehicles,Austria
AT,C3091,2021,Manufacture of motorcycles,Austria
AT,C3091,2022,Manufacture of motorcycles,Austria
AT,C3091,2023,Manufacture of motorcycles,Austria
AT,C3091,2024,Manufacture of motorcycles,Austria
AT,C3099,2021,Manufacture of other transport equipment n.e.c.,Austria
AT,C3099,2022,Manufacture of other transport equipment n.e.c.,Austria
AT,C3099,2023,Manufacture of other transport equipment n.e.c.,Austria
AT,C3099,2024,Manufacture of other transport equipment n.e.c.,Austria
AT,C3211,2021,Striking of coins,Austria
AT,C3211,2022,Striking of coins,Austria
AT,C3211,2023,Striking of coins,Austria
AT,C3211,2024,Striking of coins,Austria
AT,C3212,2022,Manufacture of jewellery and related articles,Austria
AT,C3212,2023,Manufacture of jewellery and related articles,Austria
AT,C3212,2024,Manufacture of jewellery and related articles,Austria
AT,C3213,2021,Manufacture of imitation jewellery and related articles,Austria
AT,D3512,2022,Transmission of electricity,Austria
AT,D3512,2023,Transmission of electricity,Austria
AT,D3513,2022,Distribution of electricity,Austria
AT,D3513,2023,Distribution of electricity,Austria
AT,D3521,2024,Manufacture of gas,Austria
AT,D3522,2024,Distribution of gaseous fuels through mains,Austria
AT,E3831,2021,Dismantling of wrecks,Austria
AT,E3831,2022,Dismantling of wrecks,Austria
AT,E3831,2023,Dismantling of wrecks,Austria
AT,E3831,2024,Dismantling of wrecks,Austria
AT,E3832,2021,Recovery of sorted materials,Austria
AT,E3832,2022,Recovery of sorted materials,Austria
AT,E3832,2023,Recovery of sorted materials,Austria
AT,E3832,2024,Recovery of sorted materials,Austria
AT,H4910,2021,"Passenger rail transport, interurban",Austria
AT,H4910,2022,"Passenger rail transport, interurban",Austria
AT,H4910,2023,"Passenger rail transport, interurban",Austria
AT,H4910,2024,"Passenger rail transport, interurban",Austria
AT,H4931,2022,Urban and suburban passenger land transport,Austria
AT,H4931,2023,Urban and suburban passenger land transport,Austria
AT,H4931,2024,Urban and suburban passenger land transport,Austria
AT,H4939,2022,Other passenger land transport n.e.c.,Austria
AT,H4939,2023,Other passenger land transport n.e.c.,Austria
AT,H4939,2024,Other passenger land transport n.e.c.,Austria
AT,H4950,2021,Transport via pipeline,Austria
AT,H4950,2022,Transport via pipeline,Austria
AT,H4950,2023,Transport via pipeline,Austria
AT,H4950,2024,Transport via pipeline,Austria
AT,H5030,2022,Inland passenger water transport,Austria
AT,H5030,2023,Inland passenger water transport,Austria
AT,H5030,2024,Inland passenger water transport,Austria
AT,H5040,2022,Inland freight water transport,Austria
AT,H5040,2023,Inland freight water transport,Austria
AT,H5040,2024,Inland freight water transport,Austria
AT,H5310,2021,Postal activities under universal service obligation,Austria
AT,H5310,2022,Postal activities under universal service obligation,Austria
AT,H5310,2023,Postal activities under universal service obligation,Austria
AT,H5310,2024,Postal activities under universal service obligation,Austria
AT,H5320,2021,Other postal and courier activities,Austria
AT,H5320,2022,Other postal and courier activities,Austria
AT,H5320,2023,Other postal and courier activities,Austria
AT,H5320,2024,Other postal and courier activities,Austria
AT,J5821,2022,Publishing of computer games,Austria
AT,J5821,2023,Publishing of computer games,Austria
AT,J5821,2024,Publishing of computer games,Austria
AT,J5829,2022,Other software publishing,Austria
AT,J5829,2023,Other software publishing,Austria
AT,J5829,2024,Other software publishing,Austria
AT,J6120,2024,Wireless telecommunications activities,Austria
AT,J6130,2024,Satellite telecommunications activities,Austria
AT,K6411,2021,Central banking,Austria
AT,K6411,2022,Central banking,Austria
AT,K6411,2023,Central banking,Austria
AT,K6411,2024,Central banking,Austria
AT,K6419,2021,Other monetary intermediation,Austria
AT,K6419,2022,Other monetary intermediation,Austria
AT,K6419,2023,Other monetary intermediation,Austria
AT,K6419,2024,Other monetary intermediation,Austria
AT,K6520,2021,Reinsurance,Austria
AT,K6520,2022,Reinsurance,Austria
AT,K6520,2023,Reinsurance,Austria
AT,K6520,2024,Reinsurance,Austria
AT,K6530,2021,Pension funding,Austria
AT,K6530,2022,Pension funding,Austria
AT,K6530,2023,Pension funding,Austria
AT,K6530,2024,Pension funding,Austria
AT,N7712,2022,Renting and leasing of trucks,Austria
AT,N7721,2022,Renting and leasing of recreational and sports goods,Austria
AT,N7722,2022,Renting of video tapes and disks,Austria
AT,N7722,2023,Renting of video tapes and disks,Austria
AT,N7722,2024,Renting of video tapes and disks,Austria
AT,N7729,2023,Renting and leasing of other personal and household goods,Austria
AT,N7729,2024,Renting and leasing of other personal and household goods,Austria
AT,N7740,2022,"Leasing of intellectual property and similar products, except copyrighted works",Austria
AT,P8541,2021,Post-secondary non-tertiary education,Austria
AT,P8541,2022,Post-secondary non-tertiary education,Austria
AT,P8541,2023,Post-secondary non-tertiary education,Austria
AT,P8542,2021,Tertiary education,Austria
AT,P8542,2022,Tertiary education,Austria
AT,P8542,2023,Tertiary education,Austria
AT,S9521,2021,Repair of consumer electronics,Austria
AT,S9521,2022,Repair of consumer electronics,Austria
AT,S9525,2021,"Repair of watches, clocks and jewellery",Austria
AT,S9525,2022,"Repair of watches, clocks and jewellery",Austria
BA,B0710,2021,Mining of iron ores,Bosnia and Herzegovina
BA,B0710,2022,Mining of iron ores,Bosnia and Herzegovina
BA,B0710,2023,Mining of iron ores,Bosnia and Herzegovina
BA,B0710,2024,Mining of iron ores,Bosnia and Herzegovina
BA,B0729,2021,Mining of other non-ferrous metal ores,Bosnia and Herzegovina
BA,B0729,2022,Mining of other non-ferrous metal ores,Bosnia and Herzegovina
BA,B0729,2023,Mining of other non-ferrous metal ores,Bosnia and Herzegovina
BA,B0729,2024,Mining of other non-ferrous metal ores,Bosnia and Herzegovina
BA,B0892,2021,Extraction of peat,Bosnia and Herzegovina
BA,B0892,2022,Extraction of peat,Bosnia and Herzegovina
BA,B0892,2023,Extraction of peat,Bosnia and Herzegovina
BA,B0892,2024,Extraction of peat,Bosnia and Herzegovina
BA,B0893,2021,Extraction of salt,Bosnia and Herzegovina
BA,B0893,2022,Extraction of salt,Bosnia and Herzegovina
BA,B0893,2023,Extraction of salt,Bosnia and Herzegovina
BA,B0893,2024,Extraction of salt,Bosnia and Herzegovina
BA,B0910,2023,Support activities for petroleum and natural gas extraction,Bosnia and Herzegovina
BA,B0910,2024,Support activities for petroleum and natural gas extraction,Bosnia and Herzegovina
BA,B0990,2023,Support activities for other mining and quarrying,Bosnia and Herzegovina
BA,B0990,2024,Support activities for other mining and quarrying,Bosnia and Herzegovina
BA,C1012,2021,Processing and preserving of poultry meat,Bosnia and Herzegovina
BA,C1012,2022,Processing and preserving of poultry meat,Bosnia and Herzegovina
BA,C1012,2023,Processing and preserving of poultry meat,Bosnia and Herzegovina
BA,C1012,2024,Processing and preserving of poultry meat,Bosnia and Herzegovina
BA,C1013,2021,Production of meat and poultry meat products,Bosnia and Herzegovina
BA,C1013,2022,Production of meat and poultry meat products,Bosnia and Herzegovina
BA,C1013,2023,Production of meat and poultry meat products,Bosnia and Herzegovina
BA,C1013,2024,Production of meat and poultry meat products,Bosnia and Herzegovina
BA,C1020,2021,"Processing and preserving of fish, crustaceans and molluscs",Bosnia and Herzegovina
BA,C1020,2022,"Processing and preserving of fish, crustaceans and molluscs",Bosnia and Herzegovina
BA,C1020,2023,"Processing and preserving of fish, crustaceans and molluscs",Bosnia and Herzegovina
BA,C1020,2024,"Processing and preserving of fish, crustaceans and molluscs",Bosnia and Herzegovina
BA,C1041,2021,Manufacture of oils and fats,Bosnia and Herzegovina
BA,C1041,2022,Manufacture of oils and fats,Bosnia and Herzegovina
BA,C1041,2023,Manufacture of oils and fats,Bosnia and Herzegovina
BA,C1041,2024,Manufacture of oils and fats,Bosnia and Herzegovina
BA,C1042,2024,Manufacture of margarine and similar edible fats,Bosnia and Herzegovina
BA,C1061,2021,Manufacture of grain mill products,Bosnia and Herzegovina
BA,C1061,2022,Manufacture of grain mill products,Bosnia and Herzegovina
BA,C1061,2023,Manufacture of grain mill products,Bosnia and Herzegovina
BA,C1061,2024,Manufacture of grain mill products,Bosnia and Herzegovina
BA,C1062,2021,Manufacture of starches and starch products,Bosnia and Herzegovina
BA,C1062,2022,Manufacture of starches and starch products,Bosnia and Herzegovina
BA,C1062,2023,Manufacture of starches and starch products,Bosnia and Herzegovina
BA,C1062,2024,Manufacture of starches and starch products,Bosnia and Herzegovina
BA,C1081,2021,Manufacture of sugar,Bosnia and Herzegovina
BA,C1081,2022,Manufacture of sugar,Bosnia and Herzegovina
BA,C1081,2023,Manufacture of sugar,Bosnia and Herzegovina
BA,C1081,2024,Manufacture of sugar,Bosnia and Herzegovina
BA,C1082,2021,"Manufacture of cocoa, chocolate and sugar confectionery",Bosnia and Herzegovina
BA,C1082,2022,"Manufacture of cocoa, chocolate and sugar confectionery",Bosnia and Herzegovina
BA,C1082,2023,"Manufacture of cocoa, chocolate and sugar confectionery",Bosnia and Herzegovina
BA,C1082,2024,"Manufacture of cocoa, chocolate and sugar confectionery",Bosnia and Herzegovina
BA,C1084,2021,Manufacture of condiments and seasonings,Bosnia and Herzegovina
BA,C1084,2022,Manufacture of condiments and seasonings,Bosnia and Herzegovina
BA,C1084,2023,Manufacture of condiments and seasonings,Bosnia and Herzegovina
BA,C1084,2024,Manufacture of condiments and seasonings,Bosnia and Herzegovina
BA,C1091,2021,Manufacture of prepared feeds for farm animals,Bosnia and Herzegovina
BA,C1091,2022,Manufacture of prepared feeds for farm animals,Bosnia and Herzegovina
BA,C1091,2023,Manufacture of prepared feeds for farm animals,Bosnia and Herzegovina
BA,C1092,2021,Manufacture of prepared pet foods,Bosnia and Herzegovina
BA,C1092,2022,Manufacture of prepared pet foods,Bosnia and Herzegovina
BA,C1092,2023,Manufacture of prepared pet foods,Bosnia and Herzegovina
BA,C1103,2021,Manufacture of cider and other fruit wines,Bosnia and Herzegovina
BA,C1103,2022,Manufacture of cider and other fruit wines,Bosnia and Herzegovina
BA,C1103,2023,Manufacture of cider and other fruit wines,Bosnia and Herzegovina
BA,C1103,2024,Manufacture of cider and other fruit wines,Bosnia and Herzegovina
BA,C1104,2021,Manufacture of other non-distilled fermented beverages,Bosnia and Herzegovina
BA,C1104,2022,Manufacture of other non-distilled fermented beverages,Bosnia and Herzegovina
BA,C1104,2023,Manufacture of other non-distilled fermented beverages,Bosnia and Herzegovina
BA,C1104,2024,Manufacture of other non-distilled fermented beverages,Bosnia and Herzegovina
BA,C1200,2021,Manufacture of tobacco products,Bosnia and Herzegovina
BA,C1200,2022,Manufacture of tobacco products,Bosnia and Herzegovina
BA,C1200,2023,Manufacture of tobacco products,Bosnia and Herzegovina
BA,C1200,2024,Manufacture of tobacco products,Bosnia and Herzegovina
BA,C1310,2021,Preparation and spinning of textile fibres,Bosnia and Herzegovina
BA,C1310,2022,Preparation and spinning of textile fibres,Bosnia and Herzegovina
BA,C1310,2023,Preparation and spinning of textile fibres,Bosnia and Herzegovina
BA,C1310,2024,Preparation and spinning of textile fibres,Bosnia and Herzegovina
BA,C1330,2021,Finishing of textiles,Bosnia and Herzegovina
BA,C1330,2022,Finishing of textiles,Bosnia and Herzegovina
BA,C1330,2023,Finishing of textiles,Bosnia and Herzegovina
BA,C1330,2024,Finishing of textiles,Bosnia and Herzegovina
BA,C1391,2021,Manufacture of knitted and crocheted fabrics,Bosnia and Herzegovina
BA,C1391,2022,Manufacture of knitted and crocheted fabrics,Bosnia and Herzegovina
BA,C1391,2023,Manufacture of knitted and crocheted fabrics,Bosnia and Herzegovina
BA,C1391,2024,Manufacture of knitted and crocheted fabrics,Bosnia and Herzegovina
BA,C1395,2021,"Manufacture of non-wovens and articles made from non-wovens, except apparel",Bosnia and Herzegovina
BA,C1395,2022,"Manufacture of non-wovens and articles made from non-wovens, except apparel",Bosnia and Herzegovina
BA,C1395,2023,"Manufacture of non-wovens and articles made from non-wovens, except apparel",Bosnia and Herzegovina
BA,C1395,2024,"Manufacture of non-wovens and articles made from non-wovens, except apparel",Bosnia and Herzegovina
BA,C1722,2021,Manufacture of household and sanitary goods and of toilet requisites,Bosnia and Herzegovina
BA,C1722,2022,Manufacture of household and sanitary goods and of toilet requisites,Bosnia and Herzegovina
BA,C1722,2023,Manufacture of household and sanitary goods and of toilet requisites,Bosnia and Herzegovina
BA,C1722,2024,Manufacture of household and sanitary goods and of toilet requisites,Bosnia and Herzegovina
BA,C1723,2021,Manufacture of paper stationery,Bosnia and Herzegovina
BA,C1723,2022,Manufacture of paper stationery,Bosnia and Herzegovina
BA,C1723,2023,Manufacture of paper stationery,Bosnia and Herzegovina
BA,C1723,2024,Manufacture of paper stationery,Bosnia and Herzegovina
BA,C1811,2024,Printing of newspapers,Bosnia and Herzegovina
BA,C1820,2024,Reproduction of recorded media,Bosnia and Herzegovina
BA,C1910,2021,Manufacture of coke oven products,Bosnia and Herzegovina
BA,C1910,2022,Manufacture of coke oven products,Bosnia and Herzegovina
BA,C1910,2023,Manufacture of coke oven products,Bosnia and Herzegovina
BA,C1910,2024,Manufacture of coke oven products,Bosnia and Herzegovina
BA,C2012,2021,Manufacture of dyes and pigments,Bosnia and Herzegovina
BA,C2012,2022,Manufacture of dyes and pigments,Bosnia and Herzegovina
BA,C2012,2023,Manufacture of dyes and pigments,Bosnia and Herzegovina
BA,C2012,2024,Manufacture of dyes and pigments,Bosnia and Herzegovina
BA,C2013,2021,Manufacture of other inorganic basic chemicals,Bosnia and Herzegovina
BA,C2013,2022,Manufacture of other inorganic basic chemicals,Bosnia and Herzegovina
BA,C2013,2023,Manufacture of other inorganic basic chemicals,Bosnia and Herzegovina
BA,C2013,2024,Manufacture of other inorganic basic chemicals,Bosnia and Herzegovina
BA,C2014,2022,Manufacture of other organic basic chemicals,Bosnia and Herzegovina
BA,C2014,2023,Manufacture of other organic basic chemicals,Bosnia and Herzegovina
BA,C2014,2024,Manufacture of other organic basic chemicals,Bosnia and Herzegovina
BA,C2020,2021,Manufacture of pesticides and other agrochemical products,Bosnia and Herzegovina
BA,C2020,2022,Manufacture of pesticides and other agrochemical products,Bosnia and Herzegovina
BA,C2020,2023,Manufacture of pesticides and other agrochemical products,Bosnia and Herzegovina
BA,C2020,2024,Manufacture of pesticides and other agrochemical products,Bosnia and Herzegovina
BA,C2030,2021,"Manufacture of paints, varnishes and similar coatings, printing ink and mastics",Bosnia and Herzegovina
BA,C2030,2022,"Manufacture of paints, varnishes and similar coatings, printing ink and mastics",Bosnia and Herzegovina
BA,C2030,2023,"Manufacture of paints, varnishes and similar coatings, printing ink and mastics",Bosnia and Herzegovina
BA,C2030,2024,"Manufacture of paints, varnishes and similar coatings, printing ink and mastics",Bosnia and Herzegovina
BA,C2110,2021,Manufacture of basic pharmaceutical products,Bosnia and Herzegovina
BA,C2110,2022,Manufacture of basic pharmaceutical products,Bosnia and Herzegovina
BA,C2110,2023,Manufacture of basic pharmaceutical products,Bosnia and Herzegovina
BA,C2110,2024,Manufacture of basic pharmaceutical products,Bosnia and Herzegovina
BA,C2120,2021,Manufacture of pharmaceutical preparations,Bosnia and Herzegovina
BA,C2120,2022,Manufacture of pharmaceutical preparations,Bosnia and Herzegovina
BA,C2120,2023,Manufacture of pharmaceutical preparations,Bosnia and Herzegovina
BA,C2120,2024,Manufacture of pharmaceutical preparations,Bosnia and Herzegovina
BA,C2313,2021,Manufacture of hollow glass,Bosnia and Herzegovina
BA,C2313,2022,Manufacture of hollow glass,Bosnia and Herzegovina
BA,C2313,2023,Manufacture of hollow glass,Bosnia and Herzegovina
BA,C2313,2024,Manufacture of hollow glass,Bosnia and Herzegovina
BA,C2314,2021,Manufacture of glass fibres,Bosnia and Herzegovina
BA,C2314,2022,Manufacture of glass fibres,Bosnia and Herzegovina
BA,C2314,2023,Manufacture of glass fibres,Bosnia and Herzegovina
BA,C2314,2024,Manufacture of glass fibres,Bosnia and Herzegovina
BA,C2342,2021,Manufacture of ceramic sanitary fixtures,Bosnia and Herzegovina
BA,C2342,2022,Manufacture of ceramic sanitary fixtures,Bosnia and Herzegovina
BA,C2342,2023,Manufacture of ceramic sanitary fixtures,Bosnia and Herzegovina
BA,C2342,2024,Manufacture of ceramic sanitary fixtures,Bosnia and Herzegovina
BA,C2349,2021,Manufacture of other ceramic products,Bosnia and Herzegovina
BA,C2349,2022,Manufacture of other ceramic products,Bosnia and Herzegovina
BA,C2349,2023,Manufacture of other ceramic products,Bosnia and Herzegovina
BA,C2349,2024,Manufacture of other ceramic products,Bosnia and Herzegovina
BA,C2351,2021,Manufacture of cement,Bosnia and Herzegovina
BA,C2352,2021,Manufacture of lime and plaster,Bosnia and Herzegovina
BA,C2362,2022,Manufacture of plaster products for construction purposes,Bosnia and Herzegovina
BA,C2362,2023,Manufacture of plaster products for construction purposes,Bosnia and Herzegovina
BA,C2362,2024,Manufacture of plaster products for construction purposes,Bosnia and Herzegovina
BA,C2364,2022,Manufacture of mortars,Bosnia and Herzegovina
BA,C2364,2023,Manufacture of mortars,Bosnia and Herzegovina
BA,C2364,2024,Manufacture of mortars,Bosnia and Herzegovina
BA,C2410,2021,Manufacture of basic iron and steel and of ferro-alloys,Bosnia and Herzegovina
BA,C2410,2023,Manufacture of basic iron and steel and of ferro-alloys,Bosnia and Herzegovina
BA,C2410,2024,Manufacture of basic iron and steel and of ferro-alloys,Bosnia and Herzegovina
BA,C2420,2021,"Manufacture of tubes, pipes, hollow profiles and related fittings, of steel",Bosnia and Herzegovina
BA,C2420,2022,"Manufacture of tubes, pipes, hollow profiles and related fittings, of steel",Bosnia and Herzegovina
BA,C2420,2023,"Manufacture of tubes, pipes, hollow profiles and related fittings, of steel",Bosnia and Herzegovina
BA,C2420,2024,"Manufacture of tubes, pipes, hollow profiles and related fittings, of steel",Bosnia and Herzegovina
BA,C2433,2021,Cold forming or folding,Bosnia and Herzegovina
BA,C2433,2024,Cold forming or folding,Bosnia and Herzegovina
BA,C2434,2021,Cold drawing of wire,Bosnia and Herzegovina
BA,C2434,2024,Cold drawing of wire,Bosnia and Herzegovina
BA,C2441,2021,Precious metals production,Bosnia and Herzegovina
BA,C2441,2022,Precious metals production,Bosnia and Herzegovina
BA,C2441,2023,Precious metals production,Bosnia and Herzegovina
BA,C2441,2024,Precious metals production,Bosnia and Herzegovina
BA,C2445,2021,Other non-ferrous metal production,Bosnia and Herzegovina
BA,C2445,2022,Other non-ferrous metal production,Bosnia and Herzegovina
BA,C2445,2023,Other non-ferrous metal production,Bosnia and Herzegovina
BA,C2445,2024,Other non-ferrous metal production,Bosnia and Herzegovina
BA,C2451,2021,Casting of iron,Bosnia and Herzegovina
BA,C2451,2022,Casting of iron,Bosnia and Herzegovina
BA,C2451,2023,Casting of iron,Bosnia and Herzegovina
BA,C2451,2024,Casting of iron,Bosnia and Herzegovina
BA,C2452,2022,Casting of steel,Bosnia and Herzegovina
BA,C2452,2024,Casting of steel,Bosnia and Herzegovina
BA,C2454,2021,Casting of other non-ferrous metals,Bosnia and Herzegovina
BA,C2454,2022,Casting of other non-ferrous metals,Bosnia and Herzegovina
BA,C2454,2023,Casting of other non-ferrous metals,Bosnia and Herzegovina
BA,C2571,2021,Manufacture of cutlery,Bosnia and Herzegovina
BA,C2571,2022,Manufacture of cutlery,Bosnia and Herzegovina
BA,C2571,2023,Manufacture of cutlery,Bosnia and Herzegovina
BA,C2571,2024,Manufacture of cutlery,Bosnia and Herzegovina
BA,C2572,2021,Manufacture of locks and hinges,Bosnia and Herzegovina
BA,C2572,2022,Manufacture of locks and hinges,Bosnia and Herzegovina
BA,C2572,2023,Manufacture of locks and hinges,Bosnia and Herzegovina
BA,C2572,2024,Manufacture of locks and hinges,Bosnia and Herzegovina
BA,C2591,2021,Manufacture of steel drums and similar containers,Bosnia and Herzegovina
BA,C2591,2022,Manufacture of steel drums and similar containers,Bosnia and Herzegovina
BA,C2591,2023,Manufacture of steel drums and similar containers,Bosnia and Herzegovina
BA,C2591,2024,Manufacture of steel drums and similar containers,Bosnia and Herzegovina
BA,C2592,2021,Manufacture of light metal packaging,Bosnia and Herzegovina
BA,C2592,2022,Manufacture of light metal packaging,Bosnia and Herzegovina
BA,C2592,2023,Manufacture of light metal packaging,Bosnia and Herzegovina
BA,C2592,2024,Manufacture of light metal packaging,Bosnia and Herzegovina
BA,C2611,2021,Manufacture of electronic components,Bosnia and Herzegovina
BA,C2612,2021,Manufacture of loaded electronic boards,Bosnia and Herzegovina
BA,C2612,2022,Manufacture of loaded electronic boards,Bosnia and Herzegovina
BA,C2612,2023,Manufacture of loaded electronic boards,Bosnia and Herzegovina
BA,C2612,2024,Manufacture of loaded electronic boards,Bosnia and Herzegovina
BA,C2630,2021,Manufacture of communication equipment,Bosnia and Herzegovina
BA,C2630,2022,Manufacture of communication equipment,Bosnia and Herzegovina
BA,C2640,2023,Manufacture of consumer electronics,Bosnia and Herzegovina
BA,C2640,2024,Manufacture of consumer electronics,Bosnia and Herzegovina
BA,C2660,2021,"Manufacture of irradiation, electromedical and electrotherapeutic equipment",Bosnia and Herzegovina
BA,C2660,2022,"Manufacture of irradiation, electromedical and electrotherapeutic equipment",Bosnia and Herzegovina
BA,C2660,2023,"Manufacture of irradiation, electromedical and electrotherapeutic equipment",Bosnia and Herzegovina
BA,C2660,2024,"Manufacture of irradiation, electromedical and electrotherapeutic equipment",Bosnia and Herzegovina
BA,C2731,2021,Manufacture of fibre optic cables,Bosnia and Herzegovina
BA,C2731,2022,Manufacture of fibre optic cables,Bosnia and Herzegovina
BA,C2731,2023,Manufacture of fibre optic cables,Bosnia and Herzegovina
BA,C2731,2024,Manufacture of fibre optic cables,Bosnia and Herzegovina
BA,C2733,2021,Manufacture of wiring devices,Bosnia and Herzegovina
BA,C2733,2022,Manufacture of wiring devices,Bosnia and Herzegovina
BA,C2733,2023,Manufacture of wiring devices,Bosnia and Herzegovina
BA,C2733,2024,Manufacture of wiring devices,Bosnia and Herzegovina
BA,C2751,2021,Manufacture of electric domestic appliances,Bosnia and Herzegovina
BA,C2751,2022,Manufacture of electric domestic appliances,Bosnia and Herzegovina
BA,C2751,2023,Manufacture of electric domestic appliances,Bosnia and Herzegovina
BA,C2751,2024,Manufacture of electric domestic appliances,Bosnia and Herzegovina
BA,C2752,2021,Manufacture of non-electric domestic appliances,Bosnia and Herzegovina
BA,C2752,2022,Manufacture of non-electric domestic appliances,Bosnia and Herzegovina
BA,C2752,2023,Manufacture of non-electric domestic appliances,Bosnia and Herzegovina
BA,C2752,2024,Manufacture of non-electric domestic appliances,Bosnia and Herzegovina
BA,C2811,2021,"Manufacture of engines and turbines, except aircraft, vehicle and cycle engines",Bosnia and Herzegovina
BA,C2811,2022,"Manufacture of engines and turbines, except aircraft, vehicle and cycle engines",Bosnia and Herzegovina
BA,C2811,2023,"Manufacture of engines and turbines, except aircraft, vehicle and cycle engines",Bosnia and Herzegovina
BA,C2811,2024,"Manufacture of engines and turbines, except aircraft, vehicle and cycle engines",Bosnia and Herzegovina
BA,C2812,2021,Manufacture of fluid power equipment,Bosnia and Herzegovina
BA,C2812,2022,Manufacture of fluid power equipment,Bosnia and Herzegovina
BA,C2812,2023,Manufacture of fluid power equipment,Bosnia and Herzegovina
BA,C2812,2024,Manufacture of fluid power equipment,Bosnia and Herzegovina
BA,C2813,2021,Manufacture of other pumps and compressors,Bosnia and Herzegovina
BA,C2813,2022,Manufacture of other pumps and compressors,Bosnia and Herzegovina
BA,C2813,2023,Manufacture of other pumps and compressors,Bosnia and Herzegovina
BA,C2813,2024,Manufacture of other pumps and compressors,Bosnia and Herzegovina
BA,C2821,2021,"Manufacture of ovens, furnaces and furnace burners",Bosnia and Herzegovina
BA,C2821,2022,"Manufacture of ovens, furnaces and furnace burners",Bosnia and Herzegovina
BA,C2821,2023,"Manufacture of ovens, furnaces and furnace burners",Bosnia and Herzegovina
BA,C2821,2024,"Manufacture of ovens, furnaces and furnace burners",Bosnia and Herzegovina
BA,C2823,2021,Manufacture of office machinery and equipment (except computers and peripheral equipment),Bosnia and Herzegovina
BA,C2823,2022,Manufacture of office machinery and equipment (except computers and peripheral equipment),Bosnia and Herzegovina
BA,C2823,2023,Manufacture of office machinery and equipment (except computers and peripheral equipment),Bosnia and Herzegovina
BA,C2823,2024,Manufacture of office machinery and equipment (except computers and peripheral equipment),Bosnia and Herzegovina
BA,C2895,2021,Manufacture of machinery for paper and paperboard production,Bosnia and Herzegovina
BA,C2895,2023,Manufacture of machinery for paper and paperboard production,Bosnia and Herzegovina
BA,C2895,2024,Manufacture of machinery for paper and paperboard production,Bosnia and Herzegovina
BA,C2896,2023,Manufacture of plastics and rubber machinery,Bosnia and Herzegovina
BA,C2896,2024,Manufacture of plastics and rubber machinery,Bosnia and Herzegovina
BA,C2899,2021,Manufacture of other special-purpose machinery n.e.c.,Bosnia and Herzegovina
BA,C2910,2021,Manufacture of motor vehicles,Bosnia and Herzegovina
BA,C2910,2022,Manufacture of motor vehicles,Bosnia and Herzegovina
BA,C2920,2021,Manufacture of bodies (coachwork) for motor vehicles; manufacture of trailers and semi-trailers,Bosnia and Herzegovina
BA,C2920,2022,Manufacture of bodies (coachwork) for motor vehicles; manufacture of trailers and semi-trailers,Bosnia and Herzegovina
BA,C2931,2021,Manufacture of electrical and electronic equipment for motor vehicles,Bosnia and Herzegovina
BA,C2931,2022,Manufacture of electrical and electronic equipment for motor vehicles,Bosnia and Herzegovina
BA,C2931,2023,Manufacture of electrical and electronic equipment for motor vehicles,Bosnia and Herzegovina
BA,C2931,2024,Manufacture of electrical and electronic equipment for motor vehicles,Bosnia and Herzegovina
BA,C2932,2021,Manufacture of other parts and accessories for motor vehicles,Bosnia and Herzegovina
BA,C2932,2022,Manufacture of other parts and accessories for motor vehicles,Bosnia and Herzegovina
BA,C2932,2023,Manufacture of other parts and accessories for motor vehicles,Bosnia and Herzegovina
BA,C2932,2024,Manufacture of other parts and accessories for motor vehicles,Bosnia and Herzegovina
BA,C3011,2021,Building of ships and floating structures,Bosnia and Herzegovina
BA,C3011,2022,Building of ships and floating structures,Bosnia and Herzegovina
BA,C3011,2023,Building of ships and floating structures,Bosnia and Herzegovina
BA,C3011,2024,Building of ships and floating structures,Bosnia and Herzegovina
BA,C3012,2021,Building of pleasure and sporting boats,Bosnia and Herzegovina
BA,C3012,2022,Building of pleasure and sporting boats,Bosnia and Herzegovina
BA,C3012,2023,Building of pleasure and sporting boats,Bosnia and Herzegovina
BA,C3012,2024,Building of pleasure and sporting boats,Bosnia and Herzegovina
BA,C3020,2022,Manufacture of railway locomotives and rolling stock,Bosnia and Herzegovina
BA,C3020,2023,Manufacture of railway locomotives and rolling stock,Bosnia and Herzegovina
BA,C3020,2024,Manufacture of railway locomotives and rolling stock,Bosnia and Herzegovina
BA,C3030,2021,Manufacture of air and spacecraft and related machinery,Bosnia and Herzegovina
BA,C3030,2022,Manufacture of air and spacecraft and related machinery,Bosnia and Herzegovina
BA,C3030,2023,Manufacture of air and spacecraft and related machinery,Bosnia and Herzegovina
BA,C3030,2024,Manufacture of air and spacecraft and related machinery,Bosnia and Herzegovina
BA,C3091,2021,Manufacture of motorcycles,Bosnia and Herzegovina
BA,C3091,2022,Manufacture of motorcycles,Bosnia and Herzegovina
BA,C3091,2023,Manufacture of motorcycles,Bosnia and Herzegovina
BA,C3091,2024,Manufacture of motorcycles,Bosnia and Herzegovina
BA,C3092,2021,Manufacture of bicycles and invalid carriages,Bosnia and Herzegovina
BA,C3092,2022,Manufacture of bicycles and invalid carriages,Bosnia and Herzegovina
BA,C3092,2023,Manufacture of bicycles and invalid carriages,Bosnia and Herzegovina
BA,C3092,2024,Manufacture of bicycles and invalid carriages,Bosnia and Herzegovina
BA,C3220,2021,Manufacture of musical instruments,Bosnia and Herzegovina
BA,C3220,2022,Manufacture of musical instruments,Bosnia and Herzegovina
BA,C3220,2023,Manufacture of musical instruments,Bosnia and Herzegovina
BA,C3220,2024,Manufacture of musical instruments,Bosnia and Herzegovina
BA,C3230,2021,Manufacture of sports goods,Bosnia and Herzegovina
BA,C3230,2022,Manufacture of sports goods,Bosnia and Herzegovina
BA,C3230,2023,Manufacture of sports goods,Bosnia and Herzegovina
BA,C3230,2024,Manufacture of sports goods,Bosnia and Herzegovina
BA,C3250,2021,Manufacture of medical and dental instruments and supplies,Bosnia and Herzegovina
BA,C3250,2022,Manufacture of medical and dental instruments and supplies,Bosnia and Herzegovina
BA,C3250,2023,Manufacture of medical and dental instruments and supplies,Bosnia and Herzegovina
BA,C3315,2021,Repair and maintenance of ships and boats,Bosnia and Herzegovina
BA,C3315,2022,Repair and maintenance of ships and boats,Bosnia and Herzegovina
BA,C3315,2023,Repair and maintenance of ships and boats,Bosnia and Herzegovina
BA,C3315,2024,Repair and maintenance of ships and boats,Bosnia and Herzegovina
BA,C3316,2021,Repair and maintenance of aircraft and spacecraft,Bosnia and Herzegovina
BA,C3316,2022,Repair and maintenance of aircraft and spacecraft,Bosnia and Herzegovina
BA,C3316,2023,Repair and maintenance of aircraft and spacecraft,Bosnia and Herzegovina
BA,C3316,2024,Repair and maintenance of aircraft and spacecraft,Bosnia and Herzegovina
BA,C3317,2021,Repair and maintenance of other transport equipment,Bosnia and Herzegovina
BA,C3317,2022,Repair and maintenance of other transport equipment,Bosnia and Herzegovina
BA,D3512,2021,Transmission of electricity,Bosnia and Herzegovina
BA,D3512,2022,Transmission of electricity,Bosnia and Herzegovina
BA,D3512,2023,Transmission of electricity,Bosnia and Herzegovina
BA,D3512,2024,Transmission of electricity,Bosnia and Herzegovina
BA,D3513,2021,Distribution of electricity,Bosnia and Herzegovina
BA,D3513,2022,Distribution of electricity,Bosnia and Herzegovina
BA,D3514,2023,Trade of electricity,Bosnia and Herzegovina
BA,D3514,2024,Trade of electricity,Bosnia and Herzegovina
BA,D3522,2021,Distribution of gaseous fuels through mains,Bosnia and Herzegovina
BA,D3522,2022,Distribution of gaseous fuels through mains,Bosnia and Herzegovina
BA,D3522,2023,Distribution of gaseous fuels through mains,Bosnia and Herzegovina
BA,D3522,2024,Distribution of gaseous fuels through mains,Bosnia and Herzegovina
BA,D3523,2022,Trade of gas through mains,Bosnia and Herzegovina
BA,D3523,2023,Trade of gas through mains,Bosnia and Herzegovina
BA,D3523,2024,Trade of gas through mains,Bosnia and Herzegovina
BA,D3530,2021,Steam and air conditioning supply,Bosnia and Herzegovina
BA,D3530,2022,Steam and air conditioning supply,Bosnia and Herzegovina
BA,D3530,2023,Steam and air conditioning supply,Bosnia and Herzegovina
BA,D3530,2024,Steam and air conditioning supply,Bosnia and Herzegovina
BA,G4615,2021,"Agents involved in the sale of furniture, household goods, hardware and ironmongery",Bosnia and Herzegovina
BA,G4615,2022,"Agents involved in the sale of furniture, household goods, hardware and ironmongery",Bosnia and Herzegovina
BA,G4615,2023,"Agents involved in the sale of furniture, household goods, hardware and ironmongery",Bosnia and Herzegovina
BA,G4617,2021,"Agents involved in the sale of food, beverages and tobacco",Bosnia and Herzegovina
BA,G4617,2022,"Agents involved in the sale of food, beverages and tobacco",Bosnia and Herzegovina
BA,G4617,2023,"Agents involved in the sale of food, beverages and tobacco",Bosnia and Herzegovina
BA,H4920,2021,Freight rail transport,Bosnia and Herzegovina
BA,H4920,2022,Freight rail transport,Bosnia and Herzegovina
BA,H4920,2023,Freight rail transport,Bosnia and Herzegovina
BA,H4920,2024,Freight rail transport,Bosnia and Herzegovina
BA,H4932,2022,Taxi operation,Bosnia and Herzegovina
BA,H4939,2022,Other passenger land transport n.e.c.,Bosnia and Herzegovina
BA,H4941,2022,Freight transport by road,Bosnia and Herzegovina
BA,H4941,2023,Freight transport by road,Bosnia and Herzegovina
BA,H4941,2024,Freight transport by road,Bosnia and Herzegovina
BA,H4942,2022,Removal services,Bosnia and Herzegovina
BA,H4942,2023,Removal services,Bosnia and Herzegovina
BA,H4942,2024,Removal services,Bosnia and Herzegovina
BA,H4950,2021,Transport via pipeline,Bosnia and Herzegovina
BA,H4950,2022,Transport via pipeline,Bosnia and Herzegovina
BA,H4950,2023,Transport via pipeline,Bosnia and Herzegovina
BA,H4950,2024,Transport via pipeline,Bosnia and Herzegovina
BA,H5010,2021,Sea and coastal passenger water transport,Bosnia and Herzegovina
BA,H5010,2023,Sea and coastal passenger water transport,Bosnia and Herzegovina
BA,H5020,2023,Sea and coastal freight water transport,Bosnia and Herzegovina
BA,H5020,2024,Sea and coastal freight water transport,Bosnia and Herzegovina
BA,H5030,2021,Inland passenger water transport,Bosnia and Herzegovina
BA,H5030,2022,Inland passenger water transport,Bosnia and Herzegovina
BA,H5030,2023,Inland passenger water transport,Bosnia and Herzegovina
BA,H5110,2021,Passenger air transport,Bosnia and Herzegovina
BA,H5110,2022,Passenger air transport,Bosnia and Herzegovina
BA,H5110,2023,Passenger air transport,Bosnia and Herzegovina
BA,H5121,2021,Freight air transport,Bosnia and Herzegovina
BA,H5121,2022,Freight air transport,Bosnia and Herzegovina
BA,H5121,2023,Freight air transport,Bosnia and Herzegovina
BA,H5121,2024,Freight air transport,Bosnia and Herzegovina
BA,H5223,2022,Service activities incidental to air transportation,Bosnia and Herzegovina
BA,H5223,2023,Service activities incidental to air transportation,Bosnia and Herzegovina
BA,H5223,2024,Service activities incidental to air transportation,Bosnia and Herzegovina
BA,H5224,2022,Cargo handling,Bosnia and Herzegovina
BA,H5224,2023,Cargo handling,Bosnia and Herzegovina
BA,H5224,2024,Cargo handling,Bosnia and Herzegovina
BA,H5310,2021,Postal activities under universal service obligation,Bosnia and Herzegovina
BA,H5310,2022,Postal activities under universal service obligation,Bosnia and Herzegovina
BA,H5310,2023,Postal activities under universal service obligation,Bosnia and Herzegovina
BA,H5320,2021,Other postal and courier activities,Bosnia and Herzegovina
BA,H5320,2022,Other postal and courier activities,Bosnia and Herzegovina
BA,H5320,2023,Other postal and courier activities,Bosnia and Herzegovina
BA,I5510,2022,Hotels and similar accommodation,Bosnia and Herzegovina
BA,I5510,2023,Hotels and similar accommodation,Bosnia and Herzegovina
BA,I5510,2024,Hotels and similar accommodation,Bosnia and Herzegovina
BA,I5530,2021,"Camping grounds, recreational vehicle parks and trailer parks",Bosnia and Herzegovina
BA,I5530,2022,"Camping grounds, recreational vehicle parks and trailer parks",Bosnia and Herzegovina
BA,I5530,2023,"Camping grounds, recreational vehicle parks and trailer parks",Bosnia and Herzegovina
BA,I5530,2024,"Camping grounds, recreational vehicle parks and trailer parks",Bosnia and Herzegovina
BA,I5590,2021,Other accommodation,Bosnia and Herzegovina
BA,I5590,2022,Other accommodation,Bosnia and Herzegovina
BA,J5812,2021,Publishing of directories and mailing lists,Bosnia and Herzegovina
BA,J5812,2022,Publishing of directories and mailing lists,Bosnia and Herzegovina
BA,J5812,2023,Publishing of directories and mailing lists,Bosnia and Herzegovina
BA,J5812,2024,Publishing of directories and mailing lists,Bosnia and Herzegovina
BA,J5813,2021,Publishing of newspapers,Bosnia and Herzegovina
BA,J5813,2024,Publishing of newspapers,Bosnia and Herzegovina
BA,J5814,2021,Publishing of journals and periodicals,Bosnia and Herzegovina
BA,J5814,2024,Publishing of journals and periodicals,Bosnia and Herzegovina
BA,J5819,2022,Other publishing activities,Bosnia and Herzegovina
BA,J5819,2023,Other publishing activities,Bosnia and Herzegovina
BA,J5912,2022,"Motion picture, video and television programme post-production activities",Bosnia and Herzegovina
BA,J5913,2022,"Motion picture, video and television programme distribution activities",Bosnia and Herzegovina
BA,J6120,2021,Wireless telecommunications activities,Bosnia and Herzegovina
BA,J6120,2022,Wireless telecommunications activities,Bosnia and Herzegovina
BA,J6120,2023,Wireless telecommunications activities,Bosnia and Herzegovina
BA,J6130,2021,Satellite telecommunications activities,Bosnia and Herzegovina
BA,J6130,2022,Satellite telecommunications activities,Bosnia and Herzegovina
BA,J6130,2023,Satellite telecommunications activities,Bosnia and Herzegovina
BA,M7211,2021,Research and experimental development on biotechnology,Bosnia and Herzegovina
BA,M7211,2022,Research and experimental development on biotechnology,Bosnia and Herzegovina
BA,M7211,2023,Research and experimental development on biotechnology,Bosnia and Herzegovina
BA,M7211,2024,Research and experimental development on biotechnology,Bosnia and Herzegovina
BA,M7219,2021,Other research and experimental development on natural sciences and engineering,Bosnia and Herzegovina
BA,M7219,2022,Other research and experimental development on natural sciences and engineering,Bosnia and Herzegovina
BA,M7219,2023,Other research and experimental development on natural sciences and engineering,Bosnia and Herzegovina
BA,M7219,2024,Other research and experimental development on natural sciences and engineering,Bosnia and Herzegovina
BA,N7711,2022,Renting and leasing of cars and light motor vehicles,Bosnia and Herzegovina
BA,N7711,2023,Renting and leasing of cars and light motor vehicles,Bosnia and Herzegovina
BA,N7712,2022,Renting and leasing of trucks,Bosnia and Herzegovina
BA,N7712,2023,Renting and leasing of trucks,Bosnia and Herzegovina
BA,N7731,2021,Renting and leasing of agricultural machinery and equipment,Bosnia and Herzegovina
BA,N7731,2022,Renting and leasing of agricultural machinery and equipment,Bosnia and Herzegovina
BA,N7731,2023,Renting and leasing of agricultural machinery and equipment,Bosnia and Herzegovina
BA,N7731,2024,Renting and leasing of agricultural machinery and equipment,Bosnia and Herzegovina
BA,N7734,2021,Renting and leasing of water transport equipment,Bosnia and Herzegovina
BA,N7734,2022,Renting and leasing of water transport equipment,Bosnia and Herzegovina
BA,N7734,2023,Renting and leasing of water transport equipment,Bosnia and Herzegovina
BA,N7734,2024,Renting and leasing of water transport equipment,Bosnia and Herzegovina
BA,N7740,2021,"Leasing of intellectual property and similar products, except copyrighted works",Bosnia and Herzegovina
BA,N8020,2021,Security systems service activities,Bosnia and Herzegovina
BA,N8030,2021,Investigation activities,Bosnia and Herzegovina
BA,Q8720,2021,"Residential care activities for mental retardation, mental health and substance abuse",Bosnia and Herzegovina
BA,Q8720,2022,"Residential care activities for mental retardation, mental health and substance abuse",Bosnia and Herzegovina
BA,Q8790,2021,Other residential care activities,Bosnia and Herzegovina
BA,Q8790,2022,Other residential care activities,Bosnia and Herzegovina
BA,R9001,2021,Performing arts,Bosnia and Herzegovina
BA,R9001,2022,Performing arts,Bosnia and Herzegovina
BA,R9001,2023,Performing arts,Bosnia and Herzegovina
BA,R9004,2021,Operation of arts facilities,Bosnia and Herzegovina
BA,R9004,2022,Operation of arts facilities,Bosnia and Herzegovina
BA,R9004,2023,Operation of arts facilities,Bosnia and Herzegovina
BA,R9101,2024,Library and archives activities,Bosnia and Herzegovina
BA,R9102,2022,Museums activities,Bosnia and Herzegovina
BA,R9102,2023,Museums activities,Bosnia and Herzegovina
BA,R9102,2024,Museums activities,Bosnia and Herzegovina
BA,R9104,2024,Botanical and zoological gardens and nature reserves activities,Bosnia and Herzegovina
BA,R9311,2022,Operation of sports facilities,Bosnia and Herzegovina
BA,R9312,2022,Activities of sport clubs,Bosnia and Herzegovina
BA,R9312,2024,Activities of sport clubs,Bosnia and Herzegovina
BA,R9319,2024,Other sports activities,Bosnia and Herzegovina
BE,B0510,2021,Mining of hard coal,Belgium
BE,B0520,2021,Mining of lignite,Belgium
BE,B0620,2023,Extraction of natural gas,Belgium
BE,B0729,2023,Mining of other non-ferrous metal ores,Belgium
BE,B0811,2021,"Quarrying of ornamental and building stone, limestone, gypsum, chalk and slate",Belgium
BE,B0891,2021,Mining of chemical and fertiliser minerals,Belgium
BE,B0891,2022,Mining of chemical and fertiliser minerals,Belgium
BE,B0891,2023,Mining of chemical and fertiliser minerals,Belgium
BE,B0892,2023,Extraction of peat,Belgium
BE,B0899,2022,Other mining and quarrying n.e.c.,Belgium
BE,B0899,2023,Other mining and quarrying n.e.c.,Belgium
BE,B0910,2021,Support activities for petroleum and natural gas extraction,Belgium
BE,B0910,2023,Support activities for petroleum and natural gas extraction,Belgium
BE,B0990,2021,Support activities for other mining and quarrying,Belgium
BE,B0990,2023,Support activities for other mining and quarrying,Belgium
BE,C1020,2021,"Processing and preserving of fish, crustaceans and molluscs",Belgium
BE,C1041,2023,Manufacture of oils and fats,Belgium
BE,C1042,2021,Manufacture of margarine and similar edible fats,Belgium
BE,C1042,2023,Manufacture of margarine and similar edible fats,Belgium
BE,C1071,2021,Manufacture of bread; manufacture of fresh pastry goods and cakes,Belgium
BE,C1072,2021,Manufacture of rusks and biscuits; manufacture of preserved pastry goods and cakes,Belgium
BE,C1072,2022,Manufacture of rusks and biscuits; manufacture of preserved pastry goods and cakes,Belgium
BE,C1072,2023,Manufacture of rusks and biscuits; manufacture of preserved pastry goods and cakes,Belgium
BE,C1073,2021,"Manufacture of macaroni, noodles, couscous and similar farinaceous products",Belgium
BE,C1073,2022,"Manufacture of macaroni, noodles, couscous and similar farinaceous products",Belgium
BE,C1073,2023,"Manufacture of macaroni, noodles, couscous and similar farinaceous products",Belgium
BE,C1101,2021,"Distilling, rectifying and blending of spirits",Belgium
BE,C1411,2022,Manufacture of leather clothes,Belgium
BE,C1411,2023,Manufacture of leather clothes,Belgium
BE,C1414,2021,Manufacture of underwear,Belgium
BE,C1414,2022,Manufacture of underwear,Belgium
BE,C1414,2023,Manufacture of underwear,Belgium
BE,C1419,2021,Manufacture of other wearing apparel and accessories,Belgium
BE,C1419,2022,Manufacture of other wearing apparel and accessories,Belgium
BE,C1431,2021,Manufacture of knitted and crocheted hosiery,Belgium
BE,C1431,2022,Manufacture of knitted and crocheted hosiery,Belgium
BE,C1439,2021,Manufacture of other knitted and crocheted apparel,Belgium
BE,C1439,2022,Manufacture of other knitted and crocheted apparel,Belgium
BE,C1711,2021,Manufacture of pulp,Belgium
BE,C1711,2022,Manufacture of pulp,Belgium
BE,C1711,2023,Manufacture of pulp,Belgium
BE,C1712,2021,Manufacture of paper and paperboard,Belgium
BE,C1712,2022,Manufacture of paper and paperboard,Belgium
BE,C1712,2023,Manufacture of paper and paperboard,Belgium
BE,C1811,2021,Printing of newspapers,Belgium
BE,C1820,2021,Reproduction of recorded media,Belgium
BE,C1920,2021,Manufacture of refined petroleum products,Belgium
BE,C1920,2022,Manufacture of refined petroleum products,Belgium
BE,C2011,2021,Manufacture of industrial gases,Belgium
BE,C2017,2021,Manufacture of synthetic rubber in primary forms,Belgium
BE,C2110,2021,Manufacture of basic pharmaceutical products,Belgium
BE,C2110,2022,Manufacture of basic pharmaceutical products,Belgium
BE,C2120,2021,Manufacture of pharmaceutical preparations,Belgium
BE,C2120,2022,Manufacture of pharmaceutical preparations,Belgium
BE,C2311,2021,Manufacture of flat glass,Belgium
BE,C2311,2023,Manufacture of flat glass,Belgium
BE,C2312,2021,Shaping and processing of flat glass,Belgium
BE,C2313,2021,Manufacture of hollow glass,Belgium
BE,C2319,2021,"Manufacture and processing of other glass, including technical glassware",Belgium
BE,C2319,2023,"Manufacture and processing of other glass, including technical glassware",Belgium
BE,C2342,2021,Manufacture of ceramic sanitary fixtures,Belgium
BE,C2342,2022,Manufacture of ceramic sanitary fixtures,Belgium
BE,C2342,2023,Manufacture of ceramic sanitary fixtures,Belgium
BE,C2343,2022,Manufacture of ceramic insulators and insulating fittings,Belgium
BE,C2343,2023,Manufacture of ceramic insulators and insulating fittings,Belgium
BE,C2349,2021,Manufacture of other ceramic products,Belgium
BE,C2349,2023,Manufacture of other ceramic products,Belgium
BE,C2431,2021,Cold drawing of bars,Belgium
BE,C2431,2022,Cold drawing of bars,Belgium
BE,C2431,2023,Cold drawing of bars,Belgium
BE,C2432,2021,Cold rolling of narrow strip,Belgium
BE,C2432,2022,Cold rolling of narrow strip,Belgium
BE,C2432,2023,Cold rolling of narrow strip,Belgium
BE,C2433,2021,Cold forming or folding,Belgium
BE,C2433,2022,Cold forming or folding,Belgium
BE,C2434,2021,Cold drawing of wire,Belgium
BE,C2441,2021,Precious metals production,Belgium
BE,C2441,2022,Precious metals production,Belgium
BE,C2441,2023,Precious metals production,Belgium
BE,C2442,2021,Aluminium production,Belgium
BE,C2444,2022,Copper production,Belgium
BE,C2444,2023,Copper production,Belgium
BE,C2446,2021,Processing of nuclear fuel,Belgium
BE,C2446,2022,Processing of nuclear fuel,Belgium
BE,C2446,2023,Processing of nuclear fuel,Belgium
BE,C2530,2022,"Manufacture of steam generators, except central heating hot water boilers",Belgium
BE,C2540,2022,Manufacture of weapons and ammunition,Belgium
BE,C2540,2023,Manufacture of weapons and ammunition,Belgium
BE,C2571,2023,Manufacture of cutlery,Belgium
BE,C2630,2022,Manufacture of communication equipment,Belgium
BE,C2640,2021,Manufacture of consumer electronics,Belgium
BE,C2640,2022,Manufacture of consumer electronics,Belgium
BE,C2670,2021,Manufacture of optical instruments and photographic equipment,Belgium
BE,C2680,2021,Manufacture of magnetic and optical media,Belgium
BE,C2720,2021,Manufacture of batteries and accumulators,Belgium
BE,C2731,2021,Manufacture of fibre optic cables,Belgium
BE,C2731,2022,Manufacture of fibre optic cables,Belgium
BE,C2731,2023,Manufacture of fibre optic cables,Belgium
BE,C2733,2021,Manufacture of wiring devices,Belgium
BE,C2733,2022,Manufacture of wiring devices,Belgium
BE,C2733,2023,Manufacture of wiring devices,Belgium
BE,C2752,2021,Manufacture of non-electric domestic appliances,Belgium
BE,C2821,2021,"Manufacture of ovens, furnaces and furnace burners",Belgium
BE,C2821,2023,"Manufacture of ovens, furnaces and furnace burners",Belgium
BE,C2823,2021,Manufacture of office machinery and equipment (except computers and peripheral equipment),Belgium
BE,C2823,2022,Manufacture of office machinery and equipment (except computers and peripheral equipment),Belgium
BE,C2823,2023,Manufacture of office machinery and equipment (except computers and peripheral equipment),Belgium
BE,C2824,2021,Manufacture of power-driven hand tools,Belgium
BE,C2824,2022,Manufacture of power-driven hand tools,Belgium
BE,C2824,2023,Manufacture of power-driven hand tools,Belgium
BE,C2891,2021,Manufacture of machinery for metallurgy,Belgium
BE,C2891,2022,Manufacture of machinery for metallurgy,Belgium
BE,C2895,2021,Manufacture of machinery for paper and paperboard production,Belgium
BE,C2895,2022,Manufacture of machinery for paper and paperboard production,Belgium
BE,C2895,2023,Manufacture of machinery for paper and paperboard production,Belgium
BE,C2896,2023,Manufacture of plastics and rubber machinery,Belgium
BE,C3012,2021,Building of pleasure and sporting boats,Belgium
BE,C3012,2022,Building of pleasure and sporting boats,Belgium
BE,C3012,2023,Building of pleasure and sporting boats,Belgium
BE,C3020,2023,Manufacture of railway locomotives and rolling stock,Belgium
BE,C3030,2022,Manufacture of air and spacecraft and related machinery,Belgium
BE,C3040,2021,Manufacture of military fighting vehicles,Belgium
BE,C3040,2022,Manufacture of military fighting vehicles,Belgium
BE,C3040,2023,Manufacture of military fighting vehicles,Belgium
BE,C3091,2021,Manufacture of motorcycles,Belgium
BE,C3091,2022,Manufacture of motorcycles,Belgium
BE,C3091,2023,Manufacture of motorcycles,Belgium
BE,C3099,2021,Manufacture of other transport equipment n.e.c.,Belgium
BE,C3099,2022,Manufacture of other transport equipment n.e.c.,Belgium
BE,C3099,2023,Manufacture of other transport equipment n.e.c.,Belgium
BE,C3211,2022,Striking of coins,Belgium
BE,C3213,2022,Manufacture of imitation jewellery and related articles,Belgium
BE,C3220,2021,Manufacture of musical instruments,Belgium
BE,C3250,2021,Manufacture of medical and dental instruments and supplies,Belgium
BE,D3521,2023,Manufacture of gas,Belgium
BE,D3522,2022,Distribution of gaseous fuels through mains,Belgium
BE,D3522,2023,Distribution of gaseous fuels through mains,Belgium
BE,D3523,2022,Trade of gas through mains,Belgium
BE,H4910,2021,"Passenger rail transport, interurban",Belgium
BE,H4932,2021,Taxi operation,Belgium
BE,H4939,2021,Other passenger land transport n.e.c.,Belgium
BE,H4950,2021,Transport via pipeline,Belgium
BE,H5010,2021,Sea and coastal passenger water transport,Belgium
BE,H5030,2021,Inland passenger water transport,Belgium
BE,H5040,2021,Inland freight water transport,Belgium
BE,H5310,2021,Postal activities under universal service obligation,Belgium
BE,H5310,2022,Postal activities under universal service obligation,Belgium
BE,H5310,2023,Postal activities under universal service obligation,Belgium
BE,H5320,2021,Other postal and courier activities,Belgium
BE,H5320,2022,Other postal and courier activities,Belgium
BE,H5320,2023,Other postal and courier activities,Belgium
BE,J5811,2021,Book publishing,Belgium
BE,J5814,2021,Publishing of journals and periodicals,Belgium
BE,K6411,2021,Central banking,Belgium
BE,K6411,2022,Central banking,Belgium
BE,K6411,2023,Central banking,Belgium
BE,K6419,2021,Other monetary intermediation,Belgium
BE,K6419,2022,Other monetary intermediation,Belgium
BE,K6419,2023,Other monetary intermediation,Belgium
BE,K6420,2022,Activities of holding companies,Belgium
BE,K6520,2021,Reinsurance,Belgium
BE,K6520,2023,Reinsurance,Belgium
BE,K6530,2021,Pension funding,Belgium
BE,K6530,2023,Pension funding,Belgium
BE,N7731,2022,Renting and leasing of agricultural machinery and equipment,Belgium
BE,N7733,2021,Renting and leasing of office machinery and equipment (including computers),Belgium
BE,N7733,2022,Renting and leasing of office machinery and equipment (including computers),Belgium
BE,N7735,2021,Renting and leasing of air transport equipment,Belgium
BE,P8520,2021,Primary education,Belgium
BE,P8541,2022,Post-secondary non-tertiary education,Belgium
BE,P8541,2023,Post-secondary non-tertiary education,Belgium
BE,P8542,2021,Tertiary education,Belgium
BE,P8542,2022,Tertiary education,Belgium
BE,P8542,2023,Tertiary education,Belgium
BG,B0510,2022,Mining of hard coal,Bulgaria
BG,B0510,2023,Mining of hard coal,Bulgaria
BG,B0510,2024,Mining of hard coal,Bulgaria
BG,B0520,2021,Mining of lignite,Bulgaria
BG,B0520,2022,Mining of lignite,Bulgaria
BG,B0520,2023,Mining of lignite,Bulgaria
BG,B0520,2024,Mining of lignite,Bulgaria
BG,B0610,2021,Extraction of crude petroleum,Bulgaria
BG,B0610,2022,Extraction of crude petroleum,Bulgaria
BG,B0610,2023,Extraction of crude petroleum,Bulgaria
BG,B0610,2024,Extraction of crude petroleum,Bulgaria
BG,B0620,2021,Extraction of natural gas,Bulgaria
BG,B0620,2022,Extraction of natural gas,Bulgaria
BG,B0620,2023,Extraction of natural gas,Bulgaria
BG,B0620,2024,Extraction of natural gas,Bulgaria
BG,B0891,2021,Mining of chemical and fertiliser minerals,Bulgaria
BG,B0891,2022,Mining of chemical and fertiliser minerals,Bulgaria
BG,B0891,2023,Mining of chemical and fertiliser minerals,Bulgaria
BG,B0891,2024,Mining of chemical and fertiliser minerals,Bulgaria
BG,B0892,2024,Extraction of peat,Bulgaria
BG,B0893,2022,Extraction of salt,Bulgaria
BG,B0899,2021,Other mining and quarrying n.e.c.,Bulgaria
BG,B0899,2023,Other mining and quarrying n.e.c.,Bulgaria
BG,B0910,2021,Support activities for petroleum and natural gas extraction,Bulgaria
BG,B0910,2022,Support activities for petroleum and natural gas extraction,Bulgaria
BG,B0910,2023,Support activities for petroleum and natural gas extraction,Bulgaria
BG,B0910,2024,Support activities for petroleum and natural gas extraction,Bulgaria
BG,B0990,2021,Support activities for other mining and quarrying,Bulgaria
BG,B0990,2022,Support activities for other mining and quarrying,Bulgaria
BG,B0990,2023,Support activities for other mining and quarrying,Bulgaria
BG,B0990,2024,Support activities for other mining and quarrying,Bulgaria
BG,C1041,2021,Manufacture of oils and fats,Bulgaria
BG,C1041,2022,Manufacture of oils and fats,Bulgaria
BG,C1041,2023,Manufacture of oils and fats,Bulgaria
BG,C1041,2024,Manufacture of oils and fats,Bulgaria
BG,C1042,2021,Manufacture of margarine and similar edible fats,Bulgaria
BG,C1042,2022,Manufacture of margarine and similar edible fats,Bulgaria
BG,C1042,2023,Manufacture of margarine and similar edible fats,Bulgaria
BG,C1042,2024,Manufacture of margarine and similar edible fats,Bulgaria
BG,C1061,2021,Manufacture of grain mill products,Bulgaria
BG,C1061,2022,Manufacture of grain mill products,Bulgaria
BG,C1061,2023,Manufacture of grain mill products,Bulgaria
BG,C1061,2024,Manufacture of grain mill products,Bulgaria
BG,C1062,2021,Manufacture of starches and starch products,Bulgaria
BG,C1062,2022,Manufacture of starches and starch products,Bulgaria
BG,C1062,2023,Manufacture of starches and starch products,Bulgaria
BG,C1062,2024,Manufacture of starches and starch products,Bulgaria
BG,C1081,2021,Manufacture of sugar,Bulgaria
BG,C1081,2022,Manufacture of sugar,Bulgaria
BG,C1081,2023,Manufacture of sugar,Bulgaria
BG,C1081,2024,Manufacture of sugar,Bulgaria
BG,C1086,2021,Manufacture of homogenised food preparations and dietetic food,Bulgaria
BG,C1086,2022,Manufacture of homogenised food preparations and dietetic food,Bulgaria
BG,C1086,2023,Manufacture of homogenised food preparations and dietetic food,Bulgaria
BG,C1086,2024,Manufacture of homogenised food preparations and dietetic food,Bulgaria
BG,C1103,2024,Manufacture of cider and other fruit wines,Bulgaria
BG,C1104,2021,Manufacture of other non-distilled fermented beverages,Bulgaria
BG,C1104,2022,Manufacture of other non-distilled fermented beverages,Bulgaria
BG,C1104,2023,Manufacture of other non-distilled fermented beverages,Bulgaria
BG,C1106,2021,Manufacture of malt,Bulgaria
BG,C1106,2022,Manufacture of malt,Bulgaria
BG,C1106,2023,Manufacture of malt,Bulgaria
BG,C1106,2024,Manufacture of malt,Bulgaria
BG,C1200,2023,Manufacture of tobacco products,Bulgaria
BG,C1393,2021,Manufacture of carpets and rugs,Bulgaria
BG,C1393,2022,Manufacture of carpets and rugs,Bulgaria
BG,C1393,2023,Manufacture of carpets and rugs,Bulgaria
BG,C1394,2021,"Manufacture of cordage, rope, twine and netting",Bulgaria
BG,C1394,2022,"Manufacture of cordage, rope, twine and netting",Bulgaria
BG,C1394,2023,"Manufacture of cordage, rope, twine and netting",Bulgaria
BG,C1511,2022,Tanning and dressing of leather; dressing and dyeing of fur,Bulgaria
BG,C1511,2024,Tanning and dressing of leather; dressing and dyeing of fur,Bulgaria
BG,C1520,2024,Manufacture of footwear,Bulgaria
BG,C1711,2021,Manufacture of pulp,Bulgaria
BG,C1711,2022,Manufacture of pulp,Bulgaria
BG,C1711,2023,Manufacture of pulp,Bulgaria
BG,C1711,2024,Manufacture of pulp,Bulgaria
BG,C1712,2021,Manufacture of paper and paperboard,Bulgaria
BG,C1712,2022,Manufacture of paper and paperboard,Bulgaria
BG,C1712,2023,Manufacture of paper and paperboard,Bulgaria
BG,C1712,2024,Manufacture of paper and paperboard,Bulgaria
BG,C1811,2023,Printing of newspapers,Bulgaria
BG,C1814,2022,Binding and related services,Bulgaria
BG,C1814,2024,Binding and related services,Bulgaria
BG,C1820,2022,Reproduction of recorded media,Bulgaria
BG,C1820,2023,Reproduction of recorded media,Bulgaria
BG,C1820,2024,Reproduction of recorded media,Bulgaria
BG,C1920,2021,Manufacture of refined petroleum products,Bulgaria
BG,C1920,2023,Manufacture of refined petroleum products,Bulgaria
BG,C1920,2024,Manufacture of refined petroleum products,Bulgaria
BG,C2012,2021,Manufacture of dyes and pigments,Bulgaria
BG,C2012,2022,Manufacture of dyes and pigments,Bulgaria
BG,C2012,2023,Manufacture of dyes and pigments,Bulgaria
BG,C2012,2024,Manufacture of dyes and pigments,Bulgaria
BG,C2013,2021,Manufacture of other inorganic basic chemicals,Bulgaria
BG,C2013,2022,Manufacture of other inorganic basic chemicals,Bulgaria
BG,C2013,2023,Manufacture of other inorganic basic chemicals,Bulgaria
BG,C2013,2024,Manufacture of other inorganic basic chemicals,Bulgaria
BG,C2020,2022,Manufacture of pesticides and other agrochemical products,Bulgaria
BG,C2020,2023,Manufacture of pesticides and other agrochemical products,Bulgaria
BG,C2020,2024,Manufacture of pesticides and other agrochemical products,Bulgaria
BG,C2060,2022,Manufacture of man-made fibres,Bulgaria
BG,C2060,2023,Manufacture of man-made fibres,Bulgaria
BG,C2060,2024,Manufacture of man-made fibres,Bulgaria
BG,C2110,2021,Manufacture of basic pharmaceutical products,Bulgaria
BG,C2110,2022,Manufacture of basic pharmaceutical products,Bulgaria
BG,C2110,2023,Manufacture of basic pharmaceutical products,Bulgaria
BG,C2110,2024,Manufacture of basic pharmaceutical products,Bulgaria
BG,C2120,2021,Manufacture of pharmaceutical preparations,Bulgaria
BG,C2120,2022,Manufacture of pharmaceutical preparations,Bulgaria
BG,C2120,2023,Manufacture of pharmaceutical preparations,Bulgaria
BG,C2120,2024,Manufacture of pharmaceutical preparations,Bulgaria
BG,C2211,2022,"""Manufacture of rubber tyres and tubes; retreading and rebuilding of rubber tyres""",Bulgaria
BG,C2219,2022,Manufacture of other rubber products,Bulgaria
BG,C2311,2021,Manufacture of flat glass,Bulgaria
BG,C2311,2022,Manufacture of flat glass,Bulgaria
BG,C2311,2023,Manufacture of flat glass,Bulgaria
BG,C2311,2024,Manufacture of flat glass,Bulgaria
BG,C2314,2021,Manufacture of glass fibres,Bulgaria
BG,C2314,2022,Manufacture of glass fibres,Bulgaria
BG,C2314,2023,Manufacture of glass fibres,Bulgaria
BG,C2314,2024,Manufacture of glass fibres,Bulgaria
BG,C2343,2021,Manufacture of ceramic insulators and insulating fittings,Bulgaria
BG,C2343,2022,Manufacture of ceramic insulators and insulating fittings,Bulgaria
BG,C2343,2023,Manufacture of ceramic insulators and insulating fittings,Bulgaria
BG,C2343,2024,Manufacture of ceramic insulators and insulating fittings,Bulgaria
BG,C2344,2021,Manufacture of other technical ceramic products,Bulgaria
BG,C2344,2022,Manufacture of other technical ceramic products,Bulgaria
BG,C2344,2023,Manufacture of other technical ceramic products,Bulgaria
BG,C2344,2024,Manufacture of other technical ceramic products,Bulgaria
BG,C2362,2022,Manufacture of plaster products for construction purposes,Bulgaria
BG,C2369,2022,"Manufacture of other articles of concrete, plaster and cement",Bulgaria
BG,C2431,2021,Cold drawing of bars,Bulgaria
BG,C2431,2022,Cold drawing of bars,Bulgaria
BG,C2431,2023,Cold drawing of bars,Bulgaria
BG,C2431,2024,Cold drawing of bars,Bulgaria
BG,C2434,2021,Cold drawing of wire,Bulgaria
BG,C2434,2022,Cold drawing of wire,Bulgaria
BG,C2434,2023,Cold drawing of wire,Bulgaria
BG,C2434,2024,Cold drawing of wire,Bulgaria
BG,C2441,2021,Precious metals production,Bulgaria
BG,C2441,2022,Precious metals production,Bulgaria
BG,C2441,2023,Precious metals production,Bulgaria
BG,C2441,2024,Precious metals production,Bulgaria
BG,C2445,2021,Other non-ferrous metal production,Bulgaria
BG,C2445,2022,Other non-ferrous metal production,Bulgaria
BG,C2445,2023,Other non-ferrous metal production,Bulgaria
BG,C2445,2024,Other non-ferrous metal production,Bulgaria
BG,C2521,2022,Manufacture of central heating radiators and boilers,Bulgaria
BG,C2530,2022,"Manufacture of steam generators, except central heating hot water boilers",Bulgaria
BG,C2530,2023,"Manufacture of steam generators, except central heating hot water boilers",Bulgaria
BG,C2550,2023,"Forging, pressing, stamping and roll-forming of metal; powder metallurgy",Bulgaria
BG,C2640,2021,Manufacture of consumer electronics,Bulgaria
BG,C2640,2022,Manufacture of consumer electronics,Bulgaria
BG,C2640,2023,Manufacture of consumer electronics,Bulgaria
BG,C2640,2024,Manufacture of consumer electronics,Bulgaria
BG,C2651,2023,"Manufacture of instruments and appliances for measuring, testing and navigation",Bulgaria
BG,C2652,2023,Manufacture of watches and clocks,Bulgaria
BG,C2660,2021,"Manufacture of irradiation, electromedical and electrotherapeutic equipment",Bulgaria
BG,C2660,2022,"Manufacture of irradiation, electromedical and electrotherapeutic equipment",Bulgaria
BG,C2660,2023,"Manufacture of irradiation, electromedical and electrotherapeutic equipment",Bulgaria
BG,C2660,2024,"Manufacture of irradiation, electromedical and electrotherapeutic equipment",Bulgaria
BG,C2680,2021,Manufacture of magnetic and optical media,Bulgaria
BG,C2680,2022,Manufacture of magnetic and optical media,Bulgaria
BG,C2680,2023,Manufacture of magnetic and optical media,Bulgaria
BG,C2680,2024,Manufacture of magnetic and optical media,Bulgaria
BG,C2731,2022,Manufacture of fibre optic cables,Bulgaria
BG,C2731,2023,Manufacture of fibre optic cables,Bulgaria
BG,C2733,2022,Manufacture of wiring devices,Bulgaria
BG,C2733,2023,Manufacture of wiring devices,Bulgaria
BG,C2811,2021,"Manufacture of engines and turbines, except aircraft, vehicle and cycle engines",Bulgaria
BG,C2811,2022,"Manufacture of engines and turbines, except aircraft, vehicle and cycle engines",Bulgaria
BG,C2811,2024,"Manufacture of engines and turbines, except aircraft, vehicle and cycle engines",Bulgaria
BG,C2813,2024,Manufacture of other pumps and compressors,Bulgaria
BG,C2815,2021,"Manufacture of bearings, gears, gearing and driving elements",Bulgaria
BG,C2815,2022,"Manufacture of bearings, gears, gearing and driving elements",Bulgaria
BG,C2821,2021,"Manufacture of ovens, furnaces and furnace burners",Bulgaria
BG,C2821,2022,"Manufacture of ovens, furnaces and furnace burners",Bulgaria
BG,C2821,2023,"Manufacture of ovens, furnaces and furnace burners",Bulgaria
BG,C2821,2024,"Manufacture of ovens, furnaces and furnace burners",Bulgaria
BG,C2824,2021,Manufacture of power-driven hand tools,Bulgaria
BG,C2824,2022,Manufacture of power-driven hand tools,Bulgaria
BG,C2824,2023,Manufacture of power-driven hand tools,Bulgaria
BG,C2824,2024,Manufacture of power-driven hand tools,Bulgaria
BG,C2894,2022,"Manufacture of machinery for textile, apparel and leather production",Bulgaria
BG,C2894,2023,"Manufacture of machinery for textile, apparel and leather production",Bulgaria
BG,C2894,2024,"Manufacture of machinery for textile, apparel and leather production",Bulgaria
BG,C2895,2022,Manufacture of machinery for paper and paperboard production,Bulgaria
BG,C2895,2023,Manufacture of machinery for paper and paperboard production,Bulgaria
BG,C2895,2024,Manufacture of machinery for paper and paperboard production,Bulgaria
BG,C3012,2021,Building of pleasure and sporting boats,Bulgaria
BG,C3012,2022,Building of pleasure and sporting boats,Bulgaria
BG,C3012,2023,Building of pleasure and sporting boats,Bulgaria
BG,C3012,2024,Building of pleasure and sporting boats,Bulgaria
BG,C3030,2021,Manufacture of air and spacecraft and related machinery,Bulgaria
BG,C3030,2022,Manufacture of air and spacecraft and related machinery,Bulgaria
BG,C3030,2023,Manufacture of air and spacecraft and related machinery,Bulgaria
BG,C3030,2024,Manufacture of air and spacecraft and related machinery,Bulgaria
BG,C3040,2022,Manufacture of military fighting vehicles,Bulgaria
BG,C3040,2023,Manufacture of military fighting vehicles,Bulgaria
BG,C3040,2024,Manufacture of military fighting vehicles,Bulgaria
BG,C3092,2021,Manufacture of bicycles and invalid carriages,Bulgaria
BG,C3099,2021,Manufacture of other transport equipment n.e.c.,Bulgaria
BG,C3212,2024,Manufacture of jewellery and related articles,Bulgaria
BG,C3213,2024,Manufacture of imitation jewellery and related articles,Bulgaria
BG,C3220,2024,Manufacture of musical instruments,Bulgaria
BG,C3240,2024,Manufacture of games and toys,Bulgaria
BG,D3512,2021,Transmission of electricity,Bulgaria
BG,D3512,2022,Transmission of electricity,Bulgaria
BG,D3512,2023,Transmission of electricity,Bulgaria
BG,D3512,2024,Transmission of electricity,Bulgaria
BG,D3513,2021,Distribution of electricity,Bulgaria
BG,D3513,2022,Distribution of electricity,Bulgaria
BG,D3513,2023,Distribution of electricity,Bulgaria
BG,D3513,2024,Distribution of electricity,Bulgaria
BG,D3521,2021,Manufacture of gas,Bulgaria
BG,D3521,2022,Manufacture of gas,Bulgaria
BG,D3521,2023,Manufacture of gas,Bulgaria
BG,D3521,2024,Manufacture of gas,Bulgaria
BG,D3522,2023,Distribution of gaseous fuels through mains,Bulgaria
BG,D3522,2024,Distribution of gaseous fuels through mains,Bulgaria
BG,D3530,2021,Steam and air conditioning supply,Bulgaria
BG,D3530,2022,Steam and air conditioning supply,Bulgaria
BG,F4212,2024,Construction of railways and underground railways,Bulgaria
BG,F4213,2024,Construction of bridges and tunnels,Bulgaria
BG,H4910,2023,"Passenger rail transport, interurban",Bulgaria
BG,H4910,2024,"Passenger rail transport, interurban",Bulgaria
BG,H4920,2021,Freight rail transport,Bulgaria
BG,H4920,2022,Freight rail transport,Bulgaria
BG,H4920,2023,Freight rail transport,Bulgaria
BG,H4931,2023,Urban and suburban passenger land transport,Bulgaria
BG,H4931,2024,Urban and suburban passenger land transport,Bulgaria
BG,H4932,2023,Taxi operation,Bulgaria
BG,H4932,2024,Taxi operation,Bulgaria
BG,H4950,2021,Transport via pipeline,Bulgaria
BG,H4950,2022,Transport via pipeline,Bulgaria
BG,H4950,2023,Transport via pipeline,Bulgaria
BG,H4950,2024,Transport via pipeline,Bulgaria
BG,H5010,2021,Sea and coastal passenger water transport,Bulgaria
BG,H5010,2022,Sea and coastal passenger water transport,Bulgaria
BG,H5010,2023,Sea and coastal passenger water transport,Bulgaria
BG,H5010,2024,Sea and coastal passenger water transport,Bulgaria
BG,H5030,2021,Inland passenger water transport,Bulgaria
BG,H5030,2022,Inland passenger water transport,Bulgaria
BG,H5030,2023,Inland passenger water transport,Bulgaria
BG,H5030,2024,Inland passenger water transport,Bulgaria
BG,H5310,2021,Postal activities under universal service obligation,Bulgaria
BG,H5310,2022,Postal activities under universal service obligation,Bulgaria
BG,H5310,2023,Postal activities under universal service obligation,Bulgaria
BG,H5310,2024,Postal activities under universal service obligation,Bulgaria
BG,H5320,2021,Other postal and courier activities,Bulgaria
BG,H5320,2022,Other postal and courier activities,Bulgaria
BG,H5320,2023,Other postal and courier activities,Bulgaria
BG,H5320,2024,Other postal and courier activities,Bulgaria
BG,J5812,2024,Publishing of directories and mailing lists,Bulgaria
BG,J5813,2024,Publishing of newspapers,Bulgaria
BG,J6110,2021,Wired telecommunications activities,Bulgaria
BG,J6110,2022,Wired telecommunications activities,Bulgaria
BG,J6110,2023,Wired telecommunications activities,Bulgaria
BG,J6130,2021,Satellite telecommunications activities,Bulgaria
BG,J6130,2022,Satellite telecommunications activities,Bulgaria
BG,J6130,2023,Satellite telecommunications activities,Bulgaria
BG,K6411,2021,Central banking,Bulgaria
BG,K6411,2022,Central banking,Bulgaria
BG,K6411,2024,Central banking,Bulgaria
BG,K6419,2021,Other monetary intermediation,Bulgaria
BG,K6419,2022,Other monetary intermediation,Bulgaria
BG,K6419,2024,Other monetary intermediation,Bulgaria
BG,K6520,2021,Reinsurance,Bulgaria
BG,K6520,2022,Reinsurance,Bulgaria
BG,K6520,2023,Reinsurance,Bulgaria
BG,K6520,2024,Reinsurance,Bulgaria
BG,K6530,2021,Pension funding,Bulgaria
BG,K6530,2022,Pension funding,Bulgaria
BG,K6530,2023,Pension funding,Bulgaria
BG,K6530,2024,Pension funding,Bulgaria
BG,N7712,2022,Renting and leasing of trucks,Bulgaria
BG,N7712,2023,Renting and leasing of trucks,Bulgaria
BG,N7712,2024,Renting and leasing of trucks,Bulgaria
BG,N7721,2022,Renting and leasing of recreational and sports goods,Bulgaria
BG,N7721,2023,Renting and leasing of recreational and sports goods,Bulgaria
BG,N7721,2024,Renting and leasing of recreational and sports goods,Bulgaria
BG,N7722,2021,Renting of video tapes and disks,Bulgaria
BG,N7722,2022,Renting of video tapes and disks,Bulgaria
BG,N7722,2023,Renting of video tapes and disks,Bulgaria
BG,N7722,2024,Renting of video tapes and disks,Bulgaria
BG,N7729,2021,Renting and leasing of other personal and household goods,Bulgaria
BG,P8551,2021,Sports and recreation education,Bulgaria
BG,P8551,2022,Sports and recreation education,Bulgaria
BG,P8551,2023,Sports and recreation education,Bulgaria
BG,P8552,2021,Cultural education,Bulgaria
BG,P8552,2022,Cultural education,Bulgaria
BG,P8552,2023,Cultural education,Bulgaria
CY,B0811,2021,"Quarrying of ornamental and building stone, limestone, gypsum, chalk and slate",Cyprus
CY,B0811,2022,"Quarrying of ornamental and building stone, limestone, gypsum, chalk and slate",Cyprus
CY,B0811,2023,"Quarrying of ornamental and building stone, limestone, gypsum, chalk and slate",Cyprus
CY,B0811,2024,"Quarrying of ornamental and building stone, limestone, gypsum, chalk and slate",Cyprus
CY,B0812,2021,"""Operation of gravel and sand pits; mining of clays and kaolin""",Cyprus
CY,B0812,2022,"""Operation of gravel and sand pits; mining of clays and kaolin""",Cyprus
CY,B0812,2023,"""Operation of gravel and sand pits; mining of clays and kaolin""",Cyprus
CY,B0812,2024,"""Operation of gravel and sand pits; mining of clays and kaolin""",Cyprus
CY,B0891,2021,Mining of chemical and fertiliser minerals,Cyprus
CY,B0891,2022,Mining of chemical and fertiliser minerals,Cyprus
CY,B0891,2023,Mining of chemical and fertiliser minerals,Cyprus
CY,B0891,2024,Mining of chemical and fertiliser minerals,Cyprus
CY,B0910,2021,Support activities for petroleum and natural gas extraction,Cyprus
CY,B0910,2022,Support activities for petroleum and natural gas extraction,Cyprus
CY,B0910,2023,Support activities for petroleum and natural gas extraction,Cyprus
CY,B0910,2024,Support activities for petroleum and natural gas extraction,Cyprus
CY,C1020,2021,"Processing and preserving of fish, crustaceans and molluscs",Cyprus
CY,C1020,2022,"Processing and preserving of fish, crustaceans and molluscs",Cyprus
CY,C1020,2023,"Processing and preserving of fish, crustaceans and molluscs",Cyprus
CY,C1020,2024,"Processing and preserving of fish, crustaceans and molluscs",Cyprus
CY,C1031,2023,Processing and preserving of potatoes,Cyprus
CY,C1031,2024,Processing and preserving of potatoes,Cyprus
CY,C1039,2023,Other processing and preserving of fruit and vegetables,Cyprus
CY,C1039,2024,Other processing and preserving of fruit and vegetables,Cyprus
CY,C1041,2021,Manufacture of oils and fats,Cyprus
CY,C1041,2022,Manufacture of oils and fats,Cyprus
CY,C1041,2023,Manufacture of oils and fats,Cyprus
CY,C1041,2024,Manufacture of oils and fats,Cyprus
CY,C1081,2021,Manufacture of sugar,Cyprus
CY,C1081,2022,Manufacture of sugar,Cyprus
CY,C1081,2023,Manufacture of sugar,Cyprus
CY,C1081,2024,Manufacture of sugar,Cyprus
CY,C1089,2021,Manufacture of other food products n.e.c.,Cyprus
CY,C1089,2022,Manufacture of other food products n.e.c.,Cyprus
CY,C1089,2023,Manufacture of other food products n.e.c.,Cyprus
CY,C1089,2024,Manufacture of other food products n.e.c.,Cyprus
CY,C1091,2021,Manufacture of prepared feeds for farm animals,Cyprus
CY,C1091,2022,Manufacture of prepared feeds for farm animals,Cyprus
CY,C1091,2023,Manufacture of prepared feeds for farm animals,Cyprus
CY,C1091,2024,Manufacture of prepared feeds for farm animals,Cyprus
CY,C1092,2021,Manufacture of prepared pet foods,Cyprus
CY,C1092,2022,Manufacture of prepared pet foods,Cyprus
CY,C1092,2023,Manufacture of prepared pet foods,Cyprus
CY,C1092,2024,Manufacture of prepared pet foods,Cyprus
CY,C1101,2021,"Distilling, rectifying and blending of spirits",Cyprus
CY,C1101,2022,"Distilling, rectifying and blending of spirits",Cyprus
CY,C1101,2023,"Distilling, rectifying and blending of spirits",Cyprus
CY,C1103,2021,Manufacture of cider and other fruit wines,Cyprus
CY,C1103,2022,Manufacture of cider and other fruit wines,Cyprus
CY,C1103,2023,Manufacture of cider and other fruit wines,Cyprus
CY,C1320,2022,Weaving of textiles,Cyprus
CY,C1320,2023,Weaving of textiles,Cyprus
CY,C1320,2024,Weaving of textiles,Cyprus
CY,C1330,2022,Finishing of textiles,Cyprus
CY,C1330,2023,Finishing of textiles,Cyprus
CY,C1330,2024,Finishing of textiles,Cyprus
CY,C1394,2021,"Manufacture of cordage, rope, twine and netting",Cyprus
CY,C1394,2022,"Manufacture of cordage, rope, twine and netting",Cyprus
CY,C1394,2023,"Manufacture of cordage, rope, twine and netting",Cyprus
CY,C1399,2021,Manufacture of other textiles n.e.c.,Cyprus
CY,C1399,2022,Manufacture of other textiles n.e.c.,Cyprus
CY,C1399,2023,Manufacture of other textiles n.e.c.,Cyprus
CY,C1411,2021,Manufacture of leather clothes,Cyprus
CY,C1411,2022,Manufacture of leather clothes,Cyprus
CY,C1411,2023,Manufacture of leather clothes,Cyprus
CY,C1411,2024,Manufacture of leather clothes,Cyprus
CY,C1414,2024,Manufacture of underwear,Cyprus
CY,C1419,2021,Manufacture of other wearing apparel and accessories,Cyprus
CY,C1419,2022,Manufacture of other wearing apparel and accessories,Cyprus
CY,C1419,2023,Manufacture of other wearing apparel and accessories,Cyprus
CY,C1419,2024,Manufacture of other wearing apparel and accessories,Cyprus
CY,C1439,2024,Manufacture of other knitted and crocheted apparel,Cyprus
CY,C1511,2021,Tanning and dressing of leather; dressing and dyeing of fur,Cyprus
CY,C1511,2022,Tanning and dressing of leather; dressing and dyeing of fur,Cyprus
CY,C1511,2023,Tanning and dressing of leather; dressing and dyeing of fur,Cyprus
CY,C1511,2024,Tanning and dressing of leather; dressing and dyeing of fur,Cyprus
CY,C1512,2021,"Manufacture of luggage, handbags and the like, saddlery and harness",Cyprus
CY,C1512,2022,"Manufacture of luggage, handbags and the like, saddlery and harness",Cyprus
CY,C1512,2023,"Manufacture of luggage, handbags and the like, saddlery and harness",Cyprus
CY,C1512,2024,"Manufacture of luggage, handbags and the like, saddlery and harness",Cyprus
CY,C1621,2021,Manufacture of veneer sheets and wood-based panels,Cyprus
CY,C1621,2022,Manufacture of veneer sheets and wood-based panels,Cyprus
CY,C1621,2023,Manufacture of veneer sheets and wood-based panels,Cyprus
CY,C1621,2024,Manufacture of veneer sheets and wood-based panels,Cyprus
CY,C1624,2021,Manufacture of wooden containers,Cyprus
CY,C1624,2022,Manufacture of wooden containers,Cyprus
CY,C1624,2023,Manufacture of wooden containers,Cyprus
CY,C1624,2024,Manufacture of wooden containers,Cyprus
CY,C1712,2021,Manufacture of paper and paperboard,Cyprus
CY,C1712,2022,Manufacture of paper and paperboard,Cyprus
CY,C1712,2023,Manufacture of paper and paperboard,Cyprus
CY,C1712,2024,Manufacture of paper and paperboard,Cyprus
CY,C1729,2021,Manufacture of other articles of paper and paperboard,Cyprus
CY,C1729,2022,Manufacture of other articles of paper and paperboard,Cyprus
CY,C1729,2023,Manufacture of other articles of paper and paperboard,Cyprus
CY,C1729,2024,Manufacture of other articles of paper and paperboard,Cyprus
CY,C1814,2021,Binding and related services,Cyprus
CY,C1814,2022,Binding and related services,Cyprus
CY,C1814,2023,Binding and related services,Cyprus
CY,C1814,2024,Binding and related services,Cyprus
CY,C1820,2021,Reproduction of recorded media,Cyprus
CY,C1820,2022,Reproduction of recorded media,Cyprus
CY,C1820,2023,Reproduction of recorded media,Cyprus
CY,C1820,2024,Reproduction of recorded media,Cyprus
CY,C2011,2021,Manufacture of industrial gases,Cyprus
CY,C2011,2022,Manufacture of industrial gases,Cyprus
CY,C2011,2023,Manufacture of industrial gases,Cyprus
CY,C2011,2024,Manufacture of industrial gases,Cyprus
CY,C2012,2021,Manufacture of dyes and pigments,Cyprus
CY,C2012,2022,Manufacture of dyes and pigments,Cyprus
CY,C2012,2023,Manufacture of dyes and pigments,Cyprus
CY,C2012,2024,Manufacture of dyes and pigments,Cyprus
CY,C2014,2021,Manufacture of other organic basic chemicals,Cyprus
CY,C2014,2022,Manufacture of other organic basic chemicals,Cyprus
CY,C2014,2023,Manufacture of other organic basic chemicals,Cyprus
CY,C2014,2024,Manufacture of other organic basic chemicals,Cyprus
CY,C2020,2021,Manufacture of pesticides and other agrochemical products,Cyprus
CY,C2020,2022,Manufacture of pesticides and other agrochemical products,Cyprus
CY,C2020,2023,Manufacture of pesticides and other agrochemical products,Cyprus
CY,C2020,2024,Manufacture of pesticides and other agrochemical products,Cyprus
CY,C2051,2021,Manufacture of explosives,Cyprus
CY,C2051,2022,Manufacture of explosives,Cyprus
CY,C2052,2023,Manufacture of glues,Cyprus
CY,C2053,2021,Manufacture of essential oils,Cyprus
CY,C2053,2022,Manufacture of essential oils,Cyprus
CY,C2053,2023,Manufacture of essential oils,Cyprus
CY,C2110,2021,Manufacture of basic pharmaceutical products,Cyprus
CY,C2110,2022,Manufacture of basic pharmaceutical products,Cyprus
CY,C2110,2023,Manufacture of basic pharmaceutical products,Cyprus
CY,C2110,2024,Manufacture of basic pharmaceutical products,Cyprus
CY,C2120,2021,Manufacture of pharmaceutical preparations,Cyprus
CY,C2120,2022,Manufacture of pharmaceutical preparations,Cyprus
CY,C2120,2023,Manufacture of pharmaceutical preparations,Cyprus
CY,C2120,2024,Manufacture of pharmaceutical preparations,Cyprus
CY,C2211,2021,"""Manufacture of rubber tyres and tubes; retreading and rebuilding of rubber tyres""",Cyprus
CY,C2211,2022,"""Manufacture of rubber tyres and tubes; retreading and rebuilding of rubber tyres""",Cyprus
CY,C2211,2023,"""Manufacture of rubber tyres and tubes; retreading and rebuilding of rubber tyres""",Cyprus
CY,C2211,2024,"""Manufacture of rubber tyres and tubes; retreading and rebuilding of rubber tyres""",Cyprus
CY,C2219,2021,Manufacture of other rubber products,Cyprus
CY,C2219,2022,Manufacture of other rubber products,Cyprus
CY,C2219,2023,Manufacture of other rubber products,Cyprus
CY,C2219,2024,Manufacture of other rubber products,Cyprus
CY,C2311,2021,Manufacture of flat glass,Cyprus
CY,C2311,2022,Manufacture of flat glass,Cyprus
CY,C2314,2021,Manufacture of glass fibres,Cyprus
CY,C2314,2022,Manufacture of glass fibres,Cyprus
CY,C2314,2023,Manufacture of glass fibres,Cyprus
CY,C2314,2024,Manufacture of glass fibres,Cyprus
CY,C2319,2023,"Manufacture and processing of other glass, including technical glassware",Cyprus
CY,C2319,2024,"Manufacture and processing of other glass, including technical glassware",Cyprus
CY,C2341,2021,Manufacture of ceramic household and ornamental articles,Cyprus
CY,C2341,2022,Manufacture of ceramic household and ornamental articles,Cyprus
CY,C2341,2023,Manufacture of ceramic household and ornamental articles,Cyprus
CY,C2341,2024,Manufacture of ceramic household and ornamental articles,Cyprus
CY,C2342,2021,Manufacture of ceramic sanitary fixtures,Cyprus
CY,C2342,2022,Manufacture of ceramic sanitary fixtures,Cyprus
CY,C2342,2023,Manufacture of ceramic sanitary fixtures,Cyprus
CY,C2342,2024,Manufacture of ceramic sanitary fixtures,Cyprus
CY,C2351,2021,Manufacture of cement,Cyprus
CY,C2351,2022,Manufacture of cement,Cyprus
CY,C2351,2023,Manufacture of cement,Cyprus
CY,C2351,2024,Manufacture of cement,Cyprus
CY,C2352,2021,Manufacture of lime and plaster,Cyprus
CY,C2352,2022,Manufacture of lime and plaster,Cyprus
CY,C2352,2023,Manufacture of lime and plaster,Cyprus
CY,C2352,2024,Manufacture of lime and plaster,Cyprus
CY,C2362,2021,Manufacture of plaster products for construction purposes,Cyprus
CY,C2362,2022,Manufacture of plaster products for construction purposes,Cyprus
CY,C2362,2023,Manufacture of plaster products for construction purposes,Cyprus
CY,C2362,2024,Manufacture of plaster products for construction purposes,Cyprus
CY,C2364,2021,Manufacture of mortars,Cyprus
CY,C2364,2022,Manufacture of mortars,Cyprus
CY,C2364,2023,Manufacture of mortars,Cyprus
CY,C2364,2024,Manufacture of mortars,Cyprus
CY,C2399,2021,Manufacture of other non-metallic mineral products n.e.c.,Cyprus
CY,C2399,2022,Manufacture of other non-metallic mineral products n.e.c.,Cyprus
CY,C2399,2023,Manufacture of other non-metallic mineral products n.e.c.,Cyprus
CY,C2399,2024,Manufacture of other non-metallic mineral products n.e.c.,Cyprus
CY,C2420,2021,"Manufacture of tubes, pipes, hollow profiles and related fittings, of steel",Cyprus
CY,C2420,2022,"Manufacture of tubes, pipes, hollow profiles and related fittings, of steel",Cyprus
CY,C2420,2023,"Manufacture of tubes, pipes, hollow profiles and related fittings, of steel",Cyprus
CY,C2420,2024,"Manufacture of tubes, pipes, hollow profiles and related fittings, of steel",Cyprus
CY,C2441,2021,Precious metals production,Cyprus
CY,C2441,2022,Precious metals production,Cyprus
CY,C2441,2023,Precious metals production,Cyprus
CY,C2441,2024,Precious metals production,Cyprus
CY,C2442,2021,Aluminium production,Cyprus
CY,C2442,2022,Aluminium production,Cyprus
CY,C2442,2023,Aluminium production,Cyprus
CY,C2442,2024,Aluminium production,Cyprus
CY,C2444,2024,Copper production,Cyprus
CY,C2540,2021,Manufacture of weapons and ammunition,Cyprus
CY,C2540,2022,Manufacture of weapons and ammunition,Cyprus
CY,C2540,2023,Manufacture of weapons and ammunition,Cyprus
CY,C2540,2024,Manufacture of weapons and ammunition,Cyprus
CY,C2573,2021,Manufacture of tools,Cyprus
CY,C2573,2022,Manufacture of tools,Cyprus
CY,C2573,2023,Manufacture of tools,Cyprus
CY,C2573,2024,Manufacture of tools,Cyprus
CY,C2630,2021,Manufacture of communication equipment,Cyprus
CY,C2630,2022,Manufacture of communication equipment,Cyprus
CY,C2630,2023,Manufacture of communication equipment,Cyprus
CY,C2630,2024,Manufacture of communication equipment,Cyprus
CY,C2711,2021,"Manufacture of electric motors, generators and transformers",Cyprus
CY,C2711,2022,"Manufacture of electric motors, generators and transformers",Cyprus
CY,C2711,2023,"Manufacture of electric motors, generators and transformers",Cyprus
CY,C2711,2024,"Manufacture of electric motors, generators and transformers",Cyprus
CY,C2712,2021,Manufacture of electricity distribution and control apparatus,Cyprus
CY,C2712,2022,Manufacture of electricity distribution and control apparatus,Cyprus
CY,C2712,2023,Manufacture of electricity distribution and control apparatus,Cyprus
CY,C2712,2024,Manufacture of electricity distribution and control apparatus,Cyprus
CY,C2732,2021,Manufacture of other electronic and electric wires and cables,Cyprus
CY,C2732,2022,Manufacture of other electronic and electric wires and cables,Cyprus
CY,C2732,2023,Manufacture of other electronic and electric wires and cables,Cyprus
CY,C2732,2024,Manufacture of other electronic and electric wires and cables,Cyprus
CY,C2733,2021,Manufacture of wiring devices,Cyprus
CY,C2733,2022,Manufacture of wiring devices,Cyprus
CY,C2733,2023,Manufacture of wiring devices,Cyprus
CY,C2733,2024,Manufacture of wiring devices,Cyprus
CY,C2812,2021,Manufacture of fluid power equipment,Cyprus
CY,C2812,2022,Manufacture of fluid power equipment,Cyprus
CY,C2812,2023,Manufacture of fluid power equipment,Cyprus
CY,C2812,2024,Manufacture of fluid power equipment,Cyprus
CY,C2821,2021,"Manufacture of ovens, furnaces and furnace burners",Cyprus
CY,C2821,2022,"Manufacture of ovens, furnaces and furnace burners",Cyprus
CY,C2821,2023,"Manufacture of ovens, furnaces and furnace burners",Cyprus
CY,C2821,2024,"Manufacture of ovens, furnaces and furnace burners",Cyprus
CY,C2822,2021,Manufacture of lifting and handling equipment,Cyprus
CY,C2822,2022,Manufacture of lifting and handling equipment,Cyprus
CY,C2822,2023,Manufacture of lifting and handling equipment,Cyprus
CY,C2822,2024,Manufacture of lifting and handling equipment,Cyprus
CY,C2849,2021,Manufacture of other machine tools,Cyprus
CY,C2849,2022,Manufacture of other machine tools,Cyprus
CY,C2849,2023,Manufacture of other machine tools,Cyprus
CY,C2849,2024,Manufacture of other machine tools,Cyprus
CY,C2893,2021,"Manufacture of machinery for food, beverage and tobacco processing",Cyprus
CY,C2893,2022,"Manufacture of machinery for food, beverage and tobacco processing",Cyprus
CY,C2893,2023,"Manufacture of machinery for food, beverage and tobacco processing",Cyprus
CY,C2893,2024,"Manufacture of machinery for food, beverage and tobacco processing",Cyprus
CY,C2896,2021,Manufacture of plastics and rubber machinery,Cyprus
CY,C2896,2022,Manufacture of plastics and rubber machinery,Cyprus
CY,C2896,2023,Manufacture of plastics and rubber machinery,Cyprus
CY,C2896,2024,Manufacture of plastics and rubber machinery,Cyprus
CY,C2899,2021,Manufacture of other special-purpose machinery n.e.c.,Cyprus
CY,C2899,2022,Manufacture of other special-purpose machinery n.e.c.,Cyprus
CY,C2899,2023,Manufacture of other special-purpose machinery n.e.c.,Cyprus
CY,C2899,2024,Manufacture of other special-purpose machinery n.e.c.,Cyprus
CY,C2910,2021,Manufacture of motor vehicles,Cyprus
CY,C2910,2022,Manufacture of motor vehicles,Cyprus
CY,C2910,2023,Manufacture of motor vehicles,Cyprus
CY,C2910,2024,Manufacture of motor vehicles,Cyprus
CY,C2932,2021,Manufacture of other parts and accessories for motor vehicles,Cyprus
CY,C2932,2022,Manufacture of other parts and accessories for motor vehicles,Cyprus
CY,C2932,2023,Manufacture of other parts and accessories for motor vehicles,Cyprus
CY,C2932,2024,Manufacture of other parts and accessories for motor vehicles,Cyprus
CY,C3012,2022,Building of pleasure and sporting boats,Cyprus
CY,C3012,2023,Building of pleasure and sporting boats,Cyprus
CY,C3012,2024,Building of pleasure and sporting boats,Cyprus
CY,C3030,2022,Manufacture of air and spacecraft and related machinery,Cyprus
CY,C3030,2023,Manufacture of air and spacecraft and related machinery,Cyprus
CY,C3030,2024,Manufacture of air and spacecraft and related machinery,Cyprus
CY,C3220,2022,Manufacture of musical instruments,Cyprus
CY,C3220,2023,Manufacture of musical instruments,Cyprus
CY,C3220,2024,Manufacture of musical instruments,Cyprus
CY,C3230,2022,Manufacture of sports goods,Cyprus
CY,C3230,2023,Manufacture of sports goods,Cyprus
CY,C3230,2024,Manufacture of sports goods,Cyprus
CY,D3511,2021,Production of electricity,Cyprus
CY,D3511,2022,Production of electricity,Cyprus
CY,D3511,2023,Production of electricity,Cyprus
CY,D3511,2024,Production of electricity,Cyprus
CY,D3512,2021,Transmission of electricity,Cyprus
CY,D3512,2022,Transmission of electricity,Cyprus
CY,D3512,2023,Transmission of electricity,Cyprus
CY,D3512,2024,Transmission of electricity,Cyprus
CY,D3514,2021,Trade of electricity,Cyprus
CY,D3514,2022,Trade of electricity,Cyprus
CY,D3514,2023,Trade of electricity,Cyprus
CY,D3514,2024,Trade of electricity,Cyprus
CY,E3822,2021,Treatment and disposal of hazardous waste,Cyprus
CY,E3822,2022,Treatment and disposal of hazardous waste,Cyprus
CY,E3822,2023,Treatment and disposal of hazardous waste,Cyprus
CY,E3822,2024,Treatment and disposal of hazardous waste,Cyprus
CY,E3831,2021,Dismantling of wrecks,Cyprus
CY,E3831,2022,Dismantling of wrecks,Cyprus
CY,E3831,2023,Dismantling of wrecks,Cyprus
CY,E3832,2021,Recovery of sorted materials,Cyprus
CY,E3832,2022,Recovery of sorted materials,Cyprus
CY,E3832,2023,Recovery of sorted materials,Cyprus
CY,E3900,2021,Remediation activities and other waste management services,Cyprus
CY,E3900,2022,Remediation activities and other waste management services,Cyprus
CY,E3900,2023,Remediation activities and other waste management services,Cyprus
CY,E3900,2024,Remediation activities and other waste management services,Cyprus
CY,G4623,2023,Wholesale of live animals,Cyprus
CY,G4624,2023,"Wholesale of hides, skins and leather",Cyprus
CY,G4662,2022,Wholesale of machine tools,Cyprus
CY,G4662,2023,Wholesale of machine tools,Cyprus
CY,G4664,2022,Wholesale of machinery for the textile industry and of sewing and knitting machines,Cyprus
CY,G4664,2023,Wholesale of machinery for the textile industry and of sewing and knitting machines,Cyprus
CY,G4665,2022,Wholesale of office furniture,Cyprus
CY,G4665,2023,Wholesale of office furniture,Cyprus
CY,H5010,2023,Sea and coastal passenger water transport,Cyprus
CY,H5010,2024,Sea and coastal passenger water transport,Cyprus
CY,H5110,2023,Passenger air transport,Cyprus
CY,H5110,2024,Passenger air transport,Cyprus
CY,I5530,2021,"Camping grounds, recreational vehicle parks and trailer parks",Cyprus
CY,I5530,2022,"Camping grounds, recreational vehicle parks and trailer parks",Cyprus
CY,I5530,2023,"Camping grounds, recreational vehicle parks and trailer parks",Cyprus
CY,I5530,2024,"Camping grounds, recreational vehicle parks and trailer parks",Cyprus
CY,I5590,2021,Other accommodation,Cyprus
CY,I5590,2022,Other accommodation,Cyprus
CY,I5590,2023,Other accommodation,Cyprus
CY,I5590,2024,Other accommodation,Cyprus
CY,K6512,2021,Non-life insurance,Cyprus
CY,K6512,2023,Non-life insurance,Cyprus
CY,K6512,2024,Non-life insurance,Cyprus
CY,K6520,2021,Reinsurance,Cyprus
CY,K6520,2022,Reinsurance,Cyprus
CY,K6520,2023,Reinsurance,Cyprus
CY,K6520,2024,Reinsurance,Cyprus
CY,K6530,2022,Pension funding,Cyprus
CY,N7711,2021,Renting and leasing of cars and light motor vehicles,Cyprus
CY,N7711,2022,Renting and leasing of cars and light motor vehicles,Cyprus
CY,N7711,2023,Renting and leasing of cars and light motor vehicles,Cyprus
CY,N7711,2024,Renting and leasing of cars and light motor vehicles,Cyprus
CY,N7712,2021,Renting and leasing of trucks,Cyprus
CY,N7712,2022,Renting and leasing of trucks,Cyprus
CY,N7712,2023,Renting and leasing of trucks,Cyprus
CY,N7712,2024,Renting and leasing of trucks,Cyprus
CY,P8520,2024,Primary education,Cyprus
CY,P8560,2024,Educational support activities,Cyprus
CZ,B0510,2021,Mining of hard coal,Czechia
CZ,B0510,2022,Mining of hard coal,Czechia
CZ,B0510,2023,Mining of hard coal,Czechia
CZ,B0510,2024,Mining of hard coal,Czechia
CZ,B0520,2021,Mining of lignite,Czechia
CZ,B0520,2022,Mining of lignite,Czechia
CZ,B0520,2023,Mining of lignite,Czechia
CZ,B0520,2024,Mining of lignite,Czechia
CZ,B0610,2021,Extraction of crude petroleum,Czechia
CZ,B0610,2022,Extraction of crude petroleum,Czechia
CZ,B0610,2023,Extraction of crude petroleum,Czechia
CZ,B0610,2024,Extraction of crude petroleum,Czechia
CZ,B0620,2021,Extraction of natural gas,Czechia
CZ,B0620,2022,Extraction of natural gas,Czechia
CZ,B0620,2023,Extraction of natural gas,Czechia
CZ,B0620,2024,Extraction of natural gas,Czechia
CZ,B0721,2021,Mining of uranium and thorium ores,Czechia
CZ,B0721,2022,Mining of uranium and thorium ores,Czechia
CZ,B0721,2023,Mining of uranium and thorium ores,Czechia
CZ,B0721,2024,Mining of uranium and thorium ores,Czechia
CZ,B0891,2021,Mining of chemical and fertiliser minerals,Czechia
CZ,B0891,2022,Mining of chemical and fertiliser minerals,Czechia
CZ,B0891,2023,Mining of chemical and fertiliser minerals,Czechia
CZ,B0891,2024,Mining of chemical and fertiliser minerals,Czechia
CZ,B0893,2021,Extraction of salt,Czechia
CZ,B0893,2022,Extraction of salt,Czechia
CZ,B0893,2023,Extraction of salt,Czechia
CZ,B0893,2024,Extraction of salt,Czechia
CZ,B0910,2021,Support activities for petroleum and natural gas extraction,Czechia
CZ,B0910,2022,Support activities for petroleum and natural gas extraction,Czechia
CZ,B0910,2023,Support activities for petroleum and natural gas extraction,Czechia
CZ,B0910,2024,Support activities for petroleum and natural gas extraction,Czechia
CZ,B0990,2021,Support activities for other mining and quarrying,Czechia
CZ,B0990,2022,Support activities for other mining and quarrying,Czechia
CZ,B0990,2023,Support activities for other mining and quarrying,Czechia
CZ,B0990,2024,Support activities for other mining and quarrying,Czechia
CZ,C1031,2022,Processing and preserving of potatoes,Czechia
CZ,C1031,2023,Processing and preserving of potatoes,Czechia
CZ,C1031,2024,Processing and preserving of potatoes,Czechia
CZ,C1032,2022,Manufacture of fruit and vegetable juice,Czechia
CZ,C1032,2023,Manufacture of fruit and vegetable juice,Czechia
CZ,C1032,2024,Manufacture of fruit and vegetable juice,Czechia
CZ,C1041,2021,Manufacture of oils and fats,Czechia
CZ,C1041,2022,Manufacture of oils and fats,Czechia
CZ,C1041,2023,Manufacture of oils and fats,Czechia
CZ,C1041,2024,Manufacture of oils and fats,Czechia
CZ,C1042,2021,Manufacture of margarine and similar edible fats,Czechia
CZ,C1042,2022,Manufacture of margarine and similar edible fats,Czechia
CZ,C1042,2023,Manufacture of margarine and similar edible fats,Czechia
CZ,C1042,2024,Manufacture of margarine and similar edible fats,Czechia
CZ,C1101,2021,"Distilling, rectifying and blending of spirits",Czechia
CZ,C1101,2022,"Distilling, rectifying and blending of spirits",Czechia
CZ,C1101,2023,"Distilling, rectifying and blending of spirits",Czechia
CZ,C1101,2024,"Distilling, rectifying and blending of spirits",Czechia
CZ,C1102,2021,Manufacture of wine from grape,Czechia
CZ,C1102,2022,Manufacture of wine from grape,Czechia
CZ,C1102,2023,Manufacture of wine from grape,Czechia
CZ,C1102,2024,Manufacture of wine from grape,Czechia
CZ,C1103,2021,Manufacture of cider and other fruit wines,Czechia
CZ,C1103,2022,Manufacture of cider and other fruit wines,Czechia
CZ,C1103,2023,Manufacture of cider and other fruit wines,Czechia
CZ,C1103,2024,Manufacture of cider and other fruit wines,Czechia
CZ,C1104,2021,Manufacture of other non-distilled fermented beverages,Czechia
CZ,C1104,2022,Manufacture of other non-distilled fermented beverages,Czechia
CZ,C1104,2023,Manufacture of other non-distilled fermented beverages,Czechia
CZ,C1104,2024,Manufacture of other non-distilled fermented beverages,Czechia
CZ,C1105,2021,Manufacture of beer,Czechia
CZ,C1105,2022,Manufacture of beer,Czechia
CZ,C1105,2023,Manufacture of beer,Czechia
CZ,C1105,2024,Manufacture of beer,Czechia
CZ,C1106,2021,Manufacture of malt,Czechia
CZ,C1106,2022,Manufacture of malt,Czechia
CZ,C1106,2023,Manufacture of malt,Czechia
CZ,C1106,2024,Manufacture of malt,Czechia
CZ,C1107,2021,Manufacture of soft drinks; production of mineral waters and other bottled waters,Czechia
CZ,C1107,2022,Manufacture of soft drinks; production of mineral waters and other bottled waters,Czechia
CZ,C1107,2023,Manufacture of soft drinks; production of mineral waters and other bottled waters,Czechia
CZ,C1107,2024,Manufacture of soft drinks; production of mineral waters and other bottled waters,Czechia
CZ,C1200,2021,Manufacture of tobacco products,Czechia
CZ,C1200,2022,Manufacture of tobacco products,Czechia
CZ,C1200,2023,Manufacture of tobacco products,Czechia
CZ,C1200,2024,Manufacture of tobacco products,Czechia
CZ,C1711,2021,Manufacture of pulp,Czechia
CZ,C1711,2022,Manufacture of pulp,Czechia
CZ,C1711,2023,Manufacture of pulp,Czechia
CZ,C1711,2024,Manufacture of pulp,Czechia
CZ,C1712,2021,Manufacture of paper and paperboard,Czechia
CZ,C1712,2022,Manufacture of paper and paperboard,Czechia
CZ,C1712,2023,Manufacture of paper and paperboard,Czechia
CZ,C1712,2024,Manufacture of paper and paperboard,Czechia
CZ,C1723,2021,Manufacture of paper stationery,Czechia
CZ,C1723,2022,Manufacture of paper stationery,Czechia
CZ,C1723,2023,Manufacture of paper stationery,Czechia
CZ,C1723,2024,Manufacture of paper stationery,Czechia
CZ,C1724,2021,Manufacture of wallpaper,Czechia
CZ,C1724,2022,Manufacture of wallpaper,Czechia
CZ,C1724,2023,Manufacture of wallpaper,Czechia
CZ,C1724,2024,Manufacture of wallpaper,Czechia
CZ,C1811,2021,Printing of newspapers,Czechia
CZ,C1811,2022,Printing of newspapers,Czechia
CZ,C1811,2023,Printing of newspapers,Czechia
CZ,C1811,2024,Printing of newspapers,Czechia
CZ,C1812,2021,Other printing,Czechia
CZ,C1812,2022,Other printing,Czechia
CZ,C1812,2023,Other printing,Czechia
CZ,C1812,2024,Other printing,Czechia
CZ,C1813,2021,Pre-press and pre-media services,Czechia
CZ,C1813,2022,Pre-press and pre-media services,Czechia
CZ,C1813,2023,Pre-press and pre-media services,Czechia
CZ,C1813,2024,Pre-press and pre-media services,Czechia
CZ,C1814,2021,Binding and related services,Czechia
CZ,C1814,2022,Binding and related services,Czechia
CZ,C1814,2023,Binding and related services,Czechia
CZ,C1814,2024,Binding and related services,Czechia
CZ,C1820,2021,Reproduction of recorded media,Czechia
CZ,C1820,2022,Reproduction of recorded media,Czechia
CZ,C1820,2023,Reproduction of recorded media,Czechia
CZ,C1820,2024,Reproduction of recorded media,Czechia
CZ,C1910,2021,Manufacture of coke oven products,Czechia
CZ,C1910,2022,Manufacture of coke oven products,Czechia
CZ,C1910,2023,Manufacture of coke oven products,Czechia
CZ,C1910,2024,Manufacture of coke oven products,Czechia
CZ,C1920,2021,Manufacture of refined petroleum products,Czechia
CZ,C1920,2022,Manufacture of refined petroleum products,Czechia
CZ,C1920,2023,Manufacture of refined petroleum products,Czechia
CZ,C1920,2024,Manufacture of refined petroleum products,Czechia
CZ,C2052,2021,Manufacture of glues,Czechia
CZ,C2053,2021,Manufacture of essential oils,Czechia
CZ,C2311,2021,Manufacture of flat glass,Czechia
CZ,C2311,2022,Manufacture of flat glass,Czechia
CZ,C2311,2023,Manufacture of flat glass,Czechia
CZ,C2311,2024,Manufacture of flat glass,Czechia
CZ,C2319,2021,"Manufacture and processing of other glass, including technical glassware",Czechia
CZ,C2319,2022,"Manufacture and processing of other glass, including technical glassware",Czechia
CZ,C2319,2023,"Manufacture and processing of other glass, including technical glassware",Czechia
CZ,C2319,2024,"Manufacture and processing of other glass, including technical glassware",Czechia
CZ,C2331,2021,Manufacture of ceramic tiles and flags,Czechia
CZ,C2331,2022,Manufacture of ceramic tiles and flags,Czechia
CZ,C2331,2023,Manufacture of ceramic tiles and flags,Czechia
CZ,C2331,2024,Manufacture of ceramic tiles and flags,Czechia
CZ,C2332,2021,"Manufacture of bricks, tiles and construction products, in baked clay",Czechia
CZ,C2332,2022,"Manufacture of bricks, tiles and construction products, in baked clay",Czechia
CZ,C2332,2023,"Manufacture of bricks, tiles and construction products, in baked clay",Czechia
CZ,C2332,2024,"Manufacture of bricks, tiles and construction products, in baked clay",Czechia
CZ,C2362,2021,Manufacture of plaster products for construction purposes,Czechia
CZ,C2362,2022,Manufacture of plaster products for construction purposes,Czechia
CZ,C2365,2021,Manufacture of fibre cement,Czechia
CZ,C2365,2022,Manufacture of fibre cement,Czechia
CZ,C2431,2021,Cold drawing of bars,Czechia
CZ,C2431,2022,Cold drawing of bars,Czechia
CZ,C2431,2023,Cold drawing of bars,Czechia
CZ,C2431,2024,Cold drawing of bars,Czechia
CZ,C2432,2021,Cold rolling of narrow strip,Czechia
CZ,C2432,2022,Cold rolling of narrow strip,Czechia
CZ,C2432,2023,Cold rolling of narrow strip,Czechia
CZ,C2432,2024,Cold rolling of narrow strip,Czechia
CZ,C2444,2021,Copper production,Czechia
CZ,C2444,2022,Copper production,Czechia
CZ,C2444,2023,Copper production,Czechia
CZ,C2444,2024,Copper production,Czechia
CZ,C2445,2021,Other non-ferrous metal production,Czechia
CZ,C2445,2022,Other non-ferrous metal production,Czechia
CZ,C2445,2023,Other non-ferrous metal production,Czechia
CZ,C2445,2024,Other non-ferrous metal production,Czechia
CZ,C3011,2024,Building of ships and floating structures,Czechia
CZ,C3012,2022,Building of pleasure and sporting boats,Czechia
CZ,C3040,2022,Manufacture of military fighting vehicles,Czechia
CZ,C3040,2024,Manufacture of military fighting vehicles,Czechia
CZ,C3211,2021,Striking of coins,Czechia
CZ,C3211,2022,Striking of coins,Czechia
CZ,C3211,2023,Striking of coins,Czechia
CZ,C3211,2024,Striking of coins,Czechia
CZ,C3213,2021,Manufacture of imitation jewellery and related articles,Czechia
CZ,C3213,2022,Manufacture of imitation jewellery and related articles,Czechia
CZ,C3213,2023,Manufacture of imitation jewellery and related articles,Czechia
CZ,C3213,2024,Manufacture of imitation jewellery and related articles,Czechia
CZ,D3511,2021,Production of electricity,Czechia
CZ,D3511,2022,Production of electricity,Czechia
CZ,D3511,2023,Production of electricity,Czechia
CZ,D3511,2024,Production of electricity,Czechia
CZ,D3512,2021,Transmission of electricity,Czechia
CZ,D3512,2022,Transmission of electricity,Czechia
CZ,D3512,2023,Transmission of electricity,Czechia
CZ,D3512,2024,Transmission of electricity,Czechia
CZ,D3513,2021,Distribution of electricity,Czechia
CZ,D3513,2022,Distribution of electricity,Czechia
CZ,D3513,2023,Distribution of electricity,Czechia
CZ,D3513,2024,Distribution of electricity,Czechia
CZ,D3514,2021,Trade of electricity,Czechia
CZ,D3514,2022,Trade of electricity,Czechia
CZ,D3514,2023,Trade of electricity,Czechia
CZ,D3514,2024,Trade of electricity,Czechia
CZ,D3521,2021,Manufacture of gas,Czechia
CZ,D3521,2022,Manufacture of gas,Czechia
CZ,D3521,2023,Manufacture of gas,Czechia
CZ,D3521,2024,Manufacture of gas,Czechia
CZ,D3522,2021,Distribution of gaseous fuels through mains,Czechia
CZ,D3522,2022,Distribution of gaseous fuels through mains,Czechia
CZ,D3522,2023,Distribution of gaseous fuels through mains,Czechia
CZ,D3522,2024,Distribution of gaseous fuels through mains,Czechia
CZ,D3523,2021,Trade of gas through mains,Czechia
CZ,D3523,2022,Trade of gas through mains,Czechia
CZ,D3523,2023,Trade of gas through mains,Czechia
CZ,D3523,2024,Trade of gas through mains,Czechia
CZ,G4611,2021,"Agents involved in the sale of agricultural raw materials, live animals, textile raw materials and semi-finished goods",Czechia
CZ,G4611,2022,"Agents involved in the sale of agricultural raw materials, live animals, textile raw materials and semi-finished goods",Czechia
CZ,G4611,2023,"Agents involved in the sale of agricultural raw materials, live animals, textile raw materials and semi-finished goods",Czechia
CZ,G4611,2024,"Agents involved in the sale of agricultural raw materials, live animals, textile raw materials and semi-finished goods",Czechia
CZ,G4612,2021,"Agents involved in the sale of fuels, ores, metals and industrial chemicals",Czechia
CZ,G4612,2022,"Agents involved in the sale of fuels, ores, metals and industrial chemicals",Czechia
CZ,G4612,2023,"Agents involved in the sale of fuels, ores, metals and industrial chemicals",Czechia
CZ,G4612,2024,"Agents involved in the sale of fuels, ores, metals and industrial chemicals",Czechia
CZ,G4613,2021,Agents involved in the sale of timber and building materials,Czechia
CZ,G4613,2022,Agents involved in the sale of timber and building materials,Czechia
CZ,G4613,2023,Agents involved in the sale of timber and building materials,Czechia
CZ,G4613,2024,Agents involved in the sale of timber and building materials,Czechia
CZ,G4614,2021,"Agents involved in the sale of machinery, industrial equipment, ships and aircraft",Czechia
CZ,G4614,2022,"Agents involved in the sale of machinery, industrial equipment, ships and aircraft",Czechia
CZ,G4614,2023,"Agents involved in the sale of machinery, industrial equipment, ships and aircraft",Czechia
CZ,G4614,2024,"Agents involved in the sale of machinery, industrial equipment, ships and aircraft",Czechia
CZ,G4615,2021,"Agents involved in the sale of furniture, household goods, hardware and ironmongery",Czechia
CZ,G4615,2022,"Agents involved in the sale of furniture, household goods, hardware and ironmongery",Czechia
CZ,G4615,2023,"Agents involved in the sale of furniture, household goods, hardware and ironmongery",Czechia
CZ,G4615,2024,"Agents involved in the sale of furniture, household goods, hardware and ironmongery",Czechia
CZ,G4616,2021,"Agents involved in the sale of textiles, clothing, fur, footwear and leather goods",Czechia
CZ,G4616,2022,"Agents involved in the sale of textiles, clothing, fur, footwear and leather goods",Czechia
CZ,G4616,2023,"Agents involved in the sale of textiles, clothing, fur, footwear and leather goods",Czechia
CZ,G4616,2024,"Agents involved in the sale of textiles, clothing, fur, footwear and leather goods",Czechia
CZ,G4617,2021,"Agents involved in the sale of food, beverages and tobacco",Czechia
CZ,G4617,2022,"Agents involved in the sale of food, beverages and tobacco",Czechia
CZ,G4617,2023,"Agents involved in the sale of food, beverages and tobacco",Czechia
CZ,G4617,2024,"Agents involved in the sale of food, beverages and tobacco",Czechia
CZ,G4618,2021,Agents specialised in the sale of other particular products,Czechia
CZ,G4618,2022,Agents specialised in the sale of other particular products,Czechia
CZ,G4618,2023,Agents specialised in the sale of other particular products,Czechia
CZ,G4618,2024,Agents specialised in the sale of other particular products,Czechia
CZ,G4619,2021,Agents involved in the sale of a variety of goods,Czechia
CZ,G4619,2022,Agents involved in the sale of a variety of goods,Czechia
CZ,G4619,2023,Agents involved in the sale of a variety of goods,Czechia
CZ,G4619,2024,Agents involved in the sale of a variety of goods,Czechia
CZ,G4723,2021,"Retail sale of fish, crustaceans and molluscs in specialised stores",Czechia
CZ,G4723,2022,"Retail sale of fish, crustaceans and molluscs in specialised stores",Czechia
CZ,G4723,2023,"Retail sale of fish, crustaceans and molluscs in specialised stores",Czechia
CZ,G4723,2024,"Retail sale of fish, crustaceans and molluscs in specialised stores",Czechia
CZ,G4729,2021,Other retail sale of food in specialised stores,Czechia
CZ,G4729,2022,Other retail sale of food in specialised stores,Czechia
CZ,G4729,2023,Other retail sale of food in specialised stores,Czechia
CZ,G4729,2024,Other retail sale of food in specialised stores,Czechia
CZ,G4743,2021,Retail sale of audio and video equipment in specialised stores,Czechia
CZ,G4743,2022,Retail sale of audio and video equipment in specialised stores,Czechia
CZ,G4743,2023,Retail sale of audio and video equipment in specialised stores,Czechia
CZ,G4743,2024,Retail sale of audio and video equipment in specialised stores,Czechia
CZ,G4778,2021,Other retail sale of new goods in specialised stores,Czechia
CZ,G4778,2022,Other retail sale of new goods in specialised stores,Czechia
CZ,G4778,2023,Other retail sale of new goods in specialised stores,Czechia
CZ,G4778,2024,Other retail sale of new goods in specialised stores,Czechia
CZ,G4779,2021,Retail sale of second-hand goods in stores,Czechia
CZ,G4779,2022,Retail sale of second-hand goods in stores,Czechia
CZ,G4779,2023,Retail sale of second-hand goods in stores,Czechia
CZ,G4779,2024,Retail sale of second-hand goods in stores,Czechia
CZ,G4781,2021,"Retail sale via stalls and markets of food, beverages and tobacco products",Czechia
CZ,G4781,2022,"Retail sale via stalls and markets of food, beverages and tobacco products",Czechia
CZ,G4781,2023,"Retail sale via stalls and markets of food, beverages and tobacco products",Czechia
CZ,G4781,2024,"Retail sale via stalls and markets of food, beverages and tobacco products",Czechia
CZ,G4782,2021,"Retail sale via stalls and markets of textiles, clothing and footwear",Czechia
CZ,G4782,2022,"Retail sale via stalls and markets of textiles, clothing and footwear",Czechia
CZ,G4782,2023,"Retail sale via stalls and markets of textiles, clothing and footwear",Czechia
CZ,G4782,2024,"Retail sale via stalls and markets of textiles, clothing and footwear",Czechia
CZ,G4789,2021,Retail sale via stalls and markets of other goods,Czechia
CZ,G4789,2022,Retail sale via stalls and markets of other goods,Czechia
CZ,G4789,2023,Retail sale via stalls and markets of other goods,Czechia
CZ,G4789,2024,Retail sale via stalls and markets of other goods,Czechia
CZ,H4910,2021,"Passenger rail transport, interurban",Czechia
CZ,H4910,2022,"Passenger rail transport, interurban",Czechia
CZ,H4910,2023,"Passenger rail transport, interurban",Czechia
CZ,H4910,2024,"Passenger rail transport, interurban",Czechia
CZ,H4920,2021,Freight rail transport,Czechia
CZ,H4920,2022,Freight rail transport,Czechia
CZ,H4920,2023,Freight rail transport,Czechia
CZ,H4920,2024,Freight rail transport,Czechia
CZ,H4950,2021,Transport via pipeline,Czechia
CZ,H4950,2022,Transport via pipeline,Czechia
CZ,H4950,2023,Transport via pipeline,Czechia
CZ,H4950,2024,Transport via pipeline,Czechia
CZ,H5010,2021,Sea and coastal passenger water transport,Czechia
CZ,H5010,2022,Sea and coastal passenger water transport,Czechia
CZ,H5010,2023,Sea and coastal passenger water transport,Czechia
CZ,H5010,2024,Sea and coastal passenger water transport,Czechia
CZ,H5030,2021,Inland passenger water transport,Czechia
CZ,H5030,2022,Inland passenger water transport,Czechia
CZ,H5030,2023,Inland passenger water transport,Czechia
CZ,H5030,2024,Inland passenger water transport,Czechia
CZ,H5110,2021,Passenger air transport,Czechia
CZ,H5110,2022,Passenger air transport,Czechia
CZ,H5110,2023,Passenger air transport,Czechia
CZ,H5110,2024,Passenger air transport,Czechia
CZ,H5121,2021,Freight air transport,Czechia
CZ,H5121,2022,Freight air transport,Czechia
CZ,H5121,2023,Freight air transport,Czechia
CZ,H5121,2024,Freight air transport,Czechia
CZ,H5310,2021,Postal activities under universal service obligation,Czechia
CZ,H5310,2022,Postal activities under universal service obligation,Czechia
CZ,H5310,2023,Postal activities under universal service obligation,Czechia
CZ,H5310,2024,Postal activities under universal service obligation,Czechia
CZ,H5320,2021,Other postal and courier activities,Czechia
CZ,H5320,2022,Other postal and courier activities,Czechia
CZ,H5320,2023,Other postal and courier activities,Czechia
CZ,H5320,2024,Other postal and courier activities,Czechia
CZ,I5621,2021,Event catering activities,Czechia
CZ,I5621,2022,Event catering activities,Czechia
CZ,I5621,2023,Event catering activities,Czechia
CZ,I5621,2024,Event catering activities,Czechia
CZ,I5629,2021,Other food service activities,Czechia
CZ,I5629,2022,Other food service activities,Czechia
CZ,I5629,2023,Other food service activities,Czechia
CZ,I5629,2024,Other food service activities,Czechia
CZ,J5812,2021,Publishing of directories and mailing lists,Czechia
CZ,J5812,2022,Publishing of directories and mailing lists,Czechia
CZ,J5812,2023,Publishing of directories and mailing lists,Czechia
CZ,J5812,2024,Publishing of directories and mailing lists,Czechia
CZ,J6391,2021,News agency activities,Czechia
CZ,J6391,2022,News agency activities,Czechia
CZ,J6391,2023,News agency activities,Czechia
CZ,J6391,2024,News agency activities,Czechia
CZ,J6399,2021,Other information service activities n.e.c.,Czechia
CZ,J6399,2022,Other information service activities n.e.c.,Czechia
CZ,J6399,2023,Other information service activities n.e.c.,Czechia
CZ,J6399,2024,Other information service activities n.e.c.,Czechia
CZ,K6411,2021,Central banking,Czechia
CZ,K6411,2022,Central banking,Czechia
CZ,K6411,2023,Central banking,Czechia
CZ,K6411,2024,Central banking,Czechia
CZ,K6419,2021,Other monetary intermediation,Czechia
CZ,K6419,2022,Other monetary intermediation,Czechia
CZ,K6419,2023,Other monetary intermediation,Czechia
CZ,K6419,2024,Other monetary intermediation,Czechia
CZ,K6511,2021,Life insurance,Czechia
CZ,K6511,2022,Life insurance,Czechia
CZ,K6511,2023,Life insurance,Czechia
CZ,K6511,2024,Life insurance,Czechia
CZ,K6520,2021,Reinsurance,Czechia
CZ,K6520,2022,Reinsurance,Czechia
CZ,K6520,2023,Reinsurance,Czechia
CZ,K6520,2024,Reinsurance,Czechia
CZ,M7211,2021,Research and experimental development on biotechnology,Czechia
CZ,M7211,2022,Research and experimental development on biotechnology,Czechia
CZ,M7211,2023,Research and experimental development on biotechnology,Czechia
CZ,M7211,2024,Research and experimental development on biotechnology,Czechia
CZ,M7219,2021,Other research and experimental development on natural sciences and engineering,Czechia
CZ,M7219,2022,Other research and experimental development on natural sciences and engineering,Czechia
CZ,M7219,2023,Other research and experimental development on natural sciences and engineering,Czechia
CZ,M7219,2024,Other research and experimental development on natural sciences and engineering,Czechia
CZ,N7731,2023,Renting and leasing of agricultural machinery and equipment,Czechia
CZ,N7731,2024,Renting and leasing of agricultural machinery and equipment,Czechia
CZ,N7734,2023,Renting and leasing of water transport equipment,Czechia
CZ,N7734,2024,Renting and leasing of water transport equipment,Czechia
CZ,N7911,2021,Travel agency activities,Czechia
CZ,N7911,2022,Travel agency activities,Czechia
CZ,N7911,2023,Travel agency activities,Czechia
CZ,N7911,2024,Travel agency activities,Czechia
CZ,N7912,2021,Tour operator activities,Czechia
CZ,N7912,2022,Tour operator activities,Czechia
CZ,N7912,2023,Tour operator activities,Czechia
CZ,N7912,2024,Tour operator activities,Czechia
CZ,N7990,2021,Other reservation service and related activities,Czechia
CZ,N8211,2021,Combined office administrative service activities,Czechia
CZ,N8211,2022,Combined office administrative service activities,Czechia
CZ,N8211,2023,Combined office administrative service activities,Czechia
CZ,N8211,2024,Combined office administrative service activities,Czechia
CZ,N8219,2021,"Photocopying, document preparation and other specialised office support activities",Czechia
CZ,N8219,2022,"Photocopying, document preparation and other specialised office support activities",Czechia
CZ,N8219,2023,"Photocopying, document preparation and other specialised office support activities",Czechia
CZ,N8219,2024,"Photocopying, document preparation and other specialised office support activities",Czechia
CZ,N8291,2021,Activities of collection agencies and credit bureaus,Czechia
CZ,N8291,2022,Activities of collection agencies and credit bureaus,Czechia
CZ,N8291,2023,Activities of collection agencies and credit bureaus,Czechia
CZ,N8291,2024,Activities of collection agencies and credit bureaus,Czechia
CZ,N8292,2021,Packaging activities,Czechia
CZ,N8292,2022,Packaging activities,Czechia
CZ,N8292,2023,Packaging activities,Czechia
CZ,N8292,2024,Packaging activities,Czechia
CZ,N8299,2021,Other business support service activities n.e.c.,Czechia
CZ,N8299,2022,Other business support service activities n.e.c.,Czechia
CZ,N8299,2023,Other business support service activities n.e.c.,Czechia
CZ,N8299,2024,Other business support service activities n.e.c.,Czechia
CZ,S9604,2021,Physical well-being activities,Czechia
CZ,S9604,2022,Physical well-being activities,Czechia
CZ,S9604,2023,Physical well-being activities,Czechia
CZ,S9604,2024,Physical well-being activities,Czechia
CZ,S9609,2021,Other personal service activities n.e.c.,Czechia
CZ,S9609,2022,Other personal service activities n.e.c.,Czechia
CZ,S9609,2023,Other personal service activities n.e.c.,Czechia
CZ,S9609,2024,Other personal service activities n.e.c.,Czechia
DE,B0510,2021,Mining of hard coal,Germany
DE,B0510,2022,Mining of hard coal,Germany
DE,B0510,2023,Mining of hard coal,Germany
DE,B0510,2024,Mining of hard coal,Germany
DE,B0520,2021,Mining of lignite,Germany
DE,B0520,2022,Mining of lignite,Germany
DE,B0520,2023,Mining of lignite,Germany
DE,B0520,2024,Mining of lignite,Germany
DE,B0610,2021,Extraction of crude petroleum,Germany
DE,B0610,2022,Extraction of crude petroleum,Germany
DE,B0610,2023,Extraction of crude petroleum,Germany
DE,B0610,2024,Extraction of crude petroleum,Germany
DE,B0620,2021,Extraction of natural gas,Germany
DE,B0620,2022,Extraction of natural gas,Germany
DE,B0620,2023,Extraction of natural gas,Germany
DE,B0620,2024,Extraction of natural gas,Germany
DE,B0710,2021,Mining of iron ores,Germany
DE,B0710,2022,Mining of iron ores,Germany
DE,B0710,2023,Mining of iron ores,Germany
DE,B0710,2024,Mining of iron ores,Germany
DE,B0729,2021,Mining of other non-ferrous metal ores,Germany
DE,B0729,2022,Mining of other non-ferrous metal ores,Germany
DE,B0729,2023,Mining of other non-ferrous metal ores,Germany
DE,B0891,2021,Mining of chemical and fertiliser minerals,Germany
DE,B0891,2022,Mining of chemical and fertiliser minerals,Germany
DE,B0893,2021,Extraction of salt,Germany
DE,B0893,2022,Extraction of salt,Germany
DE,B0990,2024,Support activities for other mining and quarrying,Germany
DE,C1103,2021,Manufacture of cider and other fruit wines,Germany
DE,C1103,2022,Manufacture of cider and other fruit wines,Germany
DE,C1103,2023,Manufacture of cider and other fruit wines,Germany
DE,C1103,2024,Manufacture of cider and other fruit wines,Germany
DE,C1104,2021,Manufacture of other non-distilled fermented beverages,Germany
DE,C1104,2022,Manufacture of other non-distilled fermented beverages,Germany
DE,C1104,2023,Manufacture of other non-distilled fermented beverages,Germany
DE,C1104,2024,Manufacture of other non-distilled fermented beverages,Germany
DE,C1910,2023,Manufacture of coke oven products,Germany
DE,C1920,2023,Manufacture of refined petroleum products,Germany
DE,C2443,2024,"Lead, zinc and tin production",Germany
DE,C2446,2024,Processing of nuclear fuel,Germany
DE,H4910,2022,"Passenger rail transport, interurban",Germany
DE,H4950,2022,Transport via pipeline,Germany
DE,H5121,2024,Freight air transport,Germany
DE,H5122,2024,Space transport,Germany
DE,K6411,2021,Central banking,Germany
DE,K6411,2022,Central banking,Germany
DE,K6419,2021,Other monetary intermediation,Germany
DE,K6419,2022,Other monetary intermediation,Germany
DK,B0610,2021,Extraction of crude petroleum,Denmark
DK,B0610,2022,Extraction of crude petroleum,Denmark
DK,B0620,2021,Extraction of natural gas,Denmark
DK,B0620,2022,Extraction of natural gas,Denmark
DK,B0891,2023,Mining of chemical and fertiliser minerals,Denmark
DK,B0891,2024,Mining of chemical and fertiliser minerals,Denmark
DK,B0892,2021,Extraction of peat,Denmark
DK,B0892,2022,Extraction of peat,Denmark
DK,B0892,2023,Extraction of peat,Denmark
DK,B0892,2024,Extraction of peat,Denmark
DK,B0893,2021,Extraction of salt,Denmark
DK,B0893,2022,Extraction of salt,Denmark
DK,B0893,2023,Extraction of salt,Denmark
DK,B0893,2024,Extraction of salt,Denmark
DK,B0899,2021,Other mining and quarrying n.e.c.,Denmark
DK,B0899,2022,Other mining and quarrying n.e.c.,Denmark
DK,B0899,2023,Other mining and quarrying n.e.c.,Denmark
DK,B0899,2024,Other mining and quarrying n.e.c.,Denmark
DK,C1012,2021,Processing and preserving of poultry meat,Denmark
DK,C1012,2022,Processing and preserving of poultry meat,Denmark
DK,C1012,2023,Processing and preserving of poultry meat,Denmark
DK,C1012,2024,Processing and preserving of poultry meat,Denmark
DK,C1013,2021,Production of meat and poultry meat products,Denmark
DK,C1013,2022,Production of meat and poultry meat products,Denmark
DK,C1013,2023,Production of meat and poultry meat products,Denmark
DK,C1013,2024,Production of meat and poultry meat products,Denmark
DK,C1031,2021,Processing and preserving of potatoes,Denmark
DK,C1031,2022,Processing and preserving of potatoes,Denmark
DK,C1031,2023,Processing and preserving of potatoes,Denmark
DK,C1031,2024,Processing and preserving of potatoes,Denmark
DK,C1032,2021,Manufacture of fruit and vegetable juice,Denmark
DK,C1032,2022,Manufacture of fruit and vegetable juice,Denmark
DK,C1032,2023,Manufacture of fruit and vegetable juice,Denmark
DK,C1032,2024,Manufacture of fruit and vegetable juice,Denmark
DK,C1039,2023,Other processing and preserving of fruit and vegetables,Denmark
DK,C1039,2024,Other processing and preserving of fruit and vegetables,Denmark
DK,C1041,2022,Manufacture of oils and fats,Denmark
DK,C1041,2024,Manufacture of oils and fats,Denmark
DK,C1042,2021,Manufacture of margarine and similar edible fats,Denmark
DK,C1042,2022,Manufacture of margarine and similar edible fats,Denmark
DK,C1042,2023,Manufacture of margarine and similar edible fats,Denmark
DK,C1042,2024,Manufacture of margarine and similar edible fats,Denmark
DK,C1051,2021,Operation of dairies and cheese making,Denmark
DK,C1051,2022,Operation of dairies and cheese making,Denmark
DK,C1051,2023,Operation of dairies and cheese making,Denmark
DK,C1051,2024,Operation of dairies and cheese making,Denmark
DK,C1062,2022,Manufacture of starches and starch products,Denmark
DK,C1062,2024,Manufacture of starches and starch products,Denmark
DK,C1071,2021,Manufacture of bread; manufacture of fresh pastry goods and cakes,Denmark
DK,C1072,2021,Manufacture of rusks and biscuits; manufacture of preserved pastry goods and cakes,Denmark
DK,C1072,2022,Manufacture of rusks and biscuits; manufacture of preserved pastry goods and cakes,Denmark
DK,C1073,2021,"Manufacture of macaroni, noodles, couscous and similar farinaceous products",Denmark
DK,C1073,2022,"Manufacture of macaroni, noodles, couscous and similar farinaceous products",Denmark
DK,C1081,2021,Manufacture of sugar,Denmark
DK,C1081,2022,Manufacture of sugar,Denmark
DK,C1081,2023,Manufacture of sugar,Denmark
DK,C1081,2024,Manufacture of sugar,Denmark
DK,C1085,2021,Manufacture of prepared meals and dishes,Denmark
DK,C1085,2022,Manufacture of prepared meals and dishes,Denmark
DK,C1085,2023,Manufacture of prepared meals and dishes,Denmark
DK,C1085,2024,Manufacture of prepared meals and dishes,Denmark
DK,C1086,2021,Manufacture of homogenised food preparations and dietetic food,Denmark
DK,C1086,2022,Manufacture of homogenised food preparations and dietetic food,Denmark
DK,C1091,2021,Manufacture of prepared feeds for farm animals,Denmark
DK,C1091,2022,Manufacture of prepared feeds for farm animals,Denmark
DK,C1091,2023,Manufacture of prepared feeds for farm animals,Denmark
DK,C1091,2024,Manufacture of prepared feeds for farm animals,Denmark
DK,C1092,2021,Manufacture of prepared pet foods,Denmark
DK,C1092,2022,Manufacture of prepared pet foods,Denmark
DK,C1092,2023,Manufacture of prepared pet foods,Denmark
DK,C1092,2024,Manufacture of prepared pet foods,Denmark
DK,C1101,2023,"Distilling, rectifying and blending of spirits",Denmark
DK,C1101,2024,"Distilling, rectifying and blending of spirits",Denmark
DK,C1104,2021,Manufacture of other non-distilled fermented beverages,Denmark
DK,C1105,2021,Manufacture of beer,Denmark
DK,C1105,2022,Manufacture of beer,Denmark
DK,C1106,2021,Manufacture of malt,Denmark
DK,C1106,2022,Manufacture of malt,Denmark
DK,C1106,2023,Manufacture of malt,Denmark
DK,C1106,2024,Manufacture of malt,Denmark
DK,C1310,2021,Preparation and spinning of textile fibres,Denmark
DK,C1310,2022,Preparation and spinning of textile fibres,Denmark
DK,C1310,2023,Preparation and spinning of textile fibres,Denmark
DK,C1310,2024,Preparation and spinning of textile fibres,Denmark
DK,C1320,2021,Weaving of textiles,Denmark
DK,C1320,2022,Weaving of textiles,Denmark
DK,C1320,2023,Weaving of textiles,Denmark
DK,C1320,2024,Weaving of textiles,Denmark
DK,C1391,2021,Manufacture of knitted and crocheted fabrics,Denmark
DK,C1391,2022,Manufacture of knitted and crocheted fabrics,Denmark
DK,C1391,2023,Manufacture of knitted and crocheted fabrics,Denmark
DK,C1391,2024,Manufacture of knitted and crocheted fabrics,Denmark
DK,C1399,2021,Manufacture of other textiles n.e.c.,Denmark
DK,C1399,2022,Manufacture of other textiles n.e.c.,Denmark
DK,C1399,2023,Manufacture of other textiles n.e.c.,Denmark
DK,C1399,2024,Manufacture of other textiles n.e.c.,Denmark
DK,C1411,2023,Manufacture of leather clothes,Denmark
DK,C1411,2024,Manufacture of leather clothes,Denmark
DK,C1412,2021,Manufacture of workwear,Denmark
DK,C1412,2022,Manufacture of workwear,Denmark
DK,C1412,2023,Manufacture of workwear,Denmark
DK,C1412,2024,Manufacture of workwear,Denmark
DK,C1414,2021,Manufacture of underwear,Denmark
DK,C1419,2022,Manufacture of other wearing apparel and accessories,Denmark
DK,C1419,2023,Manufacture of other wearing apparel and accessories,Denmark
DK,C1419,2024,Manufacture of other wearing apparel and accessories,Denmark
DK,C1431,2021,Manufacture of knitted and crocheted hosiery,Denmark
DK,C1431,2022,Manufacture of knitted and crocheted hosiery,Denmark
DK,C1431,2023,Manufacture of knitted and crocheted hosiery,Denmark
DK,C1431,2024,Manufacture of knitted and crocheted hosiery,Denmark
DK,C1439,2021,Manufacture of other knitted and crocheted apparel,Denmark
DK,C1439,2022,Manufacture of other knitted and crocheted apparel,Denmark
DK,C1439,2023,Manufacture of other knitted and crocheted apparel,Denmark
DK,C1439,2024,Manufacture of other knitted and crocheted apparel,Denmark
DK,C1511,2021,Tanning and dressing of leather; dressing and dyeing of fur,Denmark
DK,C1511,2022,Tanning and dressing of leather; dressing and dyeing of fur,Denmark
DK,C1511,2023,Tanning and dressing of leather; dressing and dyeing of fur,Denmark
DK,C1512,2023,"Manufacture of luggage, handbags and the like, saddlery and harness",Denmark
DK,C1622,2021,Manufacture of assembled parquet floors,Denmark
DK,C1622,2022,Manufacture of assembled parquet floors,Denmark
DK,C1622,2023,Manufacture of assembled parquet floors,Denmark
DK,C1622,2024,Manufacture of assembled parquet floors,Denmark
DK,C1629,2021,"Manufacture of other products of wood; manufacture of articles of cork, straw and plaiting materials",Denmark
DK,C1629,2022,"Manufacture of other products of wood; manufacture of articles of cork, straw and plaiting materials",Denmark
DK,C1629,2023,"Manufacture of other products of wood; manufacture of articles of cork, straw and plaiting materials",Denmark
DK,C1629,2024,"Manufacture of other products of wood; manufacture of articles of cork, straw and plaiting materials",Denmark
DK,C1711,2021,Manufacture of pulp,Denmark
DK,C1711,2022,Manufacture of pulp,Denmark
DK,C1711,2023,Manufacture of pulp,Denmark
DK,C1711,2024,Manufacture of pulp,Denmark
DK,C1712,2021,Manufacture of paper and paperboard,Denmark
DK,C1712,2022,Manufacture of paper and paperboard,Denmark
DK,C1712,2023,Manufacture of paper and paperboard,Denmark
DK,C1712,2024,Manufacture of paper and paperboard,Denmark
DK,C1722,2021,Manufacture of household and sanitary goods and of toilet requisites,Denmark
DK,C1722,2022,Manufacture of household and sanitary goods and of toilet requisites,Denmark
DK,C1722,2023,Manufacture of household and sanitary goods and of toilet requisites,Denmark
DK,C1722,2024,Manufacture of household and sanitary goods and of toilet requisites,Denmark
DK,C1723,2023,Manufacture of paper stationery,Denmark
DK,C1723,2024,Manufacture of paper stationery,Denmark
DK,C1724,2021,Manufacture of wallpaper,Denmark
DK,C1724,2022,Manufacture of wallpaper,Denmark
DK,C1724,2023,Manufacture of wallpaper,Denmark
DK,C1724,2024,Manufacture of wallpaper,Denmark
DK,C1729,2022,Manufacture of other articles of paper and paperboard,Denmark
DK,C1729,2023,Manufacture of other articles of paper and paperboard,Denmark
DK,C1729,2024,Manufacture of other articles of paper and paperboard,Denmark
DK,C1811,2021,Printing of newspapers,Denmark
DK,C1811,2022,Printing of newspapers,Denmark
DK,C1814,2023,Binding and related services,Denmark
DK,C1814,2024,Binding and related services,Denmark
DK,C1820,2021,Reproduction of recorded media,Denmark
DK,C1820,2022,Reproduction of recorded media,Denmark
DK,C1820,2023,Reproduction of recorded media,Denmark
DK,C1820,2024,Reproduction of recorded media,Denmark
DK,C1920,2021,Manufacture of refined petroleum products,Denmark
DK,C1920,2022,Manufacture of refined petroleum products,Denmark
DK,C1920,2023,Manufacture of refined petroleum products,Denmark
DK,C1920,2024,Manufacture of refined petroleum products,Denmark
DK,C2012,2021,Manufacture of dyes and pigments,Denmark
DK,C2012,2022,Manufacture of dyes and pigments,Denmark
DK,C2012,2023,Manufacture of dyes and pigments,Denmark
DK,C2012,2024,Manufacture of dyes and pigments,Denmark
DK,C2013,2021,Manufacture of other inorganic basic chemicals,Denmark
DK,C2013,2022,Manufacture of other inorganic basic chemicals,Denmark
DK,C2013,2023,Manufacture of other inorganic basic chemicals,Denmark
DK,C2013,2024,Manufacture of other inorganic basic chemicals,Denmark
DK,C2014,2021,Manufacture of other organic basic chemicals,Denmark
DK,C2014,2022,Manufacture of other organic basic chemicals,Denmark
DK,C2014,2023,Manufacture of other organic basic chemicals,Denmark
DK,C2014,2024,Manufacture of other organic basic chemicals,Denmark
DK,C2015,2024,Manufacture of fertilisers and nitrogen compounds,Denmark
DK,C2016,2024,Manufacture of plastics in primary forms,Denmark
DK,C2020,2021,Manufacture of pesticides and other agrochemical products,Denmark
DK,C2020,2022,Manufacture of pesticides and other agrochemical products,Denmark
DK,C2020,2023,Manufacture of pesticides and other agrochemical products,Denmark
DK,C2020,2024,Manufacture of pesticides and other agrochemical products,Denmark
DK,C2051,2024,Manufacture of explosives,Denmark
DK,C2052,2021,Manufacture of glues,Denmark
DK,C2052,2022,Manufacture of glues,Denmark
DK,C2052,2023,Manufacture of glues,Denmark
DK,C2052,2024,Manufacture of glues,Denmark
DK,C2053,2021,Manufacture of essential oils,Denmark
DK,C2053,2022,Manufacture of essential oils,Denmark
DK,C2053,2023,Manufacture of essential oils,Denmark
DK,C2053,2024,Manufacture of essential oils,Denmark
DK,C2060,2021,Manufacture of man-made fibres,Denmark
DK,C2060,2022,Manufacture of man-made fibres,Denmark
DK,C2060,2023,Manufacture of man-made fibres,Denmark
DK,C2060,2024,Manufacture of man-made fibres,Denmark
DK,C2110,2022,Manufacture of basic pharmaceutical products,Denmark
DK,C2120,2022,Manufacture of pharmaceutical preparations,Denmark
DK,C2120,2023,Manufacture of pharmaceutical preparations,Denmark
DK,C2120,2024,Manufacture of pharmaceutical preparations,Denmark
DK,C2211,2024,"""Manufacture of rubber tyres and tubes; retreading and rebuilding of rubber tyres""",Denmark
DK,C2219,2024,Manufacture of other rubber products,Denmark
DK,C2311,2021,Manufacture of flat glass,Denmark
DK,C2311,2022,Manufacture of flat glass,Denmark
DK,C2311,2023,Manufacture of flat glass,Denmark
DK,C2311,2024,Manufacture of flat glass,Denmark
DK,C2313,2021,Manufacture of hollow glass,Denmark
DK,C2313,2022,Manufacture of hollow glass,Denmark
DK,C2313,2023,Manufacture of hollow glass,Denmark
DK,C2313,2024,Manufacture of hollow glass,Denmark
DK,C2319,2021,"Manufacture and processing of other glass, including technical glassware",Denmark
DK,C2319,2022,"Manufacture and processing of other glass, including technical glassware",Denmark
DK,C2319,2023,"Manufacture and processing of other glass, including technical glassware",Denmark
DK,C2319,2024,"Manufacture and processing of other glass, including technical glassware",Denmark
DK,C2320,2021,Manufacture of refractory products,Denmark
DK,C2320,2023,Manufacture of refractory products,Denmark
DK,C2320,2024,Manufacture of refractory products,Denmark
DK,C2343,2023,Manufacture of ceramic insulators and insulating fittings,Denmark
DK,C2343,2024,Manufacture of ceramic insulators and insulating fittings,Denmark
DK,C2344,2021,Manufacture of other technical ceramic products,Denmark
DK,C2344,2023,Manufacture of other technical ceramic products,Denmark
DK,C2344,2024,Manufacture of other technical ceramic products,Denmark
DK,C2349,2021,Manufacture of other ceramic products,Denmark
DK,C2349,2022,Manufacture of other ceramic products,Denmark
DK,C2351,2021,Manufacture of cement,Denmark
DK,C2351,2022,Manufacture of cement,Denmark
DK,C2351,2023,Manufacture of cement,Denmark
DK,C2351,2024,Manufacture of cement,Denmark
DK,C2352,2021,Manufacture of lime and plaster,Denmark
DK,C2352,2022,Manufacture of lime and plaster,Denmark
DK,C2352,2024,Manufacture of lime and plaster,Denmark
DK,C2362,2021,Manufacture of plaster products for construction purposes,Denmark
DK,C2362,2022,Manufacture of plaster products for construction purposes,Denmark
DK,C2362,2023,Manufacture of plaster products for construction purposes,Denmark
DK,C2362,2024,Manufacture of plaster products for construction purposes,Denmark
DK,C2364,2023,Manufacture of mortars,Denmark
DK,C2365,2021,Manufacture of fibre cement,Denmark
DK,C2365,2022,Manufacture of fibre cement,Denmark
DK,C2365,2023,Manufacture of fibre cement,Denmark
DK,C2365,2024,Manufacture of fibre cement,Denmark
DK,C2369,2022,"Manufacture of other articles of concrete, plaster and cement",Denmark
DK,C2410,2021,Manufacture of basic iron and steel and of ferro-alloys,Denmark
DK,C2410,2022,Manufacture of basic iron and steel and of ferro-alloys,Denmark
DK,C2410,2023,Manufacture of basic iron and steel and of ferro-alloys,Denmark
DK,C2410,2024,Manufacture of basic iron and steel and of ferro-alloys,Denmark
DK,C2431,2021,Cold drawing of bars,Denmark
DK,C2431,2023,Cold drawing of bars,Denmark
DK,C2432,2021,Cold rolling of narrow strip,Denmark
DK,C2432,2022,Cold rolling of narrow strip,Denmark
DK,C2432,2023,Cold rolling of narrow strip,Denmark
DK,C2432,2024,Cold rolling of narrow strip,Denmark
DK,C2433,2021,Cold forming or folding,Denmark
DK,C2433,2022,Cold forming or folding,Denmark
DK,C2433,2023,Cold forming or folding,Denmark
DK,C2433,2024,Cold forming or folding,Denmark
DK,C2441,2021,Precious metals production,Denmark
DK,C2441,2022,Precious metals production,Denmark
DK,C2441,2024,Precious metals production,Denmark
DK,C2443,2021,"Lead, zinc and tin production",Denmark
DK,C2443,2022,"Lead, zinc and tin production",Denmark
DK,C2443,2023,"Lead, zinc and tin production",Denmark
DK,C2443,2024,"Lead, zinc and tin production",Denmark
DK,C2444,2021,Copper production,Denmark
DK,C2444,2022,Copper production,Denmark
DK,C2444,2023,Copper production,Denmark
DK,C2444,2024,Copper production,Denmark
DK,C2452,2022,Casting of steel,Denmark
DK,C2454,2022,Casting of other non-ferrous metals,Denmark
DK,C2521,2021,Manufacture of central heating radiators and boilers,Denmark
DK,C2521,2022,Manufacture of central heating radiators and boilers,Denmark
DK,C2521,2023,Manufacture of central heating radiators and boilers,Denmark
DK,C2521,2024,Manufacture of central heating radiators and boilers,Denmark
DK,C2530,2021,"Manufacture of steam generators, except central heating hot water boilers",Denmark
DK,C2530,2022,"Manufacture of steam generators, except central heating hot water boilers",Denmark
DK,C2530,2023,"Manufacture of steam generators, except central heating hot water boilers",Denmark
DK,C2530,2024,"Manufacture of steam generators, except central heating hot water boilers",Denmark
DK,C2591,2021,Manufacture of steel drums and similar containers,Denmark
DK,C2591,2022,Manufacture of steel drums and similar containers,Denmark
DK,C2591,2023,Manufacture of steel drums and similar containers,Denmark
DK,C2591,2024,Manufacture of steel drums and similar containers,Denmark
DK,C2594,2021,Manufacture of fasteners and screw machine products,Denmark
DK,C2594,2022,Manufacture of fasteners and screw machine products,Denmark
DK,C2594,2023,Manufacture of fasteners and screw machine products,Denmark
DK,C2594,2024,Manufacture of fasteners and screw machine products,Denmark
DK,C2630,2024,Manufacture of communication equipment,Denmark
DK,C2660,2024,"Manufacture of irradiation, electromedical and electrotherapeutic equipment",Denmark
DK,C2720,2023,Manufacture of batteries and accumulators,Denmark
DK,C2731,2021,Manufacture of fibre optic cables,Denmark
DK,C2731,2022,Manufacture of fibre optic cables,Denmark
DK,C2731,2023,Manufacture of fibre optic cables,Denmark
DK,C2731,2024,Manufacture of fibre optic cables,Denmark
DK,C2732,2021,Manufacture of other electronic and electric wires and cables,Denmark
DK,C2732,2022,Manufacture of other electronic and electric wires and cables,Denmark
DK,C2732,2023,Manufacture of other electronic and electric wires and cables,Denmark
DK,C2732,2024,Manufacture of other electronic and electric wires and cables,Denmark
DK,C2733,2024,Manufacture of wiring devices,Denmark
DK,C2751,2022,Manufacture of electric domestic appliances,Denmark
DK,C2751,2024,Manufacture of electric domestic appliances,Denmark
DK,C2752,2022,Manufacture of non-electric domestic appliances,Denmark
DK,C2752,2023,Manufacture of non-electric domestic appliances,Denmark
DK,C2752,2024,Manufacture of non-electric domestic appliances,Denmark
DK,C2811,2021,"Manufacture of engines and turbines, except aircraft, vehicle and cycle engines",Denmark
DK,C2811,2022,"Manufacture of engines and turbines, except aircraft, vehicle and cycle engines",Denmark
DK,C2812,2023,Manufacture of fluid power equipment,Denmark
DK,C2812,2024,Manufacture of fluid power equipment,Denmark
DK,C2813,2021,Manufacture of other pumps and compressors,Denmark
DK,C2813,2022,Manufacture of other pumps and compressors,Denmark
DK,C2813,2023,Manufacture of other pumps and compressors,Denmark
DK,C2813,2024,Manufacture of other pumps and compressors,Denmark
DK,C2815,2023,"Manufacture of bearings, gears, gearing and driving elements",Denmark
DK,C2823,2021,Manufacture of office machinery and equipment (except computers and peripheral equipment),Denmark
DK,C2823,2022,Manufacture of office machinery and equipment (except computers and peripheral equipment),Denmark
DK,C2823,2023,Manufacture of office machinery and equipment (except computers and peripheral equipment),Denmark
DK,C2823,2024,Manufacture of office machinery and equipment (except computers and peripheral equipment),Denmark
DK,C2824,2021,Manufacture of power-driven hand tools,Denmark
DK,C2824,2022,Manufacture of power-driven hand tools,Denmark
DK,C2824,2023,Manufacture of power-driven hand tools,Denmark
DK,C2824,2024,Manufacture of power-driven hand tools,Denmark
DK,C2891,2023,Manufacture of machinery for metallurgy,Denmark
DK,C2894,2021,"Manufacture of machinery for textile, apparel and leather production",Denmark
DK,C2894,2022,"Manufacture of machinery for textile, apparel and leather production",Denmark
DK,C2894,2023,"Manufacture of machinery for textile, apparel and leather production",Denmark
DK,C2894,2024,"Manufacture of machinery for textile, apparel and leather production",Denmark
DK,C2895,2021,Manufacture of machinery for paper and paperboard production,Denmark
DK,C2895,2023,Manufacture of machinery for paper and paperboard production,Denmark
DK,C2895,2024,Manufacture of machinery for paper and paperboard production,Denmark
DK,C2896,2022,Manufacture of plastics and rubber machinery,Denmark
DK,C2931,2022,Manufacture of electrical and electronic equipment for motor vehicles,Denmark
DK,C2932,2022,Manufacture of other parts and accessories for motor vehicles,Denmark
DK,C3011,2021,Building of ships and floating structures,Denmark
DK,C3011,2022,Building of ships and floating structures,Denmark
DK,C3012,2021,Building of pleasure and sporting boats,Denmark
DK,C3012,2022,Building of pleasure and sporting boats,Denmark
DK,C3020,2021,Manufacture of railway locomotives and rolling stock,Denmark
DK,C3020,2022,Manufacture of railway locomotives and rolling stock,Denmark
DK,C3020,2023,Manufacture of railway locomotives and rolling stock,Denmark
DK,C3020,2024,Manufacture of railway locomotives and rolling stock,Denmark
DK,C3030,2021,Manufacture of air and spacecraft and related machinery,Denmark
DK,C3040,2021,Manufacture of military fighting vehicles,Denmark
DK,C3040,2022,Manufacture of military fighting vehicles,Denmark
DK,C3040,2023,Manufacture of military fighting vehicles,Denmark
DK,C3040,2024,Manufacture of military fighting vehicles,Denmark
DK,C3091,2021,Manufacture of motorcycles,Denmark
DK,C3091,2022,Manufacture of motorcycles,Denmark
DK,C3091,2023,Manufacture of motorcycles,Denmark
DK,C3091,2024,Manufacture of motorcycles,Denmark
DK,C3099,2021,Manufacture of other transport equipment n.e.c.,Denmark
DK,C3099,2022,Manufacture of other transport equipment n.e.c.,Denmark
DK,C3099,2023,Manufacture of other transport equipment n.e.c.,Denmark
DK,C3099,2024,Manufacture of other transport equipment n.e.c.,Denmark
DK,C3240,2021,Manufacture of games and toys,Denmark
DK,C3240,2022,Manufacture of games and toys,Denmark
DK,C3240,2023,Manufacture of games and toys,Denmark
DK,C3240,2024,Manufacture of games and toys,Denmark
DK,C3250,2021,Manufacture of medical and dental instruments and supplies,Denmark
DK,C3250,2022,Manufacture of medical and dental instruments and supplies,Denmark
DK,C3250,2023,Manufacture of medical and dental instruments and supplies,Denmark
DK,C3250,2024,Manufacture of medical and dental instruments and supplies,Denmark
DK,C3316,2021,Repair and maintenance of aircraft and spacecraft,Denmark
DK,C3316,2022,Repair and maintenance of aircraft and spacecraft,Denmark
DK,C3317,2021,Repair and maintenance of other transport equipment,Denmark
DK,C3317,2022,Repair and maintenance of other transport equipment,Denmark
DK,D3512,2022,Transmission of electricity,Denmark
DK,D3513,2022,Distribution of electricity,Denmark
DK,E3811,2021,Collection of non-hazardous waste,Denmark
DK,E3812,2021,Collection of hazardous waste,Denmark
DK,E3821,2021,Treatment and disposal of non-hazardous waste,Denmark
DK,E3821,2022,Treatment and disposal of non-hazardous waste,Denmark
DK,E3821,2023,Treatment and disposal of non-hazardous waste,Denmark
DK,E3821,2024,Treatment and disposal of non-hazardous waste,Denmark
DK,E3822,2021,Treatment and disposal of hazardous waste,Denmark
DK,E3822,2022,Treatment and disposal of hazardous waste,Denmark
DK,E3822,2023,Treatment and disposal of hazardous waste,Denmark
DK,E3822,2024,Treatment and disposal of hazardous waste,Denmark
DK,F4311,2021,Demolition,Denmark
DK,F4311,2022,Demolition,Denmark
DK,F4313,2021,Test drilling and boring,Denmark
DK,F4313,2022,Test drilling and boring,Denmark
DK,G4611,2021,"Agents involved in the sale of agricultural raw materials, live animals, textile raw materials and semi-finished goods",Denmark
DK,G4611,2022,"Agents involved in the sale of agricultural raw materials, live animals, textile raw materials and semi-finished goods",Denmark
DK,G4611,2023,"Agents involved in the sale of agricultural raw materials, live animals, textile raw materials and semi-finished goods",Denmark
DK,G4611,2024,"Agents involved in the sale of agricultural raw materials, live animals, textile raw materials and semi-finished goods",Denmark
DK,G4612,2024,"Agents involved in the sale of fuels, ores, metals and industrial chemicals",Denmark
DK,G4613,2021,Agents involved in the sale of timber and building materials,Denmark
DK,G4613,2022,Agents involved in the sale of timber and building materials,Denmark
DK,G4613,2023,Agents involved in the sale of timber and building materials,Denmark
DK,G4644,2023,Wholesale of china and glassware and cleaning materials,Denmark
DK,G4644,2024,Wholesale of china and glassware and cleaning materials,Denmark
DK,G4648,2023,Wholesale of watches and jewellery,Denmark
DK,G4648,2024,Wholesale of watches and jewellery,Denmark
DK,G4711,2021,"Retail sale in non-specialised stores with food, beverages or tobacco predominating",Denmark
DK,G4711,2022,"Retail sale in non-specialised stores with food, beverages or tobacco predominating",Denmark
DK,G4711,2023,"Retail sale in non-specialised stores with food, beverages or tobacco predominating",Denmark
DK,G4711,2024,"Retail sale in non-specialised stores with food, beverages or tobacco predominating",Denmark
DK,G4719,2021,Other retail sale in non-specialised stores,Denmark
DK,G4719,2022,Other retail sale in non-specialised stores,Denmark
DK,G4719,2023,Other retail sale in non-specialised stores,Denmark
DK,G4719,2024,Other retail sale in non-specialised stores,Denmark
DK,G4721,2022,Retail sale of fruit and vegetables in specialised stores,Denmark
DK,G4726,2022,Retail sale of tobacco products in specialised stores,Denmark
DK,G4730,2024,Retail sale of automotive fuel in specialised stores,Denmark
DK,G4742,2024,Retail sale of telecommunications equipment in specialised stores,Denmark
DK,G4774,2021,Retail sale of medical and orthopaedic goods in specialised stores,Denmark
DK,G4774,2022,Retail sale of medical and orthopaedic goods in specialised stores,Denmark
DK,G4775,2021,Retail sale of cosmetic and toilet articles in specialised stores,Denmark
DK,G4775,2022,Retail sale of cosmetic and toilet articles in specialised stores,Denmark
DK,G4775,2024,Retail sale of cosmetic and toilet articles in specialised stores,Denmark
DK,G4779,2024,Retail sale of second-hand goods in stores,Denmark
DK,H4910,2021,"Passenger rail transport, interurban",Denmark
DK,H4910,2022,"Passenger rail transport, interurban",Denmark
DK,H4910,2023,"Passenger rail transport, interurban",Denmark
DK,H4910,2024,"Passenger rail transport, interurban",Denmark
DK,H4920,2021,Freight rail transport,Denmark
DK,H4920,2022,Freight rail transport,Denmark
DK,H4920,2023,Freight rail transport,Denmark
DK,H4920,2024,Freight rail transport,Denmark
DK,H4932,2021,Taxi operation,Denmark
DK,H4932,2022,Taxi operation,Denmark
DK,H4950,2021,Transport via pipeline,Denmark
DK,H4950,2022,Transport via pipeline,Denmark
DK,H4950,2023,Transport via pipeline,Denmark
DK,H4950,2024,Transport via pipeline,Denmark
DK,H5010,2021,Sea and coastal passenger water transport,Denmark
DK,H5010,2022,Sea and coastal passenger water transport,Denmark
DK,H5020,2021,Sea and coastal freight water transport,Denmark
DK,H5020,2022,Sea and coastal freight water transport,Denmark
DK,H5030,2023,Inland passenger water transport,Denmark
DK,H5030,2024,Inland passenger water transport,Denmark
DK,H5040,2021,Inland freight water transport,Denmark
DK,H5040,2022,Inland freight water transport,Denmark
DK,H5040,2023,Inland freight water transport,Denmark
DK,H5040,2024,Inland freight water transport,Denmark
DK,H5110,2021,Passenger air transport,Denmark
DK,H5110,2022,Passenger air transport,Denmark
DK,H5121,2021,Freight air transport,Denmark
DK,H5121,2022,Freight air transport,Denmark
DK,H5121,2024,Freight air transport,Denmark
DK,H5122,2021,Space transport,Denmark
DK,H5122,2022,Space transport,Denmark
DK,H5122,2024,Space transport,Denmark
DK,H5310,2021,Postal activities under universal service obligation,Denmark
DK,H5310,2022,Postal activities under universal service obligation,Denmark
DK,H5310,2023,Postal activities under universal service obligation,Denmark
DK,H5310,2024,Postal activities under universal service obligation,Denmark
DK,H5320,2021,Other postal and courier activities,Denmark
DK,H5320,2022,Other postal and courier activities,Denmark
DK,H5320,2023,Other postal and courier activities,Denmark
DK,H5320,2024,Other postal and courier activities,Denmark
DK,J5812,2021,Publishing of directories and mailing lists,Denmark
DK,J5812,2022,Publishing of directories and mailing lists,Denmark
DK,J5812,2023,Publishing of directories and mailing lists,Denmark
DK,J5812,2024,Publishing of directories and mailing lists,Denmark
DK,J5819,2021,Other publishing activities,Denmark
DK,J5819,2022,Other publishing activities,Denmark
DK,J5819,2023,Other publishing activities,Denmark
DK,J5819,2024,Other publishing activities,Denmark
DK,J6120,2021,Wireless telecommunications activities,Denmark
DK,J6120,2022,Wireless telecommunications activities,Denmark
DK,J6120,2023,Wireless telecommunications activities,Denmark
DK,J6120,2024,Wireless telecommunications activities,Denmark
DK,J6130,2021,Satellite telecommunications activities,Denmark
DK,J6130,2022,Satellite telecommunications activities,Denmark
DK,J6130,2023,Satellite telecommunications activities,Denmark
DK,J6130,2024,Satellite telecommunications activities,Denmark
DK,K6411,2021,Central banking,Denmark
DK,K6411,2022,Central banking,Denmark
DK,K6411,2023,Central banking,Denmark
DK,K6411,2024,Central banking,Denmark
DK,K6419,2021,Other monetary intermediation,Denmark
DK,K6419,2022,Other monetary intermediation,Denmark
DK,K6419,2023,Other monetary intermediation,Denmark
DK,K6419,2024,Other monetary intermediation,Denmark
DK,N7721,2021,Renting and leasing of recreational and sports goods,Denmark
DK,N7722,2021,Renting of video tapes and disks,Denmark
DK,R9101,2021,Library and archives activities,Denmark
DK,R9101,2022,Library and archives activities,Denmark
DK,R9101,2023,Library and archives activities,Denmark
DK,R9101,2024,Library and archives activities,Denmark
DK,R9102,2022,Museums activities,Denmark
DK,R9102,2023,Museums activities,Denmark
DK,R9102,2024,Museums activities,Denmark
DK,R9103,2021,Operation of historical sites and buildings and similar visitor attractions,Denmark
DK,S9601,2023,Washing and (dry-)cleaning of textile and fur products,Denmark
DK,S9601,2024,Washing and (dry-)cleaning of textile and fur products,Denmark
DK,S9603,2023,Funeral and related activities,Denmark
DK,S9603,2024,Funeral and related activities,Denmark
EE,B0891,2021,Mining of chemical and fertiliser minerals,Estonia
EE,B0899,2021,Other mining and quarrying n.e.c.,Estonia
EE,C1031,2023,Processing and preserving of potatoes,Estonia
EE,C1031,2024,Processing and preserving of potatoes,Estonia
EE,C1032,2023,Manufacture of fruit and vegetable juice,Estonia
EE,C1032,2024,Manufacture of fruit and vegetable juice,Estonia
EE,C1041,2021,Manufacture of oils and fats,Estonia
EE,C1041,2022,Manufacture of oils and fats,Estonia
EE,C1061,2021,Manufacture of grain mill products,Estonia
EE,C1061,2022,Manufacture of grain mill products,Estonia
EE,C1072,2021,Manufacture of rusks and biscuits; manufacture of preserved pastry goods and cakes,Estonia
EE,C1072,2022,Manufacture of rusks and biscuits; manufacture of preserved pastry goods and cakes,Estonia
EE,C1072,2023,Manufacture of rusks and biscuits; manufacture of preserved pastry goods and cakes,Estonia
EE,C1073,2021,"Manufacture of macaroni, noodles, couscous and similar farinaceous products",Estonia
EE,C1073,2022,"Manufacture of macaroni, noodles, couscous and similar farinaceous products",Estonia
EE,C1073,2023,"Manufacture of macaroni, noodles, couscous and similar farinaceous products",Estonia
EE,C1082,2021,"Manufacture of cocoa, chocolate and sugar confectionery",Estonia
EE,C1084,2022,Manufacture of condiments and seasonings,Estonia
EE,C1084,2023,Manufacture of condiments and seasonings,Estonia
EE,C1084,2024,Manufacture of condiments and seasonings,Estonia
EE,C1086,2021,Manufacture of homogenised food preparations and dietetic food,Estonia
EE,C1086,2022,Manufacture of homogenised food preparations and dietetic food,Estonia
EE,C1086,2023,Manufacture of homogenised food preparations and dietetic food,Estonia
EE,C1086,2024,Manufacture of homogenised food preparations and dietetic food,Estonia
EE,C1102,2021,Manufacture of wine from grape,Estonia
EE,C1102,2022,Manufacture of wine from grape,Estonia
EE,C1102,2023,Manufacture of wine from grape,Estonia
EE,C1102,2024,Manufacture of wine from grape,Estonia
EE,C1104,2021,Manufacture of other non-distilled fermented beverages,Estonia
EE,C1104,2022,Manufacture of other non-distilled fermented beverages,Estonia
EE,C1104,2023,Manufacture of other non-distilled fermented beverages,Estonia
EE,C1104,2024,Manufacture of other non-distilled fermented beverages,Estonia
EE,C1200,2021,Manufacture of tobacco products,Estonia
EE,C1310,2022,Preparation and spinning of textile fibres,Estonia
EE,C1310,2023,Preparation and spinning of textile fibres,Estonia
EE,C1320,2022,Weaving of textiles,Estonia
EE,C1320,2023,Weaving of textiles,Estonia
EE,C1320,2024,Weaving of textiles,Estonia
EE,C1330,2024,Finishing of textiles,Estonia
EE,C1391,2021,Manufacture of knitted and crocheted fabrics,Estonia
EE,C1391,2022,Manufacture of knitted and crocheted fabrics,Estonia
EE,C1391,2023,Manufacture of knitted and crocheted fabrics,Estonia
EE,C1391,2024,Manufacture of knitted and crocheted fabrics,Estonia
EE,C1395,2021,"Manufacture of non-wovens and articles made from non-wovens, except apparel",Estonia
EE,C1395,2022,"Manufacture of non-wovens and articles made from non-wovens, except apparel",Estonia
EE,C1395,2023,"Manufacture of non-wovens and articles made from non-wovens, except apparel",Estonia
EE,C1395,2024,"Manufacture of non-wovens and articles made from non-wovens, except apparel",Estonia
EE,C1396,2021,Manufacture of other technical and industrial textiles,Estonia
EE,C1396,2022,Manufacture of other technical and industrial textiles,Estonia
EE,C1396,2023,Manufacture of other technical and industrial textiles,Estonia
EE,C1411,2022,Manufacture of leather clothes,Estonia
EE,C1411,2023,Manufacture of leather clothes,Estonia
EE,C1411,2024,Manufacture of leather clothes,Estonia
EE,C1414,2022,Manufacture of underwear,Estonia
EE,C1414,2023,Manufacture of underwear,Estonia
EE,C1414,2024,Manufacture of underwear,Estonia
EE,C1420,2021,Manufacture of articles of fur,Estonia
EE,C1420,2022,Manufacture of articles of fur,Estonia
EE,C1420,2024,Manufacture of articles of fur,Estonia
EE,C1431,2021,Manufacture of knitted and crocheted hosiery,Estonia
EE,C1431,2022,Manufacture of knitted and crocheted hosiery,Estonia
EE,C1431,2023,Manufacture of knitted and crocheted hosiery,Estonia
EE,C1431,2024,Manufacture of knitted and crocheted hosiery,Estonia
EE,C1439,2023,Manufacture of other knitted and crocheted apparel,Estonia
EE,C1439,2024,Manufacture of other knitted and crocheted apparel,Estonia
EE,C1511,2022,Tanning and dressing of leather; dressing and dyeing of fur,Estonia
EE,C1511,2024,Tanning and dressing of leather; dressing and dyeing of fur,Estonia
EE,C1512,2022,"Manufacture of luggage, handbags and the like, saddlery and harness",Estonia
EE,C1512,2024,"Manufacture of luggage, handbags and the like, saddlery and harness",Estonia
EE,C1520,2024,Manufacture of footwear,Estonia
EE,C1711,2021,Manufacture of pulp,Estonia
EE,C1711,2022,Manufacture of pulp,Estonia
EE,C1711,2023,Manufacture of pulp,Estonia
EE,C1711,2024,Manufacture of pulp,Estonia
EE,C1712,2021,Manufacture of paper and paperboard,Estonia
EE,C1712,2022,Manufacture of paper and paperboard,Estonia
EE,C1712,2023,Manufacture of paper and paperboard,Estonia
EE,C1712,2024,Manufacture of paper and paperboard,Estonia
EE,C1722,2021,Manufacture of household and sanitary goods and of toilet requisites,Estonia
EE,C1722,2022,Manufacture of household and sanitary goods and of toilet requisites,Estonia
EE,C1722,2023,Manufacture of household and sanitary goods and of toilet requisites,Estonia
EE,C1722,2024,Manufacture of household and sanitary goods and of toilet requisites,Estonia
EE,C1723,2022,Manufacture of paper stationery,Estonia
EE,C1723,2023,Manufacture of paper stationery,Estonia
EE,C1723,2024,Manufacture of paper stationery,Estonia
EE,C1724,2021,Manufacture of wallpaper,Estonia
EE,C1724,2022,Manufacture of wallpaper,Estonia
EE,C1724,2023,Manufacture of wallpaper,Estonia
EE,C1724,2024,Manufacture of wallpaper,Estonia
EE,C1729,2021,Manufacture of other articles of paper and paperboard,Estonia
EE,C1811,2021,Printing of newspapers,Estonia
EE,C1811,2022,Printing of newspapers,Estonia
EE,C1811,2023,Printing of newspapers,Estonia
EE,C1811,2024,Printing of newspapers,Estonia
EE,C1813,2022,Pre-press and pre-media services,Estonia
EE,C1814,2023,Binding and related services,Estonia
EE,C1820,2021,Reproduction of recorded media,Estonia
EE,C1820,2023,Reproduction of recorded media,Estonia
EE,C1820,2024,Reproduction of recorded media,Estonia
EE,C1920,2021,Manufacture of refined petroleum products,Estonia
EE,C2011,2021,Manufacture of industrial gases,Estonia
EE,C2011,2022,Manufacture of industrial gases,Estonia
EE,C2011,2023,Manufacture of industrial gases,Estonia
EE,C2011,2024,Manufacture of industrial gases,Estonia
EE,C2012,2021,Manufacture of dyes and pigments,Estonia
EE,C2012,2022,Manufacture of dyes and pigments,Estonia
EE,C2013,2021,Manufacture of other inorganic basic chemicals,Estonia
EE,C2013,2022,Manufacture of other inorganic basic chemicals,Estonia
EE,C2013,2023,Manufacture of other inorganic basic chemicals,Estonia
EE,C2013,2024,Manufacture of other inorganic basic chemicals,Estonia
EE,C2014,2023,Manufacture of other organic basic chemicals,Estonia
EE,C2016,2021,Manufacture of plastics in primary forms,Estonia
EE,C2016,2022,Manufacture of plastics in primary forms,Estonia
EE,C2016,2024,Manufacture of plastics in primary forms,Estonia
EE,C2017,2024,Manufacture of synthetic rubber in primary forms,Estonia
EE,C2020,2024,Manufacture of pesticides and other agrochemical products,Estonia
EE,C2030,2024,"Manufacture of paints, varnishes and similar coatings, printing ink and mastics",Estonia
EE,C2051,2021,Manufacture of explosives,Estonia
EE,C2051,2022,Manufacture of explosives,Estonia
EE,C2051,2023,Manufacture of explosives,Estonia
EE,C2051,2024,Manufacture of explosives,Estonia
EE,C2053,2023,Manufacture of essential oils,Estonia
EE,C2059,2021,Manufacture of other chemical products n.e.c.,Estonia
EE,C2059,2022,Manufacture of other chemical products n.e.c.,Estonia
EE,C2059,2024,Manufacture of other chemical products n.e.c.,Estonia
EE,C2110,2021,Manufacture of basic pharmaceutical products,Estonia
EE,C2110,2022,Manufacture of basic pharmaceutical products,Estonia
EE,C2110,2024,Manufacture of basic pharmaceutical products,Estonia
EE,C2120,2021,Manufacture of pharmaceutical preparations,Estonia
EE,C2120,2022,Manufacture of pharmaceutical preparations,Estonia
EE,C2120,2024,Manufacture of pharmaceutical preparations,Estonia
EE,C2313,2021,Manufacture of hollow glass,Estonia
EE,C2313,2022,Manufacture of hollow glass,Estonia
EE,C2313,2023,Manufacture of hollow glass,Estonia
EE,C2313,2024,Manufacture of hollow glass,Estonia
EE,C2314,2021,Manufacture of glass fibres,Estonia
EE,C2314,2022,Manufacture of glass fibres,Estonia
EE,C2314,2023,Manufacture of glass fibres,Estonia
EE,C2314,2024,Manufacture of glass fibres,Estonia
EE,C2319,2022,"Manufacture and processing of other glass, including technical glassware",Estonia
EE,C2319,2024,"Manufacture and processing of other glass, including technical glassware",Estonia
EE,C2320,2021,Manufacture of refractory products,Estonia
EE,C2320,2022,Manufacture of refractory products,Estonia
EE,C2320,2023,Manufacture of refractory products,Estonia
EE,C2320,2024,Manufacture of refractory products,Estonia
EE,C2331,2022,Manufacture of ceramic tiles and flags,Estonia
EE,C2331,2023,Manufacture of ceramic tiles and flags,Estonia
EE,C2331,2024,Manufacture of ceramic tiles and flags,Estonia
EE,C2332,2021,"Manufacture of bricks, tiles and construction products, in baked clay",Estonia
EE,C2332,2022,"Manufacture of bricks, tiles and construction products, in baked clay",Estonia
EE,C2332,2023,"Manufacture of bricks, tiles and construction products, in baked clay",Estonia
EE,C2332,2024,"Manufacture of bricks, tiles and construction products, in baked clay",Estonia
EE,C2342,2021,Manufacture of ceramic sanitary fixtures,Estonia
EE,C2342,2022,Manufacture of ceramic sanitary fixtures,Estonia
EE,C2342,2023,Manufacture of ceramic sanitary fixtures,Estonia
EE,C2342,2024,Manufacture of ceramic sanitary fixtures,Estonia
EE,C2344,2021,Manufacture of other technical ceramic products,Estonia
EE,C2344,2022,Manufacture of other technical ceramic products,Estonia
EE,C2349,2023,Manufacture of other ceramic products,Estonia
EE,C2349,2024,Manufacture of other ceramic products,Estonia
EE,C2351,2021,Manufacture of cement,Estonia
EE,C2351,2022,Manufacture of cement,Estonia
EE,C2351,2023,Manufacture of cement,Estonia
EE,C2351,2024,Manufacture of cement,Estonia
EE,C2352,2021,Manufacture of lime and plaster,Estonia
EE,C2352,2022,Manufacture of lime and plaster,Estonia
EE,C2352,2023,Manufacture of lime and plaster,Estonia
EE,C2352,2024,Manufacture of lime and plaster,Estonia
EE,C2362,2022,Manufacture of plaster products for construction purposes,Estonia
EE,C2362,2023,Manufacture of plaster products for construction purposes,Estonia
EE,C2362,2024,Manufacture of plaster products for construction purposes,Estonia
EE,C2364,2021,Manufacture of mortars,Estonia
EE,C2364,2022,Manufacture of mortars,Estonia
EE,C2364,2023,Manufacture of mortars,Estonia
EE,C2365,2021,Manufacture of fibre cement,Estonia
EE,C2365,2022,Manufacture of fibre cement,Estonia
EE,C2369,2024,"Manufacture of other articles of concrete, plaster and cement",Estonia
EE,C2391,2021,Production of abrasive products,Estonia
EE,C2391,2022,Production of abrasive products,Estonia
EE,C2391,2023,Production of abrasive products,Estonia
EE,C2391,2024,Production of abrasive products,Estonia
EE,C2399,2021,Manufacture of other non-metallic mineral products n.e.c.,Estonia
EE,C2399,2022,Manufacture of other non-metallic mineral products n.e.c.,Estonia
EE,C2399,2023,Manufacture of other non-metallic mineral products n.e.c.,Estonia
EE,C2399,2024,Manufacture of other non-metallic mineral products n.e.c.,Estonia
EE,C2410,2021,Manufacture of basic iron and steel and of ferro-alloys,Estonia
EE,C2410,2022,Manufacture of basic iron and steel and of ferro-alloys,Estonia
EE,C2410,2023,Manufacture of basic iron and steel and of ferro-alloys,Estonia
EE,C2410,2024,Manufacture of basic iron and steel and of ferro-alloys,Estonia
EE,C2431,2023,Cold drawing of bars,Estonia
EE,C2433,2023,Cold forming or folding,Estonia
EE,C2441,2021,Precious metals production,Estonia
EE,C2441,2022,Precious metals production,Estonia
EE,C2441,2023,Precious metals production,Estonia
EE,C2441,2024,Precious metals production,Estonia
EE,C2445,2021,Other non-ferrous metal production,Estonia
EE,C2445,2023,Other non-ferrous metal production,Estonia
EE,C2451,2021,Casting of iron,Estonia
EE,C2451,2022,Casting of iron,Estonia
EE,C2451,2023,Casting of iron,Estonia
EE,C2451,2024,Casting of iron,Estonia
EE,C2454,2021,Casting of other non-ferrous metals,Estonia
EE,C2454,2022,Casting of other non-ferrous metals,Estonia
EE,C2454,2023,Casting of other non-ferrous metals,Estonia
EE,C2454,2024,Casting of other non-ferrous metals,Estonia
EE,C2521,2022,Manufacture of central heating radiators and boilers,Estonia
EE,C2521,2023,Manufacture of central heating radiators and boilers,Estonia
EE,C2521,2024,Manufacture of central heating radiators and boilers,Estonia
EE,C2529,2022,"Manufacture of other tanks, reservoirs and containers of metal",Estonia
EE,C2529,2023,"Manufacture of other tanks, reservoirs and containers of metal",Estonia
EE,C2529,2024,"Manufacture of other tanks, reservoirs and containers of metal",Estonia
EE,C2530,2021,"Manufacture of steam generators, except central heating hot water boilers",Estonia
EE,C2530,2022,"Manufacture of steam generators, except central heating hot water boilers",Estonia
EE,C2530,2023,"Manufacture of steam generators, except central heating hot water boilers",Estonia
EE,C2530,2024,"Manufacture of steam generators, except central heating hot water boilers",Estonia
EE,C2540,2021,Manufacture of weapons and ammunition,Estonia
EE,C2540,2022,Manufacture of weapons and ammunition,Estonia
EE,C2540,2023,Manufacture of weapons and ammunition,Estonia
EE,C2540,2024,Manufacture of weapons and ammunition,Estonia
EE,C2571,2021,Manufacture of cutlery,Estonia
EE,C2571,2022,Manufacture of cutlery,Estonia
EE,C2571,2023,Manufacture of cutlery,Estonia
EE,C2571,2024,Manufacture of cutlery,Estonia
EE,C2572,2021,Manufacture of locks and hinges,Estonia
EE,C2572,2022,Manufacture of locks and hinges,Estonia
EE,C2572,2023,Manufacture of locks and hinges,Estonia
EE,C2572,2024,Manufacture of locks and hinges,Estonia
EE,C2591,2022,Manufacture of steel drums and similar containers,Estonia
EE,C2591,2023,Manufacture of steel drums and similar containers,Estonia
EE,C2591,2024,Manufacture of steel drums and similar containers,Estonia
EE,C2592,2021,Manufacture of light metal packaging,Estonia
EE,C2592,2022,Manufacture of light metal packaging,Estonia
EE,C2592,2023,Manufacture of light metal packaging,Estonia
EE,C2592,2024,Manufacture of light metal packaging,Estonia
EE,C2594,2021,Manufacture of fasteners and screw machine products,Estonia
EE,C2611,2023,Manufacture of electronic components,Estonia
EE,C2612,2023,Manufacture of loaded electronic boards,Estonia
EE,C2620,2024,Manufacture of computers and peripheral equipment,Estonia
EE,C2630,2021,Manufacture of communication equipment,Estonia
EE,C2630,2022,Manufacture of communication equipment,Estonia
EE,C2651,2022,"Manufacture of instruments and appliances for measuring, testing and navigation",Estonia
EE,C2651,2024,"Manufacture of instruments and appliances for measuring, testing and navigation",Estonia
EE,C2652,2022,Manufacture of watches and clocks,Estonia
EE,C2652,2024,Manufacture of watches and clocks,Estonia
EE,C2660,2021,"Manufacture of irradiation, electromedical and electrotherapeutic equipment",Estonia
EE,C2660,2022,"Manufacture of irradiation, electromedical and electrotherapeutic equipment",Estonia
EE,C2660,2023,"Manufacture of irradiation, electromedical and electrotherapeutic equipment",Estonia
EE,C2660,2024,"Manufacture of irradiation, electromedical and electrotherapeutic equipment",Estonia
EE,C2680,2022,Manufacture of magnetic and optical media,Estonia
EE,C2680,2023,Manufacture of magnetic and optical media,Estonia
EE,C2680,2024,Manufacture of magnetic and optical media,Estonia
EE,C2720,2021,Manufacture of batteries and accumulators,Estonia
EE,C2720,2022,Manufacture of batteries and accumulators,Estonia
EE,C2720,2023,Manufacture of batteries and accumulators,Estonia
EE,C2720,2024,Manufacture of batteries and accumulators,Estonia
EE,C2731,2024,Manufacture of fibre optic cables,Estonia
EE,C2732,2021,Manufacture of other electronic and electric wires and cables,Estonia
EE,C2732,2022,Manufacture of other electronic and electric wires and cables,Estonia
EE,C2732,2023,Manufacture of other electronic and electric wires and cables,Estonia
EE,C2733,2021,Manufacture of wiring devices,Estonia
EE,C2733,2022,Manufacture of wiring devices,Estonia
EE,C2733,2023,Manufacture of wiring devices,Estonia
EE,C2733,2024,Manufacture of wiring devices,Estonia
EE,C2751,2021,Manufacture of electric domestic appliances,Estonia
EE,C2751,2022,Manufacture of electric domestic appliances,Estonia
EE,C2751,2023,Manufacture of electric domestic appliances,Estonia
EE,C2751,2024,Manufacture of electric domestic appliances,Estonia
EE,C2752,2021,Manufacture of non-electric domestic appliances,Estonia
EE,C2752,2022,Manufacture of non-electric domestic appliances,Estonia
EE,C2752,2023,Manufacture of non-electric domestic appliances,Estonia
EE,C2752,2024,Manufacture of non-electric domestic appliances,Estonia
EE,C2811,2021,"Manufacture of engines and turbines, except aircraft, vehicle and cycle engines",Estonia
EE,C2811,2023,"Manufacture of engines and turbines, except aircraft, vehicle and cycle engines",Estonia
EE,C2811,2024,"Manufacture of engines and turbines, except aircraft, vehicle and cycle engines",Estonia
EE,C2813,2023,Manufacture of other pumps and compressors,Estonia
EE,C2813,2024,Manufacture of other pumps and compressors,Estonia
EE,C2815,2024,"Manufacture of bearings, gears, gearing and driving elements",Estonia
EE,C2823,2021,Manufacture of office machinery and equipment (except computers and peripheral equipment),Estonia
EE,C2823,2022,Manufacture of office machinery and equipment (except computers and peripheral equipment),Estonia
EE,C2823,2023,Manufacture of office machinery and equipment (except computers and peripheral equipment),Estonia
EE,C2823,2024,Manufacture of office machinery and equipment (except computers and peripheral equipment),Estonia
EE,C2824,2021,Manufacture of power-driven hand tools,Estonia
EE,C2824,2022,Manufacture of power-driven hand tools,Estonia
EE,C2824,2023,Manufacture of power-driven hand tools,Estonia
EE,C2824,2024,Manufacture of power-driven hand tools,Estonia
EE,C2841,2021,Manufacture of metal forming machinery,Estonia
EE,C2841,2022,Manufacture of metal forming machinery,Estonia
EE,C2841,2023,Manufacture of metal forming machinery,Estonia
EE,C2841,2024,Manufacture of metal forming machinery,Estonia
EE,C2849,2021,Manufacture of other machine tools,Estonia
EE,C2849,2022,Manufacture of other machine tools,Estonia
EE,C2849,2023,Manufacture of other machine tools,Estonia
EE,C2849,2024,Manufacture of other machine tools,Estonia
EE,C2891,2021,Manufacture of machinery for metallurgy,Estonia
EE,C2891,2022,Manufacture of machinery for metallurgy,Estonia
EE,C2891,2023,Manufacture of machinery for metallurgy,Estonia
EE,C2891,2024,Manufacture of machinery for metallurgy,Estonia
EE,C2892,2022,"Manufacture of machinery for mining, quarrying and construction",Estonia
EE,C2892,2024,"Manufacture of machinery for mining, quarrying and construction",Estonia
EE,C2894,2021,"Manufacture of machinery for textile, apparel and leather production",Estonia
EE,C2894,2023,"Manufacture of machinery for textile, apparel and leather production",Estonia
EE,C2894,2024,"Manufacture of machinery for textile, apparel and leather production",Estonia
EE,C2895,2021,Manufacture of machinery for paper and paperboard production,Estonia
EE,C2895,2022,Manufacture of machinery for paper and paperboard production,Estonia
EE,C2895,2024,Manufacture of machinery for paper and paperboard production,Estonia
EE,C2910,2024,Manufacture of motor vehicles,Estonia
EE,C2931,2023,Manufacture of electrical and electronic equipment for motor vehicles,Estonia
EE,C2931,2024,Manufacture of electrical and electronic equipment for motor vehicles,Estonia
EE,C2932,2023,Manufacture of other parts and accessories for motor vehicles,Estonia
EE,C3020,2021,Manufacture of railway locomotives and rolling stock,Estonia
EE,C3020,2022,Manufacture of railway locomotives and rolling stock,Estonia
EE,C3020,2023,Manufacture of railway locomotives and rolling stock,Estonia
EE,C3020,2024,Manufacture of railway locomotives and rolling stock,Estonia
EE,C3030,2021,Manufacture of air and spacecraft and related machinery,Estonia
EE,C3030,2022,Manufacture of air and spacecraft and related machinery,Estonia
EE,C3030,2023,Manufacture of air and spacecraft and related machinery,Estonia
EE,C3030,2024,Manufacture of air and spacecraft and related machinery,Estonia
EE,C3040,2023,Manufacture of military fighting vehicles,Estonia
EE,C3040,2024,Manufacture of military fighting vehicles,Estonia
EE,C3091,2021,Manufacture of motorcycles,Estonia
EE,C3091,2022,Manufacture of motorcycles,Estonia
EE,C3091,2023,Manufacture of motorcycles,Estonia
EE,C3091,2024,Manufacture of motorcycles,Estonia
EE,C3092,2021,Manufacture of bicycles and invalid carriages,Estonia
EE,C3099,2021,Manufacture of other transport equipment n.e.c.,Estonia
EE,C3099,2022,Manufacture of other transport equipment n.e.c.,Estonia
EE,C3099,2023,Manufacture of other transport equipment n.e.c.,Estonia
EE,C3099,2024,Manufacture of other transport equipment n.e.c.,Estonia
EE,C3101,2024,Manufacture of office and shop furniture,Estonia
EE,C3103,2024,Manufacture of mattresses,Estonia
EE,C3220,2021,Manufacture of musical instruments,Estonia
EE,C3220,2022,Manufacture of musical instruments,Estonia
EE,C3220,2023,Manufacture of musical instruments,Estonia
EE,C3220,2024,Manufacture of musical instruments,Estonia
EE,C3230,2021,Manufacture of sports goods,Estonia
EE,C3230,2022,Manufacture of sports goods,Estonia
EE,C3230,2023,Manufacture of sports goods,Estonia
EE,C3240,2024,Manufacture of games and toys,Estonia
EE,C3250,2023,Manufacture of medical and dental instruments and supplies,Estonia
EE,C3291,2021,Manufacture of brooms and brushes,Estonia
EE,C3291,2022,Manufacture of brooms and brushes,Estonia
EE,C3299,2021,Other manufacturing n.e.c.,Estonia
EE,C3299,2022,Other manufacturing n.e.c.,Estonia
EE,C3313,2021,Repair of electronic and optical equipment,Estonia
EE,C3313,2022,Repair of electronic and optical equipment,Estonia
EE,C3313,2023,Repair of electronic and optical equipment,Estonia
EE,C3313,2024,Repair of electronic and optical equipment,Estonia
EE,C3316,2021,Repair and maintenance of aircraft and spacecraft,Estonia
EE,C3316,2022,Repair and maintenance of aircraft and spacecraft,Estonia
EE,C3316,2023,Repair and maintenance of aircraft and spacecraft,Estonia
EE,C3316,2024,Repair and maintenance of aircraft and spacecraft,Estonia
EE,D3512,2021,Transmission of electricity,Estonia
EE,D3512,2022,Transmission of electricity,Estonia
EE,D3512,2023,Transmission of electricity,Estonia
EE,D3512,2024,Transmission of electricity,Estonia
EE,D3513,2021,Distribution of electricity,Estonia
EE,D3513,2022,Distribution of electricity,Estonia
EE,D3513,2023,Distribution of electricity,Estonia
EE,D3513,2024,Distribution of electricity,Estonia
EE,D3514,2022,Trade of electricity,Estonia
EE,D3514,2023,Trade of electricity,Estonia
EE,D3521,2021,Manufacture of gas,Estonia
EE,D3522,2021,Distribution of gaseous fuels through mains,Estonia
EE,D3522,2022,Distribution of gaseous fuels through mains,Estonia
EE,D3522,2023,Distribution of gaseous fuels through mains,Estonia
EE,D3522,2024,Distribution of gaseous fuels through mains,Estonia
EE,D3523,2021,Trade of gas through mains,Estonia
EE,D3523,2022,Trade of gas through mains,Estonia
EE,D3523,2023,Trade of gas through mains,Estonia
EE,D3523,2024,Trade of gas through mains,Estonia
EE,D3530,2022,Steam and air conditioning supply,Estonia
EE,D3530,2023,Steam and air conditioning supply,Estonia
EE,E3821,2021,Treatment and disposal of non-hazardous waste,Estonia
EE,E3821,2022,Treatment and disposal of non-hazardous waste,Estonia
EE,E3821,2023,Treatment and disposal of non-hazardous waste,Estonia
EE,E3821,2024,Treatment and disposal of non-hazardous waste,Estonia
EE,E3822,2021,Treatment and disposal of hazardous waste,Estonia
EE,E3822,2022,Treatment and disposal of hazardous waste,Estonia
EE,E3822,2023,Treatment and disposal of hazardous waste,Estonia
EE,E3822,2024,Treatment and disposal of hazardous waste,Estonia
EE,E3831,2021,Dismantling of wrecks,Estonia
EE,E3831,2022,Dismantling of wrecks,Estonia
EE,E3832,2021,Recovery of sorted materials,Estonia
EE,E3832,2022,Recovery of sorted materials,Estonia
EE,F4212,2021,Construction of railways and underground railways,Estonia
EE,F4213,2021,Construction of bridges and tunnels,Estonia
EE,F4311,2023,Demolition,Estonia
EE,F4311,2024,Demolition,Estonia
EE,F4313,2023,Test drilling and boring,Estonia
EE,F4313,2024,Test drilling and boring,Estonia
EE,G4611,2021,"Agents involved in the sale of agricultural raw materials, live animals, textile raw materials and semi-finished goods",Estonia
EE,G4611,2024,"Agents involved in the sale of agricultural raw materials, live animals, textile raw materials and semi-finished goods",Estonia
EE,G4612,2024,"Agents involved in the sale of fuels, ores, metals and industrial chemicals",Estonia
EE,G4615,2021,"Agents involved in the sale of furniture, household goods, hardware and ironmongery",Estonia
EE,G4623,2021,Wholesale of live animals,Estonia
EE,G4624,2021,"Wholesale of hides, skins and leather",Estonia
EE,G4723,2024,"Retail sale of fish, crustaceans and molluscs in specialised stores",Estonia
EE,G4726,2024,Retail sale of tobacco products in specialised stores,Estonia
EE,G4741,2023,"Retail sale of computers, peripheral units and software in specialised stores",Estonia
EE,G4742,2021,Retail sale of telecommunications equipment in specialised stores,Estonia
EE,G4742,2022,Retail sale of telecommunications equipment in specialised stores,Estonia
EE,G4742,2023,Retail sale of telecommunications equipment in specialised stores,Estonia
EE,G4743,2021,Retail sale of audio and video equipment in specialised stores,Estonia
EE,G4743,2022,Retail sale of audio and video equipment in specialised stores,Estonia
EE,G4762,2021,Retail sale of newspapers and stationery in specialised stores,Estonia
EE,G4762,2022,Retail sale of newspapers and stationery in specialised stores,Estonia
EE,G4762,2023,Retail sale of newspapers and stationery in specialised stores,Estonia
EE,G4762,2024,Retail sale of newspapers and stationery in specialised stores,Estonia
EE,G4763,2021,Retail sale of music and video recordings in specialised stores,Estonia
EE,G4763,2022,Retail sale of music and video recordings in specialised stores,Estonia
EE,G4763,2023,Retail sale of music and video recordings in specialised stores,Estonia
EE,G4763,2024,Retail sale of music and video recordings in specialised stores,Estonia
EE,G4781,2022,"Retail sale via stalls and markets of food, beverages and tobacco products",Estonia
EE,G4782,2021,"Retail sale via stalls and markets of textiles, clothing and footwear",Estonia
EE,G4782,2022,"Retail sale via stalls and markets of textiles, clothing and footwear",Estonia
EE,G4789,2021,Retail sale via stalls and markets of other goods,Estonia
EE,H4910,2021,"Passenger rail transport, interurban",Estonia
EE,H4920,2021,Freight rail transport,Estonia
EE,H4920,2022,Freight rail transport,Estonia
EE,H4931,2021,Urban and suburban passenger land transport,Estonia
EE,H4931,2022,Urban and suburban passenger land transport,Estonia
EE,H5010,2021,Sea and coastal passenger water transport,Estonia
EE,H5010,2022,Sea and coastal passenger water transport,Estonia
EE,H5010,2023,Sea and coastal passenger water transport,Estonia
EE,H5010,2024,Sea and coastal passenger water transport,Estonia
EE,H5020,2021,Sea and coastal freight water transport,Estonia
EE,H5030,2021,Inland passenger water transport,Estonia
EE,H5030,2022,Inland passenger water transport,Estonia
EE,H5030,2023,Inland passenger water transport,Estonia
EE,H5030,2024,Inland passenger water transport,Estonia
EE,H5040,2021,Inland freight water transport,Estonia
EE,H5110,2022,Passenger air transport,Estonia
EE,H5110,2023,Passenger air transport,Estonia
EE,H5121,2021,Freight air transport,Estonia
EE,H5121,2022,Freight air transport,Estonia
EE,H5121,2023,Freight air transport,Estonia
EE,H5121,2024,Freight air transport,Estonia
EE,H5223,2021,Service activities incidental to air transportation,Estonia
EE,H5224,2021,Cargo handling,Estonia
EE,H5310,2021,Postal activities under universal service obligation,Estonia
EE,H5310,2022,Postal activities under universal service obligation,Estonia
EE,H5310,2023,Postal activities under universal service obligation,Estonia
EE,H5310,2024,Postal activities under universal service obligation,Estonia
EE,H5320,2021,Other postal and courier activities,Estonia
EE,H5320,2022,Other postal and courier activities,Estonia
EE,H5320,2023,Other postal and courier activities,Estonia
EE,H5320,2024,Other postal and courier activities,Estonia
EE,I5530,2022,"Camping grounds, recreational vehicle parks and trailer parks",Estonia
EE,I5530,2023,"Camping grounds, recreational vehicle parks and trailer parks",Estonia
EE,I5530,2024,"Camping grounds, recreational vehicle parks and trailer parks",Estonia
EE,I5590,2022,Other accommodation,Estonia
EE,I5590,2023,Other accommodation,Estonia
EE,I5590,2024,Other accommodation,Estonia
EE,J5812,2021,Publishing of directories and mailing lists,Estonia
EE,J5812,2022,Publishing of directories and mailing lists,Estonia
EE,J5812,2023,Publishing of directories and mailing lists,Estonia
EE,J5812,2024,Publishing of directories and mailing lists,Estonia
EE,J5813,2021,Publishing of newspapers,Estonia
EE,J5813,2022,Publishing of newspapers,Estonia
EE,J5813,2023,Publishing of newspapers,Estonia
EE,J5819,2024,Other publishing activities,Estonia
EE,J5821,2024,Publishing of computer games,Estonia
EE,J5829,2024,Other software publishing,Estonia
EE,J6010,2023,Radio broadcasting,Estonia
EE,J6010,2024,Radio broadcasting,Estonia
EE,J6020,2023,Television programming and broadcasting activities,Estonia
EE,J6020,2024,Television programming and broadcasting activities,Estonia
EE,J6110,2021,Wired telecommunications activities,Estonia
EE,J6120,2022,Wireless telecommunications activities,Estonia
EE,J6120,2023,Wireless telecommunications activities,Estonia
EE,J6120,2024,Wireless telecommunications activities,Estonia
EE,J6130,2021,Satellite telecommunications activities,Estonia
EE,J6130,2022,Satellite telecommunications activities,Estonia
EE,J6130,2023,Satellite telecommunications activities,Estonia
EE,J6130,2024,Satellite telecommunications activities,Estonia
EE,J6391,2024,News agency activities,Estonia
EE,J6399,2024,Other information service activities n.e.c.,Estonia
EE,K6419,2023,Other monetary intermediation,Estonia
EE,K6420,2021,Activities of holding companies,Estonia
EE,K6420,2023,Activities of holding companies,Estonia
EE,K6430,2021,"Trusts, funds and similar financial entities",Estonia
EE,K6511,2021,Life insurance,Estonia
EE,K6511,2022,Life insurance,Estonia
EE,K6512,2022,Non-life insurance,Estonia
EE,K6530,2021,Pension funding,Estonia
EE,K6530,2022,Pension funding,Estonia
EE,K6530,2023,Pension funding,Estonia
EE,M7211,2021,Research and experimental development on biotechnology,Estonia
EE,M7211,2022,Research and experimental development on biotechnology,Estonia
EE,M7220,2021,Research and experimental development on social sciences and humanities,Estonia
EE,M7220,2022,Research and experimental development on social sciences and humanities,Estonia
EE,N7721,2022,Renting and leasing of recreational and sports goods,Estonia
EE,N7721,2024,Renting and leasing of recreational and sports goods,Estonia
EE,N7722,2022,Renting of video tapes and disks,Estonia
EE,N7722,2023,Renting of video tapes and disks,Estonia
EE,N7722,2024,Renting of video tapes and disks,Estonia
EE,N7740,2023,"Leasing of intellectual property and similar products, except copyrighted works",Estonia
EE,N7810,2021,Activities of employment placement agencies,Estonia
EE,N7810,2022,Activities of employment placement agencies,Estonia
EE,N7810,2023,Activities of employment placement agencies,Estonia
EE,N7810,2024,Activities of employment placement agencies,Estonia
EE,N7830,2021,Other human resources provision,Estonia
EE,N7830,2022,Other human resources provision,Estonia
EE,N7830,2023,Other human resources provision,Estonia
EE,N7830,2024,Other human resources provision,Estonia
EE,N8020,2023,Security systems service activities,Estonia
EE,N8030,2023,Investigation activities,Estonia
EE,N8291,2024,Activities of collection agencies and credit bureaus,Estonia
EE,N8292,2024,Packaging activities,Estonia
EE,P8531,2023,General secondary education,Estonia
EE,P8532,2021,Technical and vocational secondary education,Estonia
EE,P8532,2022,Technical and vocational secondary education,Estonia
EE,P8532,2024,Technical and vocational secondary education,Estonia
EE,P8541,2021,Post-secondary non-tertiary education,Estonia
EE,P8541,2022,Post-secondary non-tertiary education,Estonia
EE,P8541,2023,Post-secondary non-tertiary education,Estonia
EE,P8541,2024,Post-secondary non-tertiary education,Estonia
EE,Q8610,2021,Hospital activities,Estonia
EE,Q8690,2021,Other human health activities,Estonia
EE,Q8710,2021,Residential nursing care activities,Estonia
EE,Q8710,2022,Residential nursing care activities,Estonia
EE,Q8720,2021,"Residential care activities for mental retardation, mental health and substance abuse",Estonia
EE,Q8720,2022,"Residential care activities for mental retardation, mental health and substance abuse",Estonia
EE,Q8720,2023,"Residential care activities for mental retardation, mental health and substance abuse",Estonia
EE,Q8720,2024,"Residential care activities for mental retardation, mental health and substance abuse",Estonia
EE,Q8790,2023,Other residential care activities,Estonia
EE,Q8790,2024,Other residential care activities,Estonia
EE,Q8891,2021,Child day-care activities,Estonia
EE,Q8899,2021,Other social work activities without accommodation n.e.c.,Estonia
EE,R9101,2024,Library and archives activities,Estonia
EE,R9102,2021,Museums activities,Estonia
EE,R9102,2022,Museums activities,Estonia
EE,R9102,2023,Museums activities,Estonia
EE,R9102,2024,Museums activities,Estonia
EE,R9103,2022,Operation of historical sites and buildings and similar visitor attractions,Estonia
EE,R9103,2024,Operation of historical sites and buildings and similar visitor attractions,Estonia
EE,R9104,2021,Botanical and zoological gardens and nature reserves activities,Estonia
EE,R9104,2023,Botanical and zoological gardens and nature reserves activities,Estonia
EE,R9200,2022,Gambling and betting activities,Estonia
EE,R9200,2024,Gambling and betting activities,Estonia
EE,S9512,2021,Repair of communication equipment,Estonia
EE,S9525,2021,"Repair of watches, clocks and jewellery",Estonia
EL,B0520,2021,Mining of lignite,Greece
EL,B0520,2022,Mining of lignite,Greece
EL,B0610,2021,Extraction of crude petroleum,Greece
EL,B0610,2022,Extraction of crude petroleum,Greece
EL,B0610,2023,Extraction of crude petroleum,Greece
EL,B0610,2024,Extraction of crude petroleum,Greece
EL,B0620,2024,Extraction of natural gas,Greece
EL,B0710,2021,Mining of iron ores,Greece
EL,B0710,2022,Mining of iron ores,Greece
EL,B0710,2023,Mining of iron ores,Greece
EL,B0710,2024,Mining of iron ores,Greece
EL,B0729,2021,Mining of other non-ferrous metal ores,Greece
EL,B0729,2022,Mining of other non-ferrous metal ores,Greece
EL,B0729,2023,Mining of other non-ferrous metal ores,Greece
EL,B0729,2024,Mining of other non-ferrous metal ores,Greece
EL,B0891,2021,Mining of chemical and fertiliser minerals,Greece
EL,B0891,2022,Mining of chemical and fertiliser minerals,Greece
EL,B0891,2023,Mining of chemical and fertiliser minerals,Greece
EL,B0891,2024,Mining of chemical and fertiliser minerals,Greece
EL,B0893,2021,Extraction of salt,Greece
EL,B0893,2022,Extraction of salt,Greece
EL,B0893,2023,Extraction of salt,Greece
EL,B0893,2024,Extraction of salt,Greece
EL,C1081,2021,Manufacture of sugar,Greece
EL,C1081,2023,Manufacture of sugar,Greece
EL,C1081,2024,Manufacture of sugar,Greece
EL,C1086,2021,Manufacture of homogenised food preparations and dietetic food,Greece
EL,C1086,2023,Manufacture of homogenised food preparations and dietetic food,Greece
EL,C1086,2024,Manufacture of homogenised food preparations and dietetic food,Greece
EL,C1411,2021,Manufacture of leather clothes,Greece
EL,C1412,2021,Manufacture of workwear,Greece
EL,C1711,2021,Manufacture of pulp,Greece
EL,C1711,2022,Manufacture of pulp,Greece
EL,C1712,2021,Manufacture of paper and paperboard,Greece
EL,C1712,2022,Manufacture of paper and paperboard,Greece
EL,C1723,2021,Manufacture of paper stationery,Greece
EL,C1723,2022,Manufacture of paper stationery,Greece
EL,C1723,2023,Manufacture of paper stationery,Greece
EL,C1723,2024,Manufacture of paper stationery,Greece
EL,C1724,2021,Manufacture of wallpaper,Greece
EL,C1724,2022,Manufacture of wallpaper,Greece
EL,C1724,2023,Manufacture of wallpaper,Greece
EL,C1724,2024,Manufacture of wallpaper,Greece
EL,C1920,2021,Manufacture of refined petroleum products,Greece
EL,C1920,2022,Manufacture of refined petroleum products,Greece
EL,C2012,2021,Manufacture of dyes and pigments,Greece
EL,C2012,2022,Manufacture of dyes and pigments,Greece
EL,C2012,2023,Manufacture of dyes and pigments,Greece
EL,C2012,2024,Manufacture of dyes and pigments,Greece
EL,C2017,2021,Manufacture of synthetic rubber in primary forms,Greece
EL,C2017,2022,Manufacture of synthetic rubber in primary forms,Greece
EL,C2017,2023,Manufacture of synthetic rubber in primary forms,Greece
EL,C2017,2024,Manufacture of synthetic rubber in primary forms,Greece
EL,C2020,2022,Manufacture of pesticides and other agrochemical products,Greece
EL,C2030,2021,"Manufacture of paints, varnishes and similar coatings, printing ink and mastics",Greece
EL,C2060,2021,Manufacture of man-made fibres,Greece
EL,C2060,2022,Manufacture of man-made fibres,Greece
EL,C2110,2022,Manufacture of basic pharmaceutical products,Greece
EL,C2320,2021,Manufacture of refractory products,Greece
EL,C2342,2024,Manufacture of ceramic sanitary fixtures,Greece
EL,C2344,2024,Manufacture of other technical ceramic products,Greece
EL,C2351,2021,Manufacture of cement,Greece
EL,C2365,2021,Manufacture of fibre cement,Greece
EL,C2410,2021,Manufacture of basic iron and steel and of ferro-alloys,Greece
EL,C2445,2021,Other non-ferrous metal production,Greece
EL,C2530,2021,"Manufacture of steam generators, except central heating hot water boilers",Greece
EL,C2530,2022,"Manufacture of steam generators, except central heating hot water boilers",Greece
EL,C2540,2021,Manufacture of weapons and ammunition,Greece
EL,C2540,2022,Manufacture of weapons and ammunition,Greece
EL,C2620,2023,Manufacture of computers and peripheral equipment,Greece
EL,C2660,2023,"Manufacture of irradiation, electromedical and electrotherapeutic equipment",Greece
EL,C2680,2023,Manufacture of magnetic and optical media,Greece
EL,C2720,2021,Manufacture of batteries and accumulators,Greece
EL,C2720,2022,Manufacture of batteries and accumulators,Greece
EL,C2731,2021,Manufacture of fibre optic cables,Greece
EL,C2790,2022,Manufacture of other electrical equipment,Greece
EL,C2823,2023,Manufacture of office machinery and equipment (except computers and peripheral equipment),Greece
EL,C2823,2024,Manufacture of office machinery and equipment (except computers and peripheral equipment),Greece
EL,C2824,2023,Manufacture of power-driven hand tools,Greece
EL,C2824,2024,Manufacture of power-driven hand tools,Greece
EL,C2910,2022,Manufacture of motor vehicles,Greece
EL,C2931,2021,Manufacture of electrical and electronic equipment for motor vehicles,Greece
EL,C2932,2021,Manufacture of other parts and accessories for motor vehicles,Greece
EL,C3020,2022,Manufacture of railway locomotives and rolling stock,Greece
EL,C3020,2024,Manufacture of railway locomotives and rolling stock,Greece
EL,C3030,2022,Manufacture of air and spacecraft and related machinery,Greece
EL,C3040,2022,Manufacture of military fighting vehicles,Greece
EL,C3040,2024,Manufacture of military fighting vehicles,Greece
EL,C3099,2024,Manufacture of other transport equipment n.e.c.,Greece
EL,C3211,2021,Striking of coins,Greece
EL,C3211,2022,Striking of coins,Greece
EL,C3211,2023,Striking of coins,Greece
EL,C3211,2024,Striking of coins,Greece
EL,C3213,2021,Manufacture of imitation jewellery and related articles,Greece
EL,C3213,2022,Manufacture of imitation jewellery and related articles,Greece
EL,C3213,2023,Manufacture of imitation jewellery and related articles,Greece
EL,C3213,2024,Manufacture of imitation jewellery and related articles,Greece
EL,C3250,2021,Manufacture of medical and dental instruments and supplies,Greece
EL,D3512,2021,Transmission of electricity,Greece
EL,D3513,2021,Distribution of electricity,Greece
EL,D3521,2022,Manufacture of gas,Greece
EL,D3521,2023,Manufacture of gas,Greece
EL,D3521,2024,Manufacture of gas,Greece
EL,D3522,2022,Distribution of gaseous fuels through mains,Greece
EL,D3523,2023,Trade of gas through mains,Greece
EL,D3523,2024,Trade of gas through mains,Greece
EL,H4910,2021,"Passenger rail transport, interurban",Greece
EL,H4910,2022,"Passenger rail transport, interurban",Greece
EL,H4910,2023,"Passenger rail transport, interurban",Greece
EL,H4910,2024,"Passenger rail transport, interurban",Greece
EL,H4920,2021,Freight rail transport,Greece
EL,H4920,2022,Freight rail transport,Greece
EL,H4920,2023,Freight rail transport,Greece
EL,H4931,2022,Urban and suburban passenger land transport,Greece
EL,H4931,2023,Urban and suburban passenger land transport,Greece
EL,H4931,2024,Urban and suburban passenger land transport,Greece
EL,H4932,2021,Taxi operation,Greece
EL,H4939,2021,Other passenger land transport n.e.c.,Greece
EL,H4939,2022,Other passenger land transport n.e.c.,Greece
EL,H4939,2023,Other passenger land transport n.e.c.,Greece
EL,H4939,2024,Other passenger land transport n.e.c.,Greece
EL,H4942,2021,Removal services,Greece
EL,H4942,2022,Removal services,Greece
EL,H4942,2023,Removal services,Greece
EL,H4950,2021,Transport via pipeline,Greece
EL,H4950,2022,Transport via pipeline,Greece
EL,H4950,2024,Transport via pipeline,Greece
EL,H5010,2021,Sea and coastal passenger water transport,Greece
EL,H5010,2022,Sea and coastal passenger water transport,Greece
EL,H5030,2021,Inland passenger water transport,Greece
EL,H5030,2022,Inland passenger water transport,Greece
EL,H5110,2021,Passenger air transport,Greece
EL,H5110,2022,Passenger air transport,Greece
EL,H5310,2021,Postal activities under universal service obligation,Greece
EL,H5310,2022,Postal activities under universal service obligation,Greece
EL,H5320,2021,Other postal and courier activities,Greece
EL,H5320,2022,Other postal and courier activities,Greece
EL,J6110,2021,Wired telecommunications activities,Greece
EL,J6110,2022,Wired telecommunications activities,Greece
EL,J6190,2021,Other telecommunications activities,Greece
EL,J6190,2022,Other telecommunications activities,Greece
EL,K6411,2021,Central banking,Greece
EL,K6411,2022,Central banking,Greece
EL,K6411,2023,Central banking,Greece
EL,K6411,2024,Central banking,Greece
EL,K6419,2021,Other monetary intermediation,Greece
EL,K6419,2022,Other monetary intermediation,Greece
EL,K6419,2023,Other monetary intermediation,Greece
EL,K6419,2024,Other monetary intermediation,Greece
EL,K6512,2021,Non-life insurance,Greece
EL,K6530,2021,Pension funding,Greece
EL,N7712,2021,Renting and leasing of trucks,Greece
EL,N7712,2022,Renting and leasing of trucks,Greece
EL,N7721,2021,Renting and leasing of recreational and sports goods,Greece
EL,N7721,2022,Renting and leasing of recreational and sports goods,Greece
EL,N7729,2021,Renting and leasing of other personal and household goods,Greece
EL,N7729,2022,Renting and leasing of other personal and household goods,Greece
EL,N7740,2021,"Leasing of intellectual property and similar products, except copyrighted works",Greece
EL,N7740,2022,"Leasing of intellectual property and similar products, except copyrighted works",Greece
EL,N7912,2021,Tour operator activities,Greece
EL,N7912,2022,Tour operator activities,Greece
EL,N7990,2021,Other reservation service and related activities,Greece
EL,N7990,2022,Other reservation service and related activities,Greece
EL,N8220,2021,Activities of call centres,Greece
EL,N8291,2021,Activities of collection agencies and credit bureaus,Greece
EL,Q8710,2021,Residential nursing care activities,Greece
EL,Q8710,2022,Residential nursing care activities,Greece
EL,Q8720,2021,"Residential care activities for mental retardation, mental health and substance abuse",Greece
EL,Q8720,2022,"Residential care activities for mental retardation, mental health and substance abuse",Greece
ES,B0510,2021,Mining of hard coal,Spain
ES,B0510,2023,Mining of hard coal,Spain
ES,B0510,2024,Mining of hard coal,Spain
ES,B0520,2021,Mining of lignite,Spain
ES,B0520,2023,Mining of lignite,Spain
ES,B0520,2024,Mining of lignite,Spain
ES,B0610,2022,Extraction of crude petroleum,Spain
ES,B0610,2023,Extraction of crude petroleum,Spain
ES,B0610,2024,Extraction of crude petroleum,Spain
ES,B0620,2023,Extraction of natural gas,Spain
ES,B0620,2024,Extraction of natural gas,Spain
ES,B0721,2021,Mining of uranium and thorium ores,Spain
ES,B0721,2022,Mining of uranium and thorium ores,Spain
ES,B0721,2024,Mining of uranium and thorium ores,Spain
ES,B0729,2021,Mining of other non-ferrous metal ores,Spain
ES,B0729,2022,Mining of other non-ferrous metal ores,Spain
ES,B0729,2024,Mining of other non-ferrous metal ores,Spain
ES,B0910,2022,Support activities for petroleum and natural gas extraction,Spain
ES,C1511,2022,Tanning and dressing of leather; dressing and dyeing of fur,Spain
ES,C1910,2022,Manufacture of coke oven products,Spain
ES,C1910,2023,Manufacture of coke oven products,Spain
ES,C1910,2024,Manufacture of coke oven products,Spain
ES,C1920,2022,Manufacture of refined petroleum products,Spain
ES,C1920,2023,Manufacture of refined petroleum products,Spain
ES,C1920,2024,Manufacture of refined petroleum products,Spain
ES,C2445,2021,Other non-ferrous metal production,Spain
ES,C2445,2022,Other non-ferrous metal production,Spain
ES,C2445,2023,Other non-ferrous metal production,Spain
ES,C2445,2024,Other non-ferrous metal production,Spain
ES,C2446,2021,Processing of nuclear fuel,Spain
ES,C2446,2022,Processing of nuclear fuel,Spain
ES,C2446,2023,Processing of nuclear fuel,Spain
ES,C2446,2024,Processing of nuclear fuel,Spain
ES,C2620,2023,Manufacture of computers and peripheral equipment,Spain
ES,C2620,2024,Manufacture of computers and peripheral equipment,Spain
ES,C2670,2021,Manufacture of optical instruments and photographic equipment,Spain
ES,C2670,2022,Manufacture of optical instruments and photographic equipment,Spain
ES,C2680,2021,Manufacture of magnetic and optical media,Spain
ES,C2680,2022,Manufacture of magnetic and optical media,Spain
ES,C2680,2023,Manufacture of magnetic and optical media,Spain
ES,C2680,2024,Manufacture of magnetic and optical media,Spain
ES,C3040,2021,Manufacture of military fighting vehicles,Spain
ES,C3040,2022,Manufacture of military fighting vehicles,Spain
ES,C3040,2023,Manufacture of military fighting vehicles,Spain
ES,C3040,2024,Manufacture of military fighting vehicles,Spain
ES,C3099,2021,Manufacture of other transport equipment n.e.c.,Spain
ES,C3099,2022,Manufacture of other transport equipment n.e.c.,Spain
ES,C3099,2023,Manufacture of other transport equipment n.e.c.,Spain
ES,C3099,2024,Manufacture of other transport equipment n.e.c.,Spain
ES,C3211,2021,Striking of coins,Spain
ES,C3211,2022,Striking of coins,Spain
ES,C3211,2023,Striking of coins,Spain
ES,C3213,2021,Manufacture of imitation jewellery and related articles,Spain
ES,C3213,2022,Manufacture of imitation jewellery and related articles,Spain
ES,C3213,2023,Manufacture of imitation jewellery and related articles,Spain
ES,H5310,2021,Postal activities under universal service obligation,Spain
ES,H5310,2022,Postal activities under universal service obligation,Spain
ES,H5310,2023,Postal activities under universal service obligation,Spain
ES,H5310,2024,Postal activities under universal service obligation,Spain
ES,H5320,2021,Other postal and courier activities,Spain
ES,H5320,2022,Other postal and courier activities,Spain
ES,H5320,2023,Other postal and courier activities,Spain
ES,H5320,2024,Other postal and courier activities,Spain
ES,K6411,2021,Central banking,Spain
ES,K6411,2022,Central banking,Spain
ES,K6411,2023,Central banking,Spain
ES,K6411,2024,Central banking,Spain
ES,K6419,2021,Other monetary intermediation,Spain
ES,K6419,2022,Other monetary intermediation,Spain
ES,K6419,2023,Other monetary intermediation,Spain
ES,K6419,2024,Other monetary intermediation,Spain
ES,K6512,2021,Non-life insurance,Spain
ES,K6512,2022,Non-life insurance,Spain
ES,K6512,2023,Non-life insurance,Spain
ES,K6512,2024,Non-life insurance,Spain
ES,K6520,2021,Reinsurance,Spain
ES,K6520,2022,Reinsurance,Spain
ES,K6520,2023,Reinsurance,Spain
ES,K6520,2024,Reinsurance,Spain
EU27_2020,B0510,2021,Mining of hard coal,European Union - 27 countries (from 2020)
EU27_2020,B0510,2022,Mining of hard coal,European Union - 27 countries (from 2020)
EU27_2020,B0510,2023,Mining of hard coal,European Union - 27 countries (from 2020)
EU27_2020,B0620,2021,Extraction of natural gas,European Union - 27 countries (from 2020)
EU27_2020,B0620,2022,Extraction of natural gas,European Union - 27 countries (from 2020)
EU27_2020,B0710,2021,Mining of iron ores,European Union - 27 countries (from 2020)
EU27_2020,B0721,2021,Mining of uranium and thorium ores,European Union - 27 countries (from 2020)
EU27_2020,B0721,2022,Mining of uranium and thorium ores,European Union - 27 countries (from 2020)
EU27_2020,B0721,2023,Mining of uranium and thorium ores,European Union - 27 countries (from 2020)
EU27_2020,B0729,2023,Mining of other non-ferrous metal ores,European Union - 27 countries (from 2020)
EU27_2020,B0910,2021,Support activities for petroleum and natural gas extraction,European Union - 27 countries (from 2020)
EU27_2020,C1011,2021,Processing and preserving of meat,European Union - 27 countries (from 2020)
EU27_2020,C1020,2022,"Processing and preserving of fish, crustaceans and molluscs",European Union - 27 countries (from 2020)
EU27_2020,C1051,2021,Operation of dairies and cheese making,European Union - 27 countries (from 2020)
EU27_2020,C1051,2022,Operation of dairies and cheese making,European Union - 27 countries (from 2020)
EU27_2020,C1051,2023,Operation of dairies and cheese making,European Union - 27 countries (from 2020)
EU27_2020,C1072,2021,Manufacture of rusks and biscuits; manufacture of preserved pastry goods and cakes,European Union - 27 countries (from 2020)
EU27_2020,C1072,2022,Manufacture of rusks and biscuits; manufacture of preserved pastry goods and cakes,European Union - 27 countries (from 2020)
EU27_2020,C1072,2023,Manufacture of rusks and biscuits; manufacture of preserved pastry goods and cakes,European Union - 27 countries (from 2020)
EU27_2020,C1085,2021,Manufacture of prepared meals and dishes,European Union - 27 countries (from 2020)
EU27_2020,C1089,2021,Manufacture of other food products n.e.c.,European Union - 27 countries (from 2020)
EU27_2020,C1089,2022,Manufacture of other food products n.e.c.,European Union - 27 countries (from 2020)
EU27_2020,C1089,2023,Manufacture of other food products n.e.c.,European Union - 27 countries (from 2020)
EU27_2020,C1395,2021,"Manufacture of non-wovens and articles made from non-wovens, except apparel",European Union - 27 countries (from 2020)
EU27_2020,C1395,2022,"Manufacture of non-wovens and articles made from non-wovens, except apparel",European Union - 27 countries (from 2020)
EU27_2020,C1396,2023,Manufacture of other technical and industrial textiles,European Union - 27 countries (from 2020)
EU27_2020,C1412,2022,Manufacture of workwear,European Union - 27 countries (from 2020)
EU27_2020,C1420,2022,Manufacture of articles of fur,European Union - 27 countries (from 2020)
EU27_2020,C1724,2023,Manufacture of wallpaper,European Union - 27 countries (from 2020)
EU27_2020,C1729,2022,Manufacture of other articles of paper and paperboard,European Union - 27 countries (from 2020)
EU27_2020,C1729,2023,Manufacture of other articles of paper and paperboard,European Union - 27 countries (from 2020)
EU27_2020,C1813,2022,Pre-press and pre-media services,European Union - 27 countries (from 2020)
EU27_2020,C1814,2022,Binding and related services,European Union - 27 countries (from 2020)
EU27_2020,C1820,2023,Reproduction of recorded media,European Union - 27 countries (from 2020)
EU27_2020,C2014,2021,Manufacture of other organic basic chemicals,European Union - 27 countries (from 2020)
EU27_2020,C2014,2022,Manufacture of other organic basic chemicals,European Union - 27 countries (from 2020)
EU27_2020,C2014,2023,Manufacture of other organic basic chemicals,European Union - 27 countries (from 2020)
EU27_2020,C2015,2023,Manufacture of fertilisers and nitrogen compounds,European Union - 27 countries (from 2020)
EU27_2020,C2041,2021,"Manufacture of soap and detergents, cleaning and polishing preparations",European Union - 27 countries (from 2020)
EU27_2020,C2041,2022,"Manufacture of soap and detergents, cleaning and polishing preparations",European Union - 27 countries (from 2020)
EU27_2020,C2041,2023,"Manufacture of soap and detergents, cleaning and polishing preparations",European Union - 27 countries (from 2020)
EU27_2020,C2042,2023,Manufacture of perfumes and toilet preparations,European Union - 27 countries (from 2020)
EU27_2020,C2053,2022,Manufacture of essential oils,European Union - 27 countries (from 2020)
EU27_2020,C2110,2021,Manufacture of basic pharmaceutical products,European Union - 27 countries (from 2020)
EU27_2020,C2221,2022,"Manufacture of plastic plates, sheets, tubes and profiles",European Union - 27 countries (from 2020)
EU27_2020,C2312,2021,Shaping and processing of flat glass,European Union - 27 countries (from 2020)
EU27_2020,C2314,2021,Manufacture of glass fibres,European Union - 27 countries (from 2020)
EU27_2020,C2314,2023,Manufacture of glass fibres,European Union - 27 countries (from 2020)
EU27_2020,C2349,2021,Manufacture of other ceramic products,European Union - 27 countries (from 2020)
EU27_2020,C2349,2022,Manufacture of other ceramic products,European Union - 27 countries (from 2020)
EU27_2020,C2349,2023,Manufacture of other ceramic products,European Union - 27 countries (from 2020)
EU27_2020,C2352,2023,Manufacture of lime and plaster,European Union - 27 countries (from 2020)
EU27_2020,C2361,2022,Manufacture of concrete products for construction purposes,European Union - 27 countries (from 2020)
EU27_2020,C2361,2023,Manufacture of concrete products for construction purposes,European Union - 27 countries (from 2020)
EU27_2020,C2363,2021,Manufacture of ready-mixed concrete,European Union - 27 countries (from 2020)
EU27_2020,C2441,2021,Precious metals production,European Union - 27 countries (from 2020)
EU27_2020,C2441,2022,Precious metals production,European Union - 27 countries (from 2020)
EU27_2020,C2441,2023,Precious metals production,European Union - 27 countries (from 2020)
EU27_2020,C2444,2021,Copper production,European Union - 27 countries (from 2020)
EU27_2020,C2444,2023,Copper production,European Union - 27 countries (from 2020)
EU27_2020,C2445,2022,Other non-ferrous metal production,European Union - 27 countries (from 2020)
EU27_2020,C2446,2023,Processing of nuclear fuel,European Union - 27 countries (from 2020)
EU27_2020,C2529,2023,"Manufacture of other tanks, reservoirs and containers of metal",European Union - 27 countries (from 2020)
EU27_2020,C2571,2021,Manufacture of cutlery,European Union - 27 countries (from 2020)
EU27_2020,C2572,2021,Manufacture of locks and hinges,European Union - 27 countries (from 2020)
EU27_2020,C2572,2023,Manufacture of locks and hinges,European Union - 27 countries (from 2020)
EU27_2020,C2592,2023,Manufacture of light metal packaging,European Union - 27 countries (from 2020)
EU27_2020,C2611,2021,Manufacture of electronic components,European Union - 27 countries (from 2020)
EU27_2020,C2611,2022,Manufacture of electronic components,European Union - 27 countries (from 2020)
EU27_2020,C2611,2023,Manufacture of electronic components,European Union - 27 countries (from 2020)
EU27_2020,C2620,2021,Manufacture of computers and peripheral equipment,European Union - 27 countries (from 2020)
EU27_2020,C2620,2022,Manufacture of computers and peripheral equipment,European Union - 27 countries (from 2020)
EU27_2020,C2620,2023,Manufacture of computers and peripheral equipment,European Union - 27 countries (from 2020)
EU27_2020,C2720,2021,Manufacture of batteries and accumulators,European Union - 27 countries (from 2020)
EU27_2020,C2720,2022,Manufacture of batteries and accumulators,European Union - 27 countries (from 2020)
EU27_2020,C2720,2023,Manufacture of batteries and accumulators,European Union - 27 countries (from 2020)
EU27_2020,C2740,2021,Manufacture of electric lighting equipment,European Union - 27 countries (from 2020)
EU27_2020,C2751,2022,Manufacture of electric domestic appliances,European Union - 27 countries (from 2020)
EU27_2020,C2790,2021,Manufacture of other electrical equipment,European Union - 27 countries (from 2020)
EU27_2020,C2790,2022,Manufacture of other electrical equipment,European Union - 27 countries (from 2020)
EU27_2020,C2811,2022,"Manufacture of engines and turbines, except aircraft, vehicle and cycle engines",European Union - 27 countries (from 2020)
EU27_2020,C2812,2023,Manufacture of fluid power equipment,European Union - 27 countries (from 2020)
EU27_2020,C2813,2021,Manufacture of other pumps and compressors,European Union - 27 countries (from 2020)
EU27_2020,C2813,2023,Manufacture of other pumps and compressors,European Union - 27 countries (from 2020)
EU27_2020,C2824,2021,Manufacture of power-driven hand tools,European Union - 27 countries (from 2020)
EU27_2020,C2824,2022,Manufacture of power-driven hand tools,European Union - 27 countries (from 2020)
EU27_2020,C2824,2023,Manufacture of power-driven hand tools,European Union - 27 countries (from 2020)
EU27_2020,C2825,2021,Manufacture of non-domestic cooling and ventilation equipment,European Union - 27 countries (from 2020)
EU27_2020,C2841,2022,Manufacture of metal forming machinery,European Union - 27 countries (from 2020)
EU27_2020,C2895,2021,Manufacture of machinery for paper and paperboard production,European Union - 27 countries (from 2020)
EU27_2020,C2899,2022,Manufacture of other special-purpose machinery n.e.c.,European Union - 27 countries (from 2020)
EU27_2020,C2920,2021,Manufacture of bodies (coachwork) for motor vehicles; manufacture of trailers and semi-trailers,European Union - 27 countries (from 2020)
EU27_2020,C2920,2023,Manufacture of bodies (coachwork) for motor vehicles; manufacture of trailers and semi-trailers,European Union - 27 countries (from 2020)
EU27_2020,C2931,2021,Manufacture of electrical and electronic equipment for motor vehicles,European Union - 27 countries (from 2020)
EU27_2020,C2932,2021,Manufacture of other parts and accessories for motor vehicles,European Union - 27 countries (from 2020)
EU27_2020,C2932,2022,Manufacture of other parts and accessories for motor vehicles,European Union - 27 countries (from 2020)
EU27_2020,C2932,2023,Manufacture of other parts and accessories for motor vehicles,European Union - 27 countries (from 2020)
EU27_2020,C3011,2021,Building of ships and floating structures,European Union - 27 countries (from 2020)
EU27_2020,C3012,2023,Building of pleasure and sporting boats,European Union - 27 countries (from 2020)
EU27_2020,C3030,2021,Manufacture of air and spacecraft and related machinery,European Union - 27 countries (from 2020)
EU27_2020,C3101,2021,Manufacture of office and shop furniture,European Union - 27 countries (from 2020)
EU27_2020,C3240,2021,Manufacture of games and toys,European Union - 27 countries (from 2020)
EU27_2020,C3240,2022,Manufacture of games and toys,European Union - 27 countries (from 2020)
EU27_2020,C3240,2023,Manufacture of games and toys,European Union - 27 countries (from 2020)
EU27_2020,C3250,2022,Manufacture of medical and dental instruments and supplies,European Union - 27 countries (from 2020)
EU27_2020,C3250,2023,Manufacture of medical and dental instruments and supplies,European Union - 27 countries (from 2020)
EU27_2020,C3314,2021,Repair of electrical equipment,European Union - 27 countries (from 2020)
EU27_2020,C3314,2023,Repair of electrical equipment,European Union - 27 countries (from 2020)
EU27_2020,D3511,2022,Production of electricity,European Union - 27 countries (from 2020)
EU27_2020,D3511,2023,Production of electricity,European Union - 27 countries (from 2020)
EU27_2020,D3514,2022,Trade of electricity,European Union - 27 countries (from 2020)
EU27_2020,D3521,2022,Manufacture of gas,European Union - 27 countries (from 2020)
EU27_2020,E3600,2021,"Water collection, treatment and supply",European Union - 27 countries (from 2020)
EU27_2020,F4213,2023,Construction of bridges and tunnels,European Union - 27 countries (from 2020)
EU27_2020,F4222,2022,Construction of utility projects for electricity and telecommunications,European Union - 27 countries (from 2020)
EU27_2020,F4222,2023,Construction of utility projects for electricity and telecommunications,European Union - 27 countries (from 2020)
EU27_2020,F4299,2022,Construction of other civil engineering projects n.e.c.,European Union - 27 countries (from 2020)
EU27_2020,F4321,2023,Electrical installation,European Union - 27 countries (from 2020)
EU27_2020,F4332,2022,Joinery installation,European Union - 27 countries (from 2020)
EU27_2020,F4334,2023,Painting and glazing,European Union - 27 countries (from 2020)
EU27_2020,G4532,2022,Retail trade of motor vehicle parts and accessories,European Union - 27 countries (from 2020)
EU27_2020,G4611,2021,"Agents involved in the sale of agricultural raw materials, live animals, textile raw materials and semi-finished goods",European Union - 27 countries (from 2020)
EU27_2020,G4612,2023,"Agents involved in the sale of fuels, ores, metals and industrial chemicals",European Union - 27 countries (from 2020)
EU27_2020,G4614,2023,"Agents involved in the sale of machinery, industrial equipment, ships and aircraft",European Union - 27 countries (from 2020)
EU27_2020,G4615,2023,"Agents involved in the sale of furniture, household goods, hardware and ironmongery",European Union - 27 countries (from 2020)
EU27_2020,G4619,2022,Agents involved in the sale of a variety of goods,European Union - 27 countries (from 2020)
EU27_2020,G4621,2021,"Wholesale of grain, unmanufactured tobacco, seeds and animal feeds",European Union - 27 countries (from 2020)
EU27_2020,G4632,2022,Wholesale of meat and meat products,European Union - 27 countries (from 2020)
EU27_2020,G4634,2022,Wholesale of beverages,European Union - 27 countries (from 2020)
EU27_2020,G4635,2021,Wholesale of tobacco products,European Union - 27 countries (from 2020)
EU27_2020,G4635,2023,Wholesale of tobacco products,European Union - 27 countries (from 2020)
EU27_2020,G4636,2021,Wholesale of sugar and chocolate and sugar confectionery,European Union - 27 countries (from 2020)
EU27_2020,G4636,2022,Wholesale of sugar and chocolate and sugar confectionery,European Union - 27 countries (from 2020)
EU27_2020,G4636,2023,Wholesale of sugar and chocolate and sugar confectionery,European Union - 27 countries (from 2020)
EU27_2020,G4639,2021,"Non-specialised wholesale of food, beverages and tobacco",European Union - 27 countries (from 2020)
EU27_2020,G4641,2023,Wholesale of textiles,European Union - 27 countries (from 2020)
EU27_2020,G4644,2023,Wholesale of china and glassware and cleaning materials,European Union - 27 countries (from 2020)
EU27_2020,G4647,2023,"Wholesale of furniture, carpets and lighting equipment",European Union - 27 countries (from 2020)
EU27_2020,G4651,2021,"Wholesale of computers, computer peripheral equipment and software",European Union - 27 countries (from 2020)
EU27_2020,G4662,2021,Wholesale of machine tools,European Union - 27 countries (from 2020)
EU27_2020,G4663,2023,"Wholesale of mining, construction and civil engineering machinery",European Union - 27 countries (from 2020)
EU27_2020,G4664,2023,Wholesale of machinery for the textile industry and of sewing and knitting machines,European Union - 27 countries (from 2020)
EU27_2020,G4669,2022,Wholesale of other machinery and equipment,European Union - 27 countries (from 2020)
EU27_2020,G4719,2022,Other retail sale in non-specialised stores,European Union - 27 countries (from 2020)
EU27_2020,G4719,2023,Other retail sale in non-specialised stores,European Union - 27 countries (from 2020)
EU27_2020,G4723,2021,"Retail sale of fish, crustaceans and molluscs in specialised stores",European Union - 27 countries (from 2020)
EU27_2020,G4725,2021,Retail sale of beverages in specialised stores,European Union - 27 countries (from 2020)
EU27_2020,G4751,2022,Retail sale of textiles in specialised stores,European Union - 27 countries (from 2020)
EU27_2020,G4754,2023,Retail sale of electrical household appliances in specialised stores,European Union - 27 countries (from 2020)
EU27_2020,G4763,2021,Retail sale of music and video recordings in specialised stores,European Union - 27 countries (from 2020)
EU27_2020,G4763,2023,Retail sale of music and video recordings in specialised stores,European Union - 27 countries (from 2020)
EU27_2020,G4764,2021,Retail sale of sporting equipment in specialised stores,European Union - 27 countries (from 2020)
EU27_2020,G4779,2021,Retail sale of second-hand goods in stores,European Union - 27 countries (from 2020)
EU27_2020,G4789,2022,Retail sale via stalls and markets of other goods,European Union - 27 countries (from 2020)
EU27_2020,G4791,2022,Retail sale via mail order houses or via Internet,European Union - 27 countries (from 2020)
EU27_2020,G4791,2023,Retail sale via mail order houses or via Internet,European Union - 27 countries (from 2020)
EU27_2020,G4799,2022,"Other retail sale not in stores, stalls or markets",European Union - 27 countries (from 2020)
EU27_2020,H5020,2023,Sea and coastal freight water transport,European Union - 27 countries (from 2020)
EU27_2020,H5122,2021,Space transport,European Union - 27 countries (from 2020)
EU27_2020,H5122,2022,Space transport,European Union - 27 countries (from 2020)
EU27_2020,H5122,2023,Space transport,European Union - 27 countries (from 2020)
EU27_2020,H5222,2023,Service activities incidental to water transportation,European Union - 27 countries (from 2020)
EU27_2020,H5223,2022,Service activities incidental to air transportation,European Union - 27 countries (from 2020)
EU27_2020,I5510,2022,Hotels and similar accommodation,European Union - 27 countries (from 2020)
EU27_2020,J5811,2021,Book publishing,European Union - 27 countries (from 2020)
EU27_2020,J5821,2021,Publishing of computer games,European Union - 27 countries (from 2020)
EU27_2020,J5821,2022,Publishing of computer games,European Union - 27 countries (from 2020)
EU27_2020,J5829,2021,Other software publishing,European Union - 27 countries (from 2020)
EU27_2020,J5829,2022,Other software publishing,European Union - 27 countries (from 2020)
EU27_2020,J5829,2023,Other software publishing,European Union - 27 countries (from 2020)
EU27_2020,J5911,2023,"Motion picture, video and television programme production activities",European Union - 27 countries (from 2020)
EU27_2020,J5912,2021,"Motion picture, video and television programme post-production activities",European Union - 27 countries (from 2020)
EU27_2020,J5912,2022,"Motion picture, video and television programme post-production activities",European Union - 27 countries (from 2020)
EU27_2020,J5913,2021,"Motion picture, video and television programme distribution activities",European Union - 27 countries (from 2020)
EU27_2020,J5913,2023,"Motion picture, video and television programme distribution activities",European Union - 27 countries (from 2020)
EU27_2020,J5920,2021,Sound recording and music publishing activities,European Union - 27 countries (from 2020)
EU27_2020,J6010,2021,Radio broadcasting,European Union - 27 countries (from 2020)
EU27_2020,J6203,2021,Computer facilities management activities,European Union - 27 countries (from 2020)
EU27_2020,J6209,2021,Other information technology and computer service activities,European Union - 27 countries (from 2020)
EU27_2020,J6209,2022,Other information technology and computer service activities,European Union - 27 countries (from 2020)
EU27_2020,J6209,2023,Other information technology and computer service activities,European Union - 27 countries (from 2020)
EU27_2020,J6311,2022,"Data processing, hosting and related activities",European Union - 27 countries (from 2020)
EU27_2020,J6311,2023,"Data processing, hosting and related activities",European Union - 27 countries (from 2020)
EU27_2020,J6312,2021,Web portals,European Union - 27 countries (from 2020)
EU27_2020,J6312,2022,Web portals,European Union - 27 countries (from 2020)
EU27_2020,J6312,2023,Web portals,European Union - 27 countries (from 2020)
EU27_2020,J6399,2023,Other information service activities n.e.c.,European Union - 27 countries (from 2020)
EU27_2020,K6411,2023,Central banking,European Union - 27 countries (from 2020)
EU27_2020,K6420,2022,Activities of holding companies,European Union - 27 countries (from 2020)
EU27_2020,K6430,2021,"Trusts, funds and similar financial entities",European Union - 27 countries (from 2020)
EU27_2020,K6430,2022,"Trusts, funds and similar financial entities",European Union - 27 countries (from 2020)
EU27_2020,K6430,2023,"Trusts, funds and similar financial entities",European Union - 27 countries (from 2020)
EU27_2020,K6530,2022,Pension funding,European Union - 27 countries (from 2020)
EU27_2020,M6910,2021,Legal activities,European Union - 27 countries (from 2020)
EU27_2020,M6910,2023,Legal activities,European Union - 27 countries (from 2020)
EU27_2020,M7010,2022,Activities of head offices,European Union - 27 countries (from 2020)
EU27_2020,M7010,2023,Activities of head offices,European Union - 27 countries (from 2020)
EU27_2020,M7220,2023,Research and experimental development on social sciences and humanities,European Union - 27 countries (from 2020)
EU27_2020,M7420,2023,Photographic activities,European Union - 27 countries (from 2020)
EU27_2020,M7500,2023,Veterinary activities,European Union - 27 countries (from 2020)
EU27_2020,N7732,2022,Renting and leasing of construction and civil engineering machinery and equipment,European Union - 27 countries (from 2020)
EU27_2020,N7734,2023,Renting and leasing of water transport equipment,European Union - 27 countries (from 2020)
EU27_2020,N7735,2021,Renting and leasing of air transport equipment,European Union - 27 countries (from 2020)
EU27_2020,N7735,2022,Renting and leasing of air transport equipment,European Union - 27 countries (from 2020)
EU27_2020,N7735,2023,Renting and leasing of air transport equipment,European Union - 27 countries (from 2020)
EU27_2020,N7739,2023,"Renting and leasing of other machinery, equipment and tangible goods n.e.c.",European Union - 27 countries (from 2020)
EU27_2020,N7810,2022,Activities of employment placement agencies,European Union - 27 countries (from 2020)
EU27_2020,N7830,2021,Other human resources provision,European Union - 27 countries (from 2020)
EU27_2020,N7830,2022,Other human resources provision,European Union - 27 countries (from 2020)
EU27_2020,N7830,2023,Other human resources provision,European Union - 27 countries (from 2020)
EU27_2020,N7911,2021,Travel agency activities,European Union - 27 countries (from 2020)
EU27_2020,N7911,2022,Travel agency activities,European Union - 27 countries (from 2020)
EU27_2020,N7911,2023,Travel agency activities,European Union - 27 countries (from 2020)
EU27_2020,N7990,2021,Other reservation service and related activities,European Union - 27 countries (from 2020)
EU27_2020,N7990,2022,Other reservation service and related activities,European Union - 27 countries (from 2020)
EU27_2020,N8030,2023,Investigation activities,European Union - 27 countries (from 2020)
EU27_2020,N8110,2022,Combined facilities support activities,European Union - 27 countries (from 2020)
EU27_2020,N8122,2022,Other building and industrial cleaning activities,European Union - 27 countries (from 2020)
EU27_2020,N8122,2023,Other building and industrial cleaning activities,European Union - 27 countries (from 2020)
EU27_2020,N8129,2022,Other cleaning activities,European Union - 27 countries (from 2020)
EU27_2020,N8211,2022,Combined office administrative service activities,European Union - 27 countries (from 2020)
EU27_2020,N8211,2023,Combined office administrative service activities,European Union - 27 countries (from 2020)
EU27_2020,N8220,2023,Activities of call centres,European Union - 27 countries (from 2020)
EU27_2020,N8230,2021,Organisation of conventions and trade shows,European Union - 27 countries (from 2020)
EU27_2020,N8230,2022,Organisation of conventions and trade shows,European Union - 27 countries (from 2020)
EU27_2020,N8291,2022,Activities of collection agencies and credit bureaus,European Union - 27 countries (from 2020)
EU27_2020,N8292,2022,Packaging activities,European Union - 27 countries (from 2020)
EU27_2020,P8541,2022,Post-secondary non-tertiary education,European Union - 27 countries (from 2020)
EU27_2020,P8542,2021,Tertiary education,European Union - 27 countries (from 2020)
EU27_2020,P8551,2021,Sports and recreation education,European Union - 27 countries (from 2020)
EU27_2020,P8552,2021,Cultural education,European Union - 27 countries (from 2020)
EU27_2020,P8552,2023,Cultural education,European Union - 27 countries (from 2020)
EU27_2020,P8559,2021,Other education n.e.c.,European Union - 27 countries (from 2020)
EU27_2020,Q8730,2023,Residential care activities for the elderly and disabled,European Union - 27 countries (from 2020)
EU27_2020,Q8891,2021,Child day-care activities,European Union - 27 countries (from 2020)
EU27_2020,Q8891,2022,Child day-care activities,European Union - 27 countries (from 2020)
EU27_2020,Q8899,2022,Other social work activities without accommodation n.e.c.,European Union - 27 countries (from 2020)
EU27_2020,R9004,2021,Operation of arts facilities,European Union - 27 countries (from 2020)
EU27_2020,R9102,2021,Museums activities,European Union - 27 countries (from 2020)
EU27_2020,R9103,2022,Operation of historical sites and buildings and similar visitor attractions,European Union - 27 countries (from 2020)
EU27_2020,R9103,2023,Operation of historical sites and buildings and similar visitor attractions,European Union - 27 countries (from 2020)
EU27_2020,R9311,2021,Operation of sports facilities,European Union - 27 countries (from 2020)
EU27_2020,R9311,2022,Operation of sports facilities,European Union - 27 countries (from 2020)
EU27_2020,R9311,2023,Operation of sports facilities,European Union - 27 countries (from 2020)
EU27_2020,R9313,2023,Fitness facilities,European Union - 27 countries (from 2020)
EU27_2020,R9319,2023,Other sports activities,European Union - 27 countries (from 2020)
EU27_2020,R9329,2022,Other amusement and recreation activities,European Union - 27 countries (from 2020)
EU27_2020,S9523,2022,Repair of footwear and leather goods,European Union - 27 countries (from 2020)
EU27_2020,S9601,2022,Washing and (dry-)cleaning of textile and fur products,European Union - 27 countries (from 2020)
FI,B0710,2021,Mining of iron ores,Finland
FI,B0710,2022,Mining of iron ores,Finland
FI,B0710,2023,Mining of iron ores,Finland
FI,B0710,2024,Mining of iron ores,Finland
FI,B0721,2023,Mining of uranium and thorium ores,Finland
FI,B0729,2021,Mining of other non-ferrous metal ores,Finland
FI,B0729,2022,Mining of other non-ferrous metal ores,Finland
FI,B0729,2023,Mining of other non-ferrous metal ores,Finland
FI,B0729,2024,Mining of other non-ferrous metal ores,Finland
FI,B0891,2021,Mining of chemical and fertiliser minerals,Finland
FI,B0891,2022,Mining of chemical and fertiliser minerals,Finland
FI,B0891,2024,Mining of chemical and fertiliser minerals,Finland
FI,B0899,2021,Other mining and quarrying n.e.c.,Finland
FI,B0899,2022,Other mining and quarrying n.e.c.,Finland
FI,B0899,2024,Other mining and quarrying n.e.c.,Finland
FI,B0990,2024,Support activities for other mining and quarrying,Finland
FI,C1011,2024,Processing and preserving of meat,Finland
FI,C1012,2024,Processing and preserving of poultry meat,Finland
FI,C1041,2021,Manufacture of oils and fats,Finland
FI,C1041,2022,Manufacture of oils and fats,Finland
FI,C1041,2024,Manufacture of oils and fats,Finland
FI,C1042,2021,Manufacture of margarine and similar edible fats,Finland
FI,C1042,2022,Manufacture of margarine and similar edible fats,Finland
FI,C1042,2024,Manufacture of margarine and similar edible fats,Finland
FI,C1072,2024,Manufacture of rusks and biscuits; manufacture of preserved pastry goods and cakes,Finland
FI,C1073,2024,"Manufacture of macaroni, noodles, couscous and similar farinaceous products",Finland
FI,C1081,2021,Manufacture of sugar,Finland
FI,C1081,2022,Manufacture of sugar,Finland
FI,C1083,2021,Processing of tea and coffee,Finland
FI,C1083,2022,Processing of tea and coffee,Finland
FI,C1330,2024,Finishing of textiles,Finland
FI,C1431,2023,Manufacture of knitted and crocheted hosiery,Finland
FI,C1439,2023,Manufacture of other knitted and crocheted apparel,Finland
FI,C1511,2023,Tanning and dressing of leather; dressing and dyeing of fur,Finland
FI,C1512,2021,"Manufacture of luggage, handbags and the like, saddlery and harness",Finland
FI,C1512,2023,"Manufacture of luggage, handbags and the like, saddlery and harness",Finland
FI,C1723,2021,Manufacture of paper stationery,Finland
FI,C1723,2022,Manufacture of paper stationery,Finland
FI,C1723,2024,Manufacture of paper stationery,Finland
FI,C1724,2021,Manufacture of wallpaper,Finland
FI,C1724,2022,Manufacture of wallpaper,Finland
FI,C1724,2024,Manufacture of wallpaper,Finland
FI,C1910,2021,Manufacture of coke oven products,Finland
FI,C1910,2022,Manufacture of coke oven products,Finland
FI,C1910,2023,Manufacture of coke oven products,Finland
FI,C1910,2024,Manufacture of coke oven products,Finland
FI,C1920,2021,Manufacture of refined petroleum products,Finland
FI,C1920,2022,Manufacture of refined petroleum products,Finland
FI,C1920,2023,Manufacture of refined petroleum products,Finland
FI,C1920,2024,Manufacture of refined petroleum products,Finland
FI,C2012,2021,Manufacture of dyes and pigments,Finland
FI,C2015,2021,Manufacture of fertilisers and nitrogen compounds,Finland
FI,C2015,2022,Manufacture of fertilisers and nitrogen compounds,Finland
FI,C2015,2024,Manufacture of fertilisers and nitrogen compounds,Finland
FI,C2017,2022,Manufacture of synthetic rubber in primary forms,Finland
FI,C2017,2024,Manufacture of synthetic rubber in primary forms,Finland
FI,C2020,2021,Manufacture of pesticides and other agrochemical products,Finland
FI,C2020,2022,Manufacture of pesticides and other agrochemical products,Finland
FI,C2020,2024,Manufacture of pesticides and other agrochemical products,Finland
FI,C2041,2021,"Manufacture of soap and detergents, cleaning and polishing preparations",Finland
FI,C2041,2022,"Manufacture of soap and detergents, cleaning and polishing preparations",Finland
FI,C2041,2024,"Manufacture of soap and detergents, cleaning and polishing preparations",Finland
FI,C2052,2021,Manufacture of glues,Finland
FI,C2052,2024,Manufacture of glues,Finland
FI,C2053,2021,Manufacture of essential oils,Finland
FI,C2053,2024,Manufacture of essential oils,Finland
FI,C2060,2021,Manufacture of man-made fibres,Finland
FI,C2060,2022,Manufacture of man-made fibres,Finland
FI,C2060,2024,Manufacture of man-made fibres,Finland
FI,C2110,2022,Manufacture of basic pharmaceutical products,Finland
FI,C2110,2023,Manufacture of basic pharmaceutical products,Finland
FI,C2110,2024,Manufacture of basic pharmaceutical products,Finland
FI,C2120,2022,Manufacture of pharmaceutical preparations,Finland
FI,C2120,2023,Manufacture of pharmaceutical preparations,Finland
FI,C2120,2024,Manufacture of pharmaceutical preparations,Finland
FI,C2311,2021,Manufacture of flat glass,Finland
FI,C2311,2022,Manufacture of flat glass,Finland
FI,C2311,2024,Manufacture of flat glass,Finland
FI,C2313,2021,Manufacture of hollow glass,Finland
FI,C2313,2024,Manufacture of hollow glass,Finland
FI,C2319,2022,"Manufacture and processing of other glass, including technical glassware",Finland
FI,C2320,2021,Manufacture of refractory products,Finland
FI,C2320,2022,Manufacture of refractory products,Finland
FI,C2320,2023,Manufacture of refractory products,Finland
FI,C2320,2024,Manufacture of refractory products,Finland
FI,C2331,2023,Manufacture of ceramic tiles and flags,Finland
FI,C2332,2021,"Manufacture of bricks, tiles and construction products, in baked clay",Finland
FI,C2332,2022,"Manufacture of bricks, tiles and construction products, in baked clay",Finland
FI,C2332,2023,"Manufacture of bricks, tiles and construction products, in baked clay",Finland
FI,C2342,2021,Manufacture of ceramic sanitary fixtures,Finland
FI,C2342,2022,Manufacture of ceramic sanitary fixtures,Finland
FI,C2342,2024,Manufacture of ceramic sanitary fixtures,Finland
FI,C2344,2021,Manufacture of other technical ceramic products,Finland
FI,C2344,2022,Manufacture of other technical ceramic products,Finland
FI,C2344,2024,Manufacture of other technical ceramic products,Finland
FI,C2349,2021,Manufacture of other ceramic products,Finland
FI,C2349,2022,Manufacture of other ceramic products,Finland
FI,C2349,2024,Manufacture of other ceramic products,Finland
FI,C2351,2021,Manufacture of cement,Finland
FI,C2351,2022,Manufacture of cement,Finland
FI,C2351,2024,Manufacture of cement,Finland
FI,C2352,2021,Manufacture of lime and plaster,Finland
FI,C2352,2022,Manufacture of lime and plaster,Finland
FI,C2352,2024,Manufacture of lime and plaster,Finland
FI,C2362,2021,Manufacture of plaster products for construction purposes,Finland
FI,C2362,2022,Manufacture of plaster products for construction purposes,Finland
FI,C2362,2024,Manufacture of plaster products for construction purposes,Finland
FI,C2364,2024,Manufacture of mortars,Finland
FI,C2365,2021,Manufacture of fibre cement,Finland
FI,C2365,2022,Manufacture of fibre cement,Finland
FI,C2365,2024,Manufacture of fibre cement,Finland
FI,C2369,2021,"Manufacture of other articles of concrete, plaster and cement",Finland
FI,C2369,2022,"Manufacture of other articles of concrete, plaster and cement",Finland
FI,C2391,2021,Production of abrasive products,Finland
FI,C2391,2022,Production of abrasive products,Finland
FI,C2391,2024,Production of abrasive products,Finland
FI,C2399,2021,Manufacture of other non-metallic mineral products n.e.c.,Finland
FI,C2399,2022,Manufacture of other non-metallic mineral products n.e.c.,Finland
FI,C2399,2024,Manufacture of other non-metallic mineral products n.e.c.,Finland
FI,C2410,2024,Manufacture of basic iron and steel and of ferro-alloys,Finland
FI,C2433,2021,Cold forming or folding,Finland
FI,C2433,2022,Cold forming or folding,Finland
FI,C2433,2023,Cold forming or folding,Finland
FI,C2433,2024,Cold forming or folding,Finland
FI,C2434,2021,Cold drawing of wire,Finland
FI,C2434,2022,Cold drawing of wire,Finland
FI,C2434,2024,Cold drawing of wire,Finland
FI,C2441,2021,Precious metals production,Finland
FI,C2442,2024,Aluminium production,Finland
FI,C2443,2021,"Lead, zinc and tin production",Finland
FI,C2443,2022,"Lead, zinc and tin production",Finland
FI,C2443,2024,"Lead, zinc and tin production",Finland
FI,C2445,2022,Other non-ferrous metal production,Finland
FI,C2453,2023,Casting of light metals,Finland
FI,C2454,2021,Casting of other non-ferrous metals,Finland
FI,C2454,2022,Casting of other non-ferrous metals,Finland
FI,C2454,2023,Casting of other non-ferrous metals,Finland
FI,C2540,2021,Manufacture of weapons and ammunition,Finland
FI,C2540,2022,Manufacture of weapons and ammunition,Finland
FI,C2540,2023,Manufacture of weapons and ammunition,Finland
FI,C2540,2024,Manufacture of weapons and ammunition,Finland
FI,C2550,2021,"Forging, pressing, stamping and roll-forming of metal; powder metallurgy",Finland
FI,C2550,2022,"Forging, pressing, stamping and roll-forming of metal; powder metallurgy",Finland
FI,C2550,2023,"Forging, pressing, stamping and roll-forming of metal; powder metallurgy",Finland
FI,C2550,2024,"Forging, pressing, stamping and roll-forming of metal; powder metallurgy",Finland
FI,C2591,2024,Manufacture of steel drums and similar containers,Finland
FI,C2594,2024,Manufacture of fasteners and screw machine products,Finland
FI,C2640,2022,Manufacture of consumer electronics,Finland
FI,C2640,2023,Manufacture of consumer electronics,Finland
FI,C2640,2024,Manufacture of consumer electronics,Finland
FI,C2670,2021,Manufacture of optical instruments and photographic equipment,Finland
FI,C2670,2022,Manufacture of optical instruments and photographic equipment,Finland
FI,C2680,2021,Manufacture of magnetic and optical media,Finland
FI,C2680,2022,Manufacture of magnetic and optical media,Finland
FI,C2680,2023,Manufacture of magnetic and optical media,Finland
FI,C2680,2024,Manufacture of magnetic and optical media,Finland
FI,C2720,2021,Manufacture of batteries and accumulators,Finland
FI,C2720,2022,Manufacture of batteries and accumulators,Finland
FI,C2720,2023,Manufacture of batteries and accumulators,Finland
FI,C2720,2024,Manufacture of batteries and accumulators,Finland
FI,C2751,2023,Manufacture of electric domestic appliances,Finland
FI,C2752,2021,Manufacture of non-electric domestic appliances,Finland
FI,C2752,2022,Manufacture of non-electric domestic appliances,Finland
FI,C2752,2023,Manufacture of non-electric domestic appliances,Finland
FI,C2752,2024,Manufacture of non-electric domestic appliances,Finland
FI,C2811,2021,"Manufacture of engines and turbines, except aircraft, vehicle and cycle engines",Finland
FI,C2811,2022,"Manufacture of engines and turbines, except aircraft, vehicle and cycle engines",Finland
FI,C2811,2024,"Manufacture of engines and turbines, except aircraft, vehicle and cycle engines",Finland
FI,C2812,2021,Manufacture of fluid power equipment,Finland
FI,C2812,2022,Manufacture of fluid power equipment,Finland
FI,C2812,2024,Manufacture of fluid power equipment,Finland
FI,C2823,2024,Manufacture of office machinery and equipment (except computers and peripheral equipment),Finland
FI,C2824,2024,Manufacture of power-driven hand tools,Finland
FI,C2891,2024,Manufacture of machinery for metallurgy,Finland
FI,C2894,2024,"Manufacture of machinery for textile, apparel and leather production",Finland
FI,C3020,2021,Manufacture of railway locomotives and rolling stock,Finland
FI,C3020,2022,Manufacture of railway locomotives and rolling stock,Finland
FI,C3020,2023,Manufacture of railway locomotives and rolling stock,Finland
FI,C3020,2024,Manufacture of railway locomotives and rolling stock,Finland
FI,C3030,2021,Manufacture of air and spacecraft and related machinery,Finland
FI,C3030,2022,Manufacture of air and spacecraft and related machinery,Finland
FI,C3030,2023,Manufacture of air and spacecraft and related machinery,Finland
FI,C3030,2024,Manufacture of air and spacecraft and related machinery,Finland
FI,C3040,2021,Manufacture of military fighting vehicles,Finland
FI,C3040,2022,Manufacture of military fighting vehicles,Finland
FI,C3040,2023,Manufacture of military fighting vehicles,Finland
FI,C3040,2024,Manufacture of military fighting vehicles,Finland
FI,C3091,2022,Manufacture of motorcycles,Finland
FI,C3092,2022,Manufacture of bicycles and invalid carriages,Finland
FI,C3211,2021,Striking of coins,Finland
FI,C3211,2022,Striking of coins,Finland
FI,C3211,2024,Striking of coins,Finland
FI,C3212,2021,Manufacture of jewellery and related articles,Finland
FI,C3213,2022,Manufacture of imitation jewellery and related articles,Finland
FI,C3213,2024,Manufacture of imitation jewellery and related articles,Finland
FI,C3240,2021,Manufacture of games and toys,Finland
FI,C3240,2023,Manufacture of games and toys,Finland
FI,C3240,2024,Manufacture of games and toys,Finland
FI,D3512,2021,Transmission of electricity,Finland
FI,D3512,2022,Transmission of electricity,Finland
FI,D3512,2024,Transmission of electricity,Finland
FI,D3513,2021,Distribution of electricity,Finland
FI,D3513,2022,Distribution of electricity,Finland
FI,D3513,2024,Distribution of electricity,Finland
FI,D3521,2021,Manufacture of gas,Finland
FI,D3522,2021,Distribution of gaseous fuels through mains,Finland
FI,G4721,2021,Retail sale of fruit and vegetables in specialised stores,Finland
FI,G4721,2024,Retail sale of fruit and vegetables in specialised stores,Finland
FI,G4722,2021,Retail sale of meat and meat products in specialised stores,Finland
FI,G4722,2022,Retail sale of meat and meat products in specialised stores,Finland
FI,G4722,2024,Retail sale of meat and meat products in specialised stores,Finland
FI,G4723,2021,"Retail sale of fish, crustaceans and molluscs in specialised stores",Finland
FI,G4723,2022,"Retail sale of fish, crustaceans and molluscs in specialised stores",Finland
FI,G4724,2021,"Retail sale of bread, cakes, flour confectionery and sugar confectionery in specialised stores",Finland
FI,G4724,2022,"Retail sale of bread, cakes, flour confectionery and sugar confectionery in specialised stores",Finland
FI,G4724,2024,"Retail sale of bread, cakes, flour confectionery and sugar confectionery in specialised stores",Finland
FI,G4725,2021,Retail sale of beverages in specialised stores,Finland
FI,G4725,2022,Retail sale of beverages in specialised stores,Finland
FI,G4725,2024,Retail sale of beverages in specialised stores,Finland
FI,G4726,2024,Retail sale of tobacco products in specialised stores,Finland
FI,H4910,2021,"Passenger rail transport, interurban",Finland
FI,H4910,2022,"Passenger rail transport, interurban",Finland
FI,H4910,2023,"Passenger rail transport, interurban",Finland
FI,H4910,2024,"Passenger rail transport, interurban",Finland
FI,H4950,2021,Transport via pipeline,Finland
FI,H4950,2022,Transport via pipeline,Finland
FI,H4950,2023,Transport via pipeline,Finland
FI,H4950,2024,Transport via pipeline,Finland
FI,H5110,2023,Passenger air transport,Finland
FI,H5110,2024,Passenger air transport,Finland
FI,H5121,2023,Freight air transport,Finland
FI,H5121,2024,Freight air transport,Finland
FI,H5122,2023,Space transport,Finland
FI,H5310,2021,Postal activities under universal service obligation,Finland
FI,H5310,2022,Postal activities under universal service obligation,Finland
FI,H5310,2023,Postal activities under universal service obligation,Finland
FI,H5310,2024,Postal activities under universal service obligation,Finland
FI,H5320,2021,Other postal and courier activities,Finland
FI,H5320,2022,Other postal and courier activities,Finland
FI,H5320,2023,Other postal and courier activities,Finland
FI,H5320,2024,Other postal and courier activities,Finland
FI,K6411,2021,Central banking,Finland
FI,K6419,2021,Other monetary intermediation,Finland
FI,K6511,2022,Life insurance,Finland
FI,K6511,2023,Life insurance,Finland
FI,K6512,2023,Non-life insurance,Finland
FI,K6530,2022,Pension funding,Finland
FI,K6530,2023,Pension funding,Finland
FI,M7010,2023,Activities of head offices,Finland
FI,M7010,2024,Activities of head offices,Finland
FI,M7021,2023,Public relations and communication activities,Finland
FI,M7021,2024,Public relations and communication activities,Finland
FI,M7022,2023,Business and other management consultancy activities,Finland
FI,M7410,2023,Specialised design activities,Finland
FI,M7420,2023,Photographic activities,Finland
FI,N7722,2024,Renting of video tapes and disks,Finland
FI,N7729,2024,Renting and leasing of other personal and household goods,Finland
FI,N7733,2022,Renting and leasing of office machinery and equipment (including computers),Finland
FI,N7739,2022,"Renting and leasing of other machinery, equipment and tangible goods n.e.c.",Finland
FI,N8010,2024,Private security activities,Finland
FI,N8020,2024,Security systems service activities,Finland
FI,N8030,2024,Investigation activities,Finland
FI,P8510,2021,Pre-primary education,Finland
FI,P8510,2023,Pre-primary education,Finland
FI,P8520,2021,Primary education,Finland
FI,P8520,2023,Primary education,Finland
FI,P8531,2024,General secondary education,Finland
FI,P8532,2024,Technical and vocational secondary education,Finland
FI,P8541,2021,Post-secondary non-tertiary education,Finland
FI,P8541,2023,Post-secondary non-tertiary education,Finland
FI,P8541,2024,Post-secondary non-tertiary education,Finland
FI,P8542,2021,Tertiary education,Finland
FI,P8542,2023,Tertiary education,Finland
FI,P8542,2024,Tertiary education,Finland
FI,R9004,2024,Operation of arts facilities,Finland
FI,R9101,2023,Library and archives activities,Finland
FI,R9104,2021,Botanical and zoological gardens and nature reserves activities,Finland
FI,R9200,2021,Gambling and betting activities,Finland
FI,R9200,2023,Gambling and betting activities,Finland
FI,R9200,2024,Gambling and betting activities,Finland
FR,B0510,2022,Mining of hard coal,France
FR,B0610,2021,Extraction of crude petroleum,France
FR,B0610,2022,Extraction of crude petroleum,France
FR,B0610,2023,Extraction of crude petroleum,France
FR,B0610,2024,Extraction of crude petroleum,France
FR,B0620,2021,Extraction of natural gas,France
FR,B0620,2022,Extraction of natural gas,France
FR,B0620,2023,Extraction of natural gas,France
FR,B0620,2024,Extraction of natural gas,France
FR,B0710,2021,Mining of iron ores,France
FR,B0729,2021,Mining of other non-ferrous metal ores,France
FR,B0729,2022,Mining of other non-ferrous metal ores,France
FR,B0729,2023,Mining of other non-ferrous metal ores,France
FR,B0811,2024,"Quarrying of ornamental and building stone, limestone, gypsum, chalk and slate",France
FR,B0891,2023,Mining of chemical and fertiliser minerals,France
FR,B0892,2023,Extraction of peat,France
FR,B0893,2021,Extraction of salt,France
FR,B0893,2022,Extraction of salt,France
FR,B0899,2021,Other mining and quarrying n.e.c.,France
FR,B0899,2022,Other mining and quarrying n.e.c.,France
FR,B0899,2023,Other mining and quarrying n.e.c.,France
FR,B0899,2024,Other mining and quarrying n.e.c.,France
FR,B0910,2022,Support activities for petroleum and natural gas extraction,France
FR,B0910,2024,Support activities for petroleum and natural gas extraction,France
FR,B0990,2022,Support activities for other mining and quarrying,France
FR,B0990,2024,Support activities for other mining and quarrying,France
FR,C1041,2021,Manufacture of oils and fats,France
FR,C1041,2022,Manufacture of oils and fats,France
FR,C1041,2023,Manufacture of oils and fats,France
FR,C1041,2024,Manufacture of oils and fats,France
FR,C1042,2021,Manufacture of margarine and similar edible fats,France
FR,C1042,2022,Manufacture of margarine and similar edible fats,France
FR,C1042,2023,Manufacture of margarine and similar edible fats,France
FR,C1042,2024,Manufacture of margarine and similar edible fats,France
FR,C1061,2021,Manufacture of grain mill products,France
FR,C1061,2022,Manufacture of grain mill products,France
FR,C1062,2021,Manufacture of starches and starch products,France
FR,C1062,2022,Manufacture of starches and starch products,France
FR,C1104,2021,Manufacture of other non-distilled fermented beverages,France
FR,C1106,2021,Manufacture of malt,France
FR,C1200,2021,Manufacture of tobacco products,France
FR,C1200,2023,Manufacture of tobacco products,France
FR,C1420,2021,Manufacture of articles of fur,France
FR,C1420,2023,Manufacture of articles of fur,France
FR,C1420,2024,Manufacture of articles of fur,France
FR,C1439,2024,Manufacture of other knitted and crocheted apparel,France
FR,C1811,2021,Printing of newspapers,France
FR,C1811,2024,Printing of newspapers,France
FR,C1814,2021,Binding and related services,France
FR,C1814,2024,Binding and related services,France
FR,C2011,2021,Manufacture of industrial gases,France
FR,C2011,2022,Manufacture of industrial gases,France
FR,C2011,2023,Manufacture of industrial gases,France
FR,C2011,2024,Manufacture of industrial gases,France
FR,C2017,2021,Manufacture of synthetic rubber in primary forms,France
FR,C2017,2022,Manufacture of synthetic rubber in primary forms,France
FR,C2017,2023,Manufacture of synthetic rubber in primary forms,France
FR,C2017,2024,Manufacture of synthetic rubber in primary forms,France
FR,C2211,2021,"""Manufacture of rubber tyres and tubes; retreading and rebuilding of rubber tyres""",France
FR,C2211,2022,"""Manufacture of rubber tyres and tubes; retreading and rebuilding of rubber tyres""",France
FR,C2211,2023,"""Manufacture of rubber tyres and tubes; retreading and rebuilding of rubber tyres""",France
FR,C2211,2024,"""Manufacture of rubber tyres and tubes; retreading and rebuilding of rubber tyres""",France
FR,C2219,2021,Manufacture of other rubber products,France
FR,C2219,2022,Manufacture of other rubber products,France
FR,C2219,2023,Manufacture of other rubber products,France
FR,C2219,2024,Manufacture of other rubber products,France
FR,C2311,2023,Manufacture of flat glass,France
FR,C2311,2024,Manufacture of flat glass,France
FR,C2312,2021,Shaping and processing of flat glass,France
FR,C2314,2021,Manufacture of glass fibres,France
FR,C2314,2023,Manufacture of glass fibres,France
FR,C2314,2024,Manufacture of glass fibres,France
FR,C2319,2023,"Manufacture and processing of other glass, including technical glassware",France
FR,C2319,2024,"Manufacture and processing of other glass, including technical glassware",France
FR,C2351,2022,Manufacture of cement,France
FR,C2352,2022,Manufacture of lime and plaster,France
FR,C2362,2021,Manufacture of plaster products for construction purposes,France
FR,C2362,2022,Manufacture of plaster products for construction purposes,France
FR,C2362,2023,Manufacture of plaster products for construction purposes,France
FR,C2369,2021,"Manufacture of other articles of concrete, plaster and cement",France
FR,C2369,2022,"Manufacture of other articles of concrete, plaster and cement",France
FR,C2369,2023,"Manufacture of other articles of concrete, plaster and cement",France
FR,C2441,2024,Precious metals production,France
FR,C2443,2024,"Lead, zinc and tin production",France
FR,C2529,2021,"Manufacture of other tanks, reservoirs and containers of metal",France
FR,C2529,2022,"Manufacture of other tanks, reservoirs and containers of metal",France
FR,C2540,2021,Manufacture of weapons and ammunition,France
FR,C2540,2022,Manufacture of weapons and ammunition,France
FR,C2670,2023,Manufacture of optical instruments and photographic equipment,France
FR,C2670,2024,Manufacture of optical instruments and photographic equipment,France
FR,C2680,2023,Manufacture of magnetic and optical media,France
FR,C2680,2024,Manufacture of magnetic and optical media,France
FR,C2731,2021,Manufacture of fibre optic cables,France
FR,C2731,2024,Manufacture of fibre optic cables,France
FR,C2733,2021,Manufacture of wiring devices,France
FR,C2733,2024,Manufacture of wiring devices,France
FR,C2821,2021,"Manufacture of ovens, furnaces and furnace burners",France
FR,C2821,2022,"Manufacture of ovens, furnaces and furnace burners",France
FR,C2821,2023,"Manufacture of ovens, furnaces and furnace burners",France
FR,C2823,2021,Manufacture of office machinery and equipment (except computers and peripheral equipment),France
FR,C2823,2022,Manufacture of office machinery and equipment (except computers and peripheral equipment),France
FR,C2823,2023,Manufacture of office machinery and equipment (except computers and peripheral equipment),France
FR,C2895,2021,Manufacture of machinery for paper and paperboard production,France
FR,C2895,2023,Manufacture of machinery for paper and paperboard production,France
FR,C2895,2024,Manufacture of machinery for paper and paperboard production,France
FR,C2896,2021,Manufacture of plastics and rubber machinery,France
FR,C2896,2023,Manufacture of plastics and rubber machinery,France
FR,C2896,2024,Manufacture of plastics and rubber machinery,France
FR,C2931,2021,Manufacture of electrical and electronic equipment for motor vehicles,France
FR,C2931,2022,Manufacture of electrical and electronic equipment for motor vehicles,France
FR,C2931,2023,Manufacture of electrical and electronic equipment for motor vehicles,France
FR,C2931,2024,Manufacture of electrical and electronic equipment for motor vehicles,France
FR,C2932,2021,Manufacture of other parts and accessories for motor vehicles,France
FR,C2932,2022,Manufacture of other parts and accessories for motor vehicles,France
FR,C2932,2023,Manufacture of other parts and accessories for motor vehicles,France
FR,C2932,2024,Manufacture of other parts and accessories for motor vehicles,France
FR,C3020,2021,Manufacture of railway locomotives and rolling stock,France
FR,C3020,2022,Manufacture of railway locomotives and rolling stock,France
FR,C3020,2023,Manufacture of railway locomotives and rolling stock,France
FR,C3040,2021,Manufacture of military fighting vehicles,France
FR,C3040,2022,Manufacture of military fighting vehicles,France
FR,C3040,2023,Manufacture of military fighting vehicles,France
FR,C3040,2024,Manufacture of military fighting vehicles,France
FR,C3099,2021,Manufacture of other transport equipment n.e.c.,France
FR,C3099,2023,Manufacture of other transport equipment n.e.c.,France
FR,C3099,2024,Manufacture of other transport equipment n.e.c.,France
FR,C3211,2021,Striking of coins,France
FR,C3211,2023,Striking of coins,France
FR,C3211,2024,Striking of coins,France
FR,C3213,2021,Manufacture of imitation jewellery and related articles,France
FR,C3213,2023,Manufacture of imitation jewellery and related articles,France
FR,C3213,2024,Manufacture of imitation jewellery and related articles,France
FR,D3511,2021,Production of electricity,France
FR,D3511,2022,Production of electricity,France
FR,D3511,2023,Production of electricity,France
FR,D3512,2024,Transmission of electricity,France
FR,D3513,2024,Distribution of electricity,France
FR,D3514,2021,Trade of electricity,France
FR,D3514,2022,Trade of electricity,France
FR,D3514,2023,Trade of electricity,France
FR,D3514,2024,Trade of electricity,France
FR,D3523,2021,Trade of gas through mains,France
FR,D3523,2022,Trade of gas through mains,France
FR,D3523,2023,Trade of gas through mains,France
FR,D3523,2024,Trade of gas through mains,France
FR,D3530,2021,Steam and air conditioning supply,France
FR,D3530,2022,Steam and air conditioning supply,France
FR,D3530,2023,Steam and air conditioning supply,France
FR,D3530,2024,Steam and air conditioning supply,France
FR,F4212,2023,Construction of railways and underground railways,France
FR,F4213,2023,Construction of bridges and tunnels,France
FR,H4910,2024,"Passenger rail transport, interurban",France
FR,H4932,2024,Taxi operation,France
FR,H5020,2021,Sea and coastal freight water transport,France
FR,H5020,2022,Sea and coastal freight water transport,France
FR,H5020,2023,Sea and coastal freight water transport,France
FR,H5020,2024,Sea and coastal freight water transport,France
FR,H5121,2021,Freight air transport,France
FR,H5121,2023,Freight air transport,France
FR,H5121,2024,Freight air transport,France
FR,H5122,2021,Space transport,France
FR,H5122,2022,Space transport,France
FR,H5122,2023,Space transport,France
FR,H5122,2024,Space transport,France
FR,H5320,2023,Other postal and courier activities,France
FR,H5320,2024,Other postal and courier activities,France
FR,J5812,2021,Publishing of directories and mailing lists,France
FR,J5812,2022,Publishing of directories and mailing lists,France
FR,J5812,2023,Publishing of directories and mailing lists,France
FR,J5812,2024,Publishing of directories and mailing lists,France
FR,J5819,2021,Other publishing activities,France
FR,J5819,2022,Other publishing activities,France
FR,J5819,2023,Other publishing activities,France
FR,J5819,2024,Other publishing activities,France
FR,J6130,2021,Satellite telecommunications activities,France
FR,J6190,2021,Other telecommunications activities,France
FR,K6411,2021,Central banking,France
FR,K6411,2022,Central banking,France
FR,K6411,2023,Central banking,France
FR,K6411,2024,Central banking,France
FR,K6419,2021,Other monetary intermediation,France
FR,K6419,2022,Other monetary intermediation,France
FR,K6419,2023,Other monetary intermediation,France
FR,K6419,2024,Other monetary intermediation,France
FR,K6520,2021,Reinsurance,France
FR,K6530,2021,Pension funding,France
FR,Q8720,2022,"Residential care activities for mental retardation, mental health and substance abuse",France
FR,Q8790,2022,Other residential care activities,France
HR,B0610,2024,Extraction of crude petroleum,Croatia
HR,B0893,2021,Extraction of salt,Croatia
HR,B0893,2022,Extraction of salt,Croatia
HR,B0893,2023,Extraction of salt,Croatia
HR,B0893,2024,Extraction of salt,Croatia
HR,B0899,2021,Other mining and quarrying n.e.c.,Croatia
HR,B0899,2022,Other mining and quarrying n.e.c.,Croatia
HR,B0899,2023,Other mining and quarrying n.e.c.,Croatia
HR,B0899,2024,Other mining and quarrying n.e.c.,Croatia
HR,B0910,2021,Support activities for petroleum and natural gas extraction,Croatia
HR,B0910,2022,Support activities for petroleum and natural gas extraction,Croatia
HR,B0910,2023,Support activities for petroleum and natural gas extraction,Croatia
HR,B0910,2024,Support activities for petroleum and natural gas extraction,Croatia
HR,B0990,2021,Support activities for other mining and quarrying,Croatia
HR,B0990,2022,Support activities for other mining and quarrying,Croatia
HR,C1051,2021,Operation of dairies and cheese making,Croatia
HR,C1051,2022,Operation of dairies and cheese making,Croatia
HR,C1052,2021,Manufacture of ice cream,Croatia
HR,C1052,2022,Manufacture of ice cream,Croatia
HR,C1061,2021,Manufacture of grain mill products,Croatia
HR,C1061,2022,Manufacture of grain mill products,Croatia
HR,C1061,2023,Manufacture of grain mill products,Croatia
HR,C1061,2024,Manufacture of grain mill products,Croatia
HR,C1062,2021,Manufacture of starches and starch products,Croatia
HR,C1062,2022,Manufacture of starches and starch products,Croatia
HR,C1062,2023,Manufacture of starches and starch products,Croatia
HR,C1062,2024,Manufacture of starches and starch products,Croatia
HR,C1081,2021,Manufacture of sugar,Croatia
HR,C1081,2022,Manufacture of sugar,Croatia
HR,C1081,2023,Manufacture of sugar,Croatia
HR,C1081,2024,Manufacture of sugar,Croatia
HR,C1084,2021,Manufacture of condiments and seasonings,Croatia
HR,C1084,2022,Manufacture of condiments and seasonings,Croatia
HR,C1084,2023,Manufacture of condiments and seasonings,Croatia
HR,C1084,2024,Manufacture of condiments and seasonings,Croatia
HR,C1085,2022,Manufacture of prepared meals and dishes,Croatia
HR,C1101,2022,"Distilling, rectifying and blending of spirits",Croatia
HR,C1101,2023,"Distilling, rectifying and blending of spirits",Croatia
HR,C1101,2024,"Distilling, rectifying and blending of spirits",Croatia
HR,C1103,2021,Manufacture of cider and other fruit wines,Croatia
HR,C1106,2021,Manufacture of malt,Croatia
HR,C1106,2022,Manufacture of malt,Croatia
HR,C1106,2023,Manufacture of malt,Croatia
HR,C1106,2024,Manufacture of malt,Croatia
HR,C1200,2021,Manufacture of tobacco products,Croatia
HR,C1200,2022,Manufacture of tobacco products,Croatia
HR,C1200,2023,Manufacture of tobacco products,Croatia
HR,C1200,2024,Manufacture of tobacco products,Croatia
HR,C1310,2023,Preparation and spinning of textile fibres,Croatia
HR,C1310,2024,Preparation and spinning of textile fibres,Croatia
HR,C1330,2023,Finishing of textiles,Croatia
HR,C1330,2024,Finishing of textiles,Croatia
HR,C1391,2021,Manufacture of knitted and crocheted fabrics,Croatia
HR,C1391,2022,Manufacture of knitted and crocheted fabrics,Croatia
HR,C1391,2023,Manufacture of knitted and crocheted fabrics,Croatia
HR,C1391,2024,Manufacture of knitted and crocheted fabrics,Croatia
HR,C1393,2021,Manufacture of carpets and rugs,Croatia
HR,C1393,2022,Manufacture of carpets and rugs,Croatia
HR,C1393,2023,Manufacture of carpets and rugs,Croatia
HR,C1393,2024,Manufacture of carpets and rugs,Croatia
HR,C1411,2022,Manufacture of leather clothes,Croatia
HR,C1411,2023,Manufacture of leather clothes,Croatia
HR,C1411,2024,Manufacture of leather clothes,Croatia
HR,C1414,2022,Manufacture of underwear,Croatia
HR,C1419,2023,Manufacture of other wearing apparel and accessories,Croatia
HR,C1419,2024,Manufacture of other wearing apparel and accessories,Croatia
HR,C1431,2021,Manufacture of knitted and crocheted hosiery,Croatia
HR,C1431,2022,Manufacture of knitted and crocheted hosiery,Croatia
HR,C1431,2023,Manufacture of knitted and crocheted hosiery,Croatia
HR,C1431,2024,Manufacture of knitted and crocheted hosiery,Croatia
HR,C1439,2021,Manufacture of other knitted and crocheted apparel,Croatia
HR,C1439,2022,Manufacture of other knitted and crocheted apparel,Croatia
HR,C1439,2023,Manufacture of other knitted and crocheted apparel,Croatia
HR,C1439,2024,Manufacture of other knitted and crocheted apparel,Croatia
HR,C1520,2022,Manufacture of footwear,Croatia
HR,C1711,2021,Manufacture of pulp,Croatia
HR,C1711,2022,Manufacture of pulp,Croatia
HR,C1711,2023,Manufacture of pulp,Croatia
HR,C1711,2024,Manufacture of pulp,Croatia
HR,C1712,2021,Manufacture of paper and paperboard,Croatia
HR,C1712,2022,Manufacture of paper and paperboard,Croatia
HR,C1712,2023,Manufacture of paper and paperboard,Croatia
HR,C1712,2024,Manufacture of paper and paperboard,Croatia
HR,C1723,2021,Manufacture of paper stationery,Croatia
HR,C1724,2021,Manufacture of wallpaper,Croatia
HR,C1814,2023,Binding and related services,Croatia
HR,C1814,2024,Binding and related services,Croatia
HR,C1820,2023,Reproduction of recorded media,Croatia
HR,C1820,2024,Reproduction of recorded media,Croatia
HR,C1920,2021,Manufacture of refined petroleum products,Croatia
HR,C1920,2022,Manufacture of refined petroleum products,Croatia
HR,C1920,2023,Manufacture of refined petroleum products,Croatia
HR,C1920,2024,Manufacture of refined petroleum products,Croatia
HR,C2011,2023,Manufacture of industrial gases,Croatia
HR,C2014,2023,Manufacture of other organic basic chemicals,Croatia
HR,C2051,2021,Manufacture of explosives,Croatia
HR,C2051,2022,Manufacture of explosives,Croatia
HR,C2051,2023,Manufacture of explosives,Croatia
HR,C2051,2024,Manufacture of explosives,Croatia
HR,C2052,2021,Manufacture of glues,Croatia
HR,C2052,2022,Manufacture of glues,Croatia
HR,C2052,2023,Manufacture of glues,Croatia
HR,C2052,2024,Manufacture of glues,Croatia
HR,C2053,2023,Manufacture of essential oils,Croatia
HR,C2053,2024,Manufacture of essential oils,Croatia
HR,C2110,2021,Manufacture of basic pharmaceutical products,Croatia
HR,C2110,2022,Manufacture of basic pharmaceutical products,Croatia
HR,C2110,2024,Manufacture of basic pharmaceutical products,Croatia
HR,C2120,2021,Manufacture of pharmaceutical preparations,Croatia
HR,C2120,2022,Manufacture of pharmaceutical preparations,Croatia
HR,C2120,2024,Manufacture of pharmaceutical preparations,Croatia
HR,C2313,2021,Manufacture of hollow glass,Croatia
HR,C2313,2022,Manufacture of hollow glass,Croatia
HR,C2313,2023,Manufacture of hollow glass,Croatia
HR,C2313,2024,Manufacture of hollow glass,Croatia
HR,C2314,2021,Manufacture of glass fibres,Croatia
HR,C2314,2022,Manufacture of glass fibres,Croatia
HR,C2314,2023,Manufacture of glass fibres,Croatia
HR,C2314,2024,Manufacture of glass fibres,Croatia
HR,C2319,2022,"Manufacture and processing of other glass, including technical glassware",Croatia
HR,C2319,2023,"Manufacture and processing of other glass, including technical glassware",Croatia
HR,C2319,2024,"Manufacture and processing of other glass, including technical glassware",Croatia
HR,C2331,2021,Manufacture of ceramic tiles and flags,Croatia
HR,C2331,2022,Manufacture of ceramic tiles and flags,Croatia
HR,C2331,2023,Manufacture of ceramic tiles and flags,Croatia
HR,C2331,2024,Manufacture of ceramic tiles and flags,Croatia
HR,C2332,2021,"Manufacture of bricks, tiles and construction products, in baked clay",Croatia
HR,C2332,2022,"Manufacture of bricks, tiles and construction products, in baked clay",Croatia
HR,C2332,2023,"Manufacture of bricks, tiles and construction products, in baked clay",Croatia
HR,C2332,2024,"Manufacture of bricks, tiles and construction products, in baked clay",Croatia
HR,C2342,2021,Manufacture of ceramic sanitary fixtures,Croatia
HR,C2342,2022,Manufacture of ceramic sanitary fixtures,Croatia
HR,C2344,2021,Manufacture of other technical ceramic products,Croatia
HR,C2344,2022,Manufacture of other technical ceramic products,Croatia
HR,C2344,2023,Manufacture of other technical ceramic products,Croatia
HR,C2344,2024,Manufacture of other technical ceramic products,Croatia
HR,C2349,2022,Manufacture of other ceramic products,Croatia
HR,C2349,2023,Manufacture of other ceramic products,Croatia
HR,C2349,2024,Manufacture of other ceramic products,Croatia
HR,C2365,2021,Manufacture of fibre cement,Croatia
HR,C2365,2022,Manufacture of fibre cement,Croatia
HR,C2365,2023,Manufacture of fibre cement,Croatia
HR,C2365,2024,Manufacture of fibre cement,Croatia
HR,C2369,2021,"Manufacture of other articles of concrete, plaster and cement",Croatia
HR,C2369,2022,"Manufacture of other articles of concrete, plaster and cement",Croatia
HR,C2369,2023,"Manufacture of other articles of concrete, plaster and cement",Croatia
HR,C2369,2024,"Manufacture of other articles of concrete, plaster and cement",Croatia
HR,C2410,2021,Manufacture of basic iron and steel and of ferro-alloys,Croatia
HR,C2410,2022,Manufacture of basic iron and steel and of ferro-alloys,Croatia
HR,C2410,2023,Manufacture of basic iron and steel and of ferro-alloys,Croatia
HR,C2410,2024,Manufacture of basic iron and steel and of ferro-alloys,Croatia
HR,C2433,2021,Cold forming or folding,Croatia
HR,C2433,2022,Cold forming or folding,Croatia
HR,C2433,2023,Cold forming or folding,Croatia
HR,C2433,2024,Cold forming or folding,Croatia
HR,C2441,2021,Precious metals production,Croatia
HR,C2441,2022,Precious metals production,Croatia
HR,C2441,2023,Precious metals production,Croatia
HR,C2441,2024,Precious metals production,Croatia
HR,C2442,2021,Aluminium production,Croatia
HR,C2442,2022,Aluminium production,Croatia
HR,C2442,2023,Aluminium production,Croatia
HR,C2442,2024,Aluminium production,Croatia
HR,C2443,2023,"Lead, zinc and tin production",Croatia
HR,C2521,2021,Manufacture of central heating radiators and boilers,Croatia
HR,C2529,2021,"Manufacture of other tanks, reservoirs and containers of metal",Croatia
HR,C2540,2021,Manufacture of weapons and ammunition,Croatia
HR,C2540,2022,Manufacture of weapons and ammunition,Croatia
HR,C2540,2024,Manufacture of weapons and ammunition,Croatia
HR,C2550,2021,"Forging, pressing, stamping and roll-forming of metal; powder metallurgy",Croatia
HR,C2550,2022,"Forging, pressing, stamping and roll-forming of metal; powder metallurgy",Croatia
HR,C2550,2024,"Forging, pressing, stamping and roll-forming of metal; powder metallurgy",Croatia
HR,C2591,2022,Manufacture of steel drums and similar containers,Croatia
HR,C2591,2024,Manufacture of steel drums and similar containers,Croatia
HR,C2592,2022,Manufacture of light metal packaging,Croatia
HR,C2592,2024,Manufacture of light metal packaging,Croatia
HR,C2630,2024,Manufacture of communication equipment,Croatia
HR,C2640,2024,Manufacture of consumer electronics,Croatia
HR,C2651,2021,"Manufacture of instruments and appliances for measuring, testing and navigation",Croatia
HR,C2651,2022,"Manufacture of instruments and appliances for measuring, testing and navigation",Croatia
HR,C2651,2023,"Manufacture of instruments and appliances for measuring, testing and navigation",Croatia
HR,C2651,2024,"Manufacture of instruments and appliances for measuring, testing and navigation",Croatia
HR,C2652,2021,Manufacture of watches and clocks,Croatia
HR,C2652,2022,Manufacture of watches and clocks,Croatia
HR,C2652,2023,Manufacture of watches and clocks,Croatia
HR,C2652,2024,Manufacture of watches and clocks,Croatia
HR,C2660,2021,"Manufacture of irradiation, electromedical and electrotherapeutic equipment",Croatia
HR,C2660,2023,"Manufacture of irradiation, electromedical and electrotherapeutic equipment",Croatia
HR,C2660,2024,"Manufacture of irradiation, electromedical and electrotherapeutic equipment",Croatia
HR,C2670,2021,Manufacture of optical instruments and photographic equipment,Croatia
HR,C2670,2023,Manufacture of optical instruments and photographic equipment,Croatia
HR,C2731,2023,Manufacture of fibre optic cables,Croatia
HR,C2731,2024,Manufacture of fibre optic cables,Croatia
HR,C2733,2023,Manufacture of wiring devices,Croatia
HR,C2733,2024,Manufacture of wiring devices,Croatia
HR,C2891,2021,Manufacture of machinery for metallurgy,Croatia
HR,C2891,2022,Manufacture of machinery for metallurgy,Croatia
HR,C2891,2023,Manufacture of machinery for metallurgy,Croatia
HR,C2891,2024,Manufacture of machinery for metallurgy,Croatia
HR,C2894,2021,"Manufacture of machinery for textile, apparel and leather production",Croatia
HR,C2894,2022,"Manufacture of machinery for textile, apparel and leather production",Croatia
HR,C2894,2023,"Manufacture of machinery for textile, apparel and leather production",Croatia
HR,C2894,2024,"Manufacture of machinery for textile, apparel and leather production",Croatia
HR,C2895,2021,Manufacture of machinery for paper and paperboard production,Croatia
HR,C2895,2022,Manufacture of machinery for paper and paperboard production,Croatia
HR,C2895,2023,Manufacture of machinery for paper and paperboard production,Croatia
HR,C2895,2024,Manufacture of machinery for paper and paperboard production,Croatia
HR,C2910,2023,Manufacture of motor vehicles,Croatia
HR,C2920,2024,Manufacture of bodies (coachwork) for motor vehicles; manufacture of trailers and semi-trailers,Croatia
HR,C3020,2022,Manufacture of railway locomotives and rolling stock,Croatia
HR,C3030,2022,Manufacture of air and spacecraft and related machinery,Croatia
HR,C3030,2024,Manufacture of air and spacecraft and related machinery,Croatia
HR,C3091,2023,Manufacture of motorcycles,Croatia
HR,C3092,2021,Manufacture of bicycles and invalid carriages,Croatia
HR,C3092,2022,Manufacture of bicycles and invalid carriages,Croatia
HR,C3099,2021,Manufacture of other transport equipment n.e.c.,Croatia
HR,C3099,2022,Manufacture of other transport equipment n.e.c.,Croatia
HR,C3099,2023,Manufacture of other transport equipment n.e.c.,Croatia
HR,C3099,2024,Manufacture of other transport equipment n.e.c.,Croatia
HR,C3211,2021,Striking of coins,Croatia
HR,C3211,2022,Striking of coins,Croatia
HR,C3211,2023,Striking of coins,Croatia
HR,C3211,2024,Striking of coins,Croatia
HR,C3213,2021,Manufacture of imitation jewellery and related articles,Croatia
HR,C3213,2022,Manufacture of imitation jewellery and related articles,Croatia
HR,C3213,2023,Manufacture of imitation jewellery and related articles,Croatia
HR,C3213,2024,Manufacture of imitation jewellery and related articles,Croatia
HR,C3220,2023,Manufacture of musical instruments,Croatia
HR,C3220,2024,Manufacture of musical instruments,Croatia
HR,C3230,2022,Manufacture of sports goods,Croatia
HR,C3240,2021,Manufacture of games and toys,Croatia
HR,C3250,2021,Manufacture of medical and dental instruments and supplies,Croatia
HR,C3250,2022,Manufacture of medical and dental instruments and supplies,Croatia
HR,C3250,2023,Manufacture of medical and dental instruments and supplies,Croatia
HR,C3250,2024,Manufacture of medical and dental instruments and supplies,Croatia
HR,C3316,2022,Repair and maintenance of aircraft and spacecraft,Croatia
HR,C3317,2021,Repair and maintenance of other transport equipment,Croatia
HR,C3317,2022,Repair and maintenance of other transport equipment,Croatia
HR,C3319,2021,Repair of other equipment,Croatia
HR,C3319,2022,Repair of other equipment,Croatia
HR,D3511,2021,Production of electricity,Croatia
HR,D3511,2022,Production of electricity,Croatia
HR,D3511,2023,Production of electricity,Croatia
HR,D3511,2024,Production of electricity,Croatia
HR,D3512,2024,Transmission of electricity,Croatia
HR,D3513,2021,Distribution of electricity,Croatia
HR,D3513,2022,Distribution of electricity,Croatia
HR,D3513,2023,Distribution of electricity,Croatia
HR,D3513,2024,Distribution of electricity,Croatia
HR,F4212,2021,Construction of railways and underground railways,Croatia
HR,F4213,2021,Construction of bridges and tunnels,Croatia
HR,G4664,2023,Wholesale of machinery for the textile industry and of sewing and knitting machines,Croatia
HR,G4665,2023,Wholesale of office furniture,Croatia
HR,G4761,2021,Retail sale of books in specialised stores,Croatia
HR,G4762,2022,Retail sale of newspapers and stationery in specialised stores,Croatia
HR,G4763,2021,Retail sale of music and video recordings in specialised stores,Croatia
HR,G4763,2022,Retail sale of music and video recordings in specialised stores,Croatia
HR,G4765,2021,Retail sale of games and toys in specialised stores,Croatia
HR,G4765,2022,Retail sale of games and toys in specialised stores,Croatia
HR,H4920,2021,Freight rail transport,Croatia
HR,H4920,2022,Freight rail transport,Croatia
HR,H4920,2023,Freight rail transport,Croatia
HR,H4920,2024,Freight rail transport,Croatia
HR,H4950,2021,Transport via pipeline,Croatia
HR,H4950,2022,Transport via pipeline,Croatia
HR,H4950,2023,Transport via pipeline,Croatia
HR,H4950,2024,Transport via pipeline,Croatia
HR,H5010,2021,Sea and coastal passenger water transport,Croatia
HR,H5010,2024,Sea and coastal passenger water transport,Croatia
HR,H5020,2021,Sea and coastal freight water transport,Croatia
HR,H5030,2021,Inland passenger water transport,Croatia
HR,H5030,2024,Inland passenger water transport,Croatia
HR,H5110,2021,Passenger air transport,Croatia
HR,H5110,2024,Passenger air transport,Croatia
HR,H5121,2021,Freight air transport,Croatia
HR,H5121,2024,Freight air transport,Croatia
HR,H5310,2021,Postal activities under universal service obligation,Croatia
HR,H5310,2022,Postal activities under universal service obligation,Croatia
HR,H5310,2023,Postal activities under universal service obligation,Croatia
HR,H5310,2024,Postal activities under universal service obligation,Croatia
HR,H5320,2021,Other postal and courier activities,Croatia
HR,H5320,2022,Other postal and courier activities,Croatia
HR,H5320,2023,Other postal and courier activities,Croatia
HR,H5320,2024,Other postal and courier activities,Croatia
HR,I5520,2024,Holiday and other short-stay accommodation,Croatia
HR,I5530,2024,"Camping grounds, recreational vehicle parks and trailer parks",Croatia
HR,J5912,2023,"Motion picture, video and television programme post-production activities",Croatia
HR,J5912,2024,"Motion picture, video and television programme post-production activities",Croatia
HR,J5913,2022,"Motion picture, video and television programme distribution activities",Croatia
HR,J5914,2022,Motion picture projection activities,Croatia
HR,J5914,2023,Motion picture projection activities,Croatia
HR,J5914,2024,Motion picture projection activities,Croatia
HR,K6411,2021,Central banking,Croatia
HR,K6411,2022,Central banking,Croatia
HR,K6411,2023,Central banking,Croatia
HR,K6411,2024,Central banking,Croatia
HR,K6419,2021,Other monetary intermediation,Croatia
HR,K6419,2022,Other monetary intermediation,Croatia
HR,K6419,2023,Other monetary intermediation,Croatia
HR,K6419,2024,Other monetary intermediation,Croatia
HR,N7722,2023,Renting of video tapes and disks,Croatia
HR,N7722,2024,Renting of video tapes and disks,Croatia
HR,N7729,2023,Renting and leasing of other personal and household goods,Croatia
HR,N7729,2024,Renting and leasing of other personal and household goods,Croatia
HR,N7731,2024,Renting and leasing of agricultural machinery and equipment,Croatia
HR,N7735,2024,Renting and leasing of air transport equipment,Croatia
HR,N7810,2021,Activities of employment placement agencies,Croatia
HR,N7830,2021,Other human resources provision,Croatia
HR,N7912,2021,Tour operator activities,Croatia
HR,N7990,2021,Other reservation service and related activities,Croatia
HR,P8551,2023,Sports and recreation education,Croatia
HR,P8551,2024,Sports and recreation education,Croatia
HR,P8552,2023,Cultural education,Croatia
HR,P8552,2024,Cultural education,Croatia
HR,R9102,2024,Museums activities,Croatia
HR,R9104,2024,Botanical and zoological gardens and nature reserves activities,Croatia
HU,B0510,2021,Mining of hard coal,Hungary
HU,B0510,2022,Mining of hard coal,Hungary
HU,B0510,2023,Mining of hard coal,Hungary
HU,B0510,2024,Mining of hard coal,Hungary
HU,B0520,2021,Mining of lignite,Hungary
HU,B0721,2021,Mining of uranium and thorium ores,Hungary
HU,B0729,2021,Mining of other non-ferrous metal ores,Hungary
HU,B0729,2022,Mining of other non-ferrous metal ores,Hungary
HU,B0729,2023,Mining of other non-ferrous metal ores,Hungary
HU,B0729,2024,Mining of other non-ferrous metal ores,Hungary
HU,B0891,2023,Mining of chemical and fertiliser minerals,Hungary
HU,B0891,2024,Mining of chemical and fertiliser minerals,Hungary
HU,B0892,2022,Extraction of peat,Hungary
HU,B0893,2021,Extraction of salt,Hungary
HU,B0893,2022,Extraction of salt,Hungary
HU,B0893,2023,Extraction of salt,Hungary
HU,B0893,2024,Extraction of salt,Hungary
HU,B0899,2021,Other mining and quarrying n.e.c.,Hungary
HU,C1041,2021,Manufacture of oils and fats,Hungary
HU,C1041,2022,Manufacture of oils and fats,Hungary
HU,C1041,2023,Manufacture of oils and fats,Hungary
HU,C1041,2024,Manufacture of oils and fats,Hungary
HU,C1042,2021,Manufacture of margarine and similar edible fats,Hungary
HU,C1042,2022,Manufacture of margarine and similar edible fats,Hungary
HU,C1042,2023,Manufacture of margarine and similar edible fats,Hungary
HU,C1042,2024,Manufacture of margarine and similar edible fats,Hungary
HU,C1104,2021,Manufacture of other non-distilled fermented beverages,Hungary
HU,C1104,2022,Manufacture of other non-distilled fermented beverages,Hungary
HU,C1104,2023,Manufacture of other non-distilled fermented beverages,Hungary
HU,C1104,2024,Manufacture of other non-distilled fermented beverages,Hungary
HU,C1106,2021,Manufacture of malt,Hungary
HU,C1106,2022,Manufacture of malt,Hungary
HU,C1106,2023,Manufacture of malt,Hungary
HU,C1106,2024,Manufacture of malt,Hungary
HU,C1910,2021,Manufacture of coke oven products,Hungary
HU,C1910,2022,Manufacture of coke oven products,Hungary
HU,C1910,2023,Manufacture of coke oven products,Hungary
HU,C1910,2024,Manufacture of coke oven products,Hungary
HU,C1920,2021,Manufacture of refined petroleum products,Hungary
HU,C1920,2022,Manufacture of refined petroleum products,Hungary
HU,C1920,2023,Manufacture of refined petroleum products,Hungary
HU,C1920,2024,Manufacture of refined petroleum products,Hungary
HU,C2011,2023,Manufacture of industrial gases,Hungary
HU,C2012,2022,Manufacture of dyes and pigments,Hungary
HU,C2012,2024,Manufacture of dyes and pigments,Hungary
HU,C2017,2022,Manufacture of synthetic rubber in primary forms,Hungary
HU,C2017,2023,Manufacture of synthetic rubber in primary forms,Hungary
HU,C2017,2024,Manufacture of synthetic rubber in primary forms,Hungary
HU,C2020,2021,Manufacture of pesticides and other agrochemical products,Hungary
HU,C2020,2022,Manufacture of pesticides and other agrochemical products,Hungary
HU,C2020,2023,Manufacture of pesticides and other agrochemical products,Hungary
HU,C2020,2024,Manufacture of pesticides and other agrochemical products,Hungary
HU,C2060,2021,Manufacture of man-made fibres,Hungary
HU,C2060,2022,Manufacture of man-made fibres,Hungary
HU,C2060,2023,Manufacture of man-made fibres,Hungary
HU,C2060,2024,Manufacture of man-made fibres,Hungary
HU,C2311,2021,Manufacture of flat glass,Hungary
HU,C2311,2022,Manufacture of flat glass,Hungary
HU,C2314,2021,Manufacture of glass fibres,Hungary
HU,C2314,2022,Manufacture of glass fibres,Hungary
HU,C2342,2024,Manufacture of ceramic sanitary fixtures,Hungary
HU,C2343,2024,Manufacture of ceramic insulators and insulating fittings,Hungary
HU,C2431,2021,Cold drawing of bars,Hungary
HU,C2431,2022,Cold drawing of bars,Hungary
HU,C2432,2023,Cold rolling of narrow strip,Hungary
HU,C2434,2021,Cold drawing of wire,Hungary
HU,C2434,2022,Cold drawing of wire,Hungary
HU,C2434,2023,Cold drawing of wire,Hungary
HU,C2443,2021,"Lead, zinc and tin production",Hungary
HU,C2445,2021,Other non-ferrous metal production,Hungary
HU,C2640,2021,Manufacture of consumer electronics,Hungary
HU,C2640,2022,Manufacture of consumer electronics,Hungary
HU,C2640,2023,Manufacture of consumer electronics,Hungary
HU,C2640,2024,Manufacture of consumer electronics,Hungary
HU,C2680,2021,Manufacture of magnetic and optical media,Hungary
HU,C2680,2022,Manufacture of magnetic and optical media,Hungary
HU,C2680,2023,Manufacture of magnetic and optical media,Hungary
HU,C2680,2024,Manufacture of magnetic and optical media,Hungary
HU,C3020,2021,Manufacture of railway locomotives and rolling stock,Hungary
HU,C3020,2022,Manufacture of railway locomotives and rolling stock,Hungary
HU,C3020,2023,Manufacture of railway locomotives and rolling stock,Hungary
HU,C3020,2024,Manufacture of railway locomotives and rolling stock,Hungary
HU,C3040,2021,Manufacture of military fighting vehicles,Hungary
HU,C3040,2022,Manufacture of military fighting vehicles,Hungary
HU,C3040,2023,Manufacture of military fighting vehicles,Hungary
HU,C3040,2024,Manufacture of military fighting vehicles,Hungary
HU,D3512,2023,Transmission of electricity,Hungary
HU,D3513,2023,Distribution of electricity,Hungary
HU,H4910,2021,"Passenger rail transport, interurban",Hungary
HU,H4910,2022,"Passenger rail transport, interurban",Hungary
HU,H4910,2023,"Passenger rail transport, interurban",Hungary
HU,H4910,2024,"Passenger rail transport, interurban",Hungary
HU,H4920,2021,Freight rail transport,Hungary
HU,H4920,2022,Freight rail transport,Hungary
HU,H4920,2023,Freight rail transport,Hungary
HU,H4920,2024,Freight rail transport,Hungary
HU,H5121,2021,Freight air transport,Hungary
HU,H5121,2022,Freight air transport,Hungary
HU,H5122,2021,Space transport,Hungary
HU,H5122,2022,Space transport,Hungary
HU,H5310,2021,Postal activities under universal service obligation,Hungary
HU,H5310,2022,Postal activities under universal service obligation,Hungary
HU,H5310,2023,Postal activities under universal service obligation,Hungary
HU,H5310,2024,Postal activities under universal service obligation,Hungary
HU,H5320,2021,Other postal and courier activities,Hungary
HU,H5320,2022,Other postal and courier activities,Hungary
HU,H5320,2023,Other postal and courier activities,Hungary
HU,H5320,2024,Other postal and courier activities,Hungary
HU,K6411,2021,Central banking,Hungary
HU,K6411,2022,Central banking,Hungary
HU,K6411,2023,Central banking,Hungary
HU,K6411,2024,Central banking,Hungary
HU,K6419,2021,Other monetary intermediation,Hungary
HU,K6419,2022,Other monetary intermediation,Hungary
HU,K6419,2023,Other monetary intermediation,Hungary
HU,K6419,2024,Other monetary intermediation,Hungary
IE,B0510,2021,Mining of hard coal,Ireland
IE,B0510,2022,Mining of hard coal,Ireland
IE,B0510,2023,Mining of hard coal,Ireland
IE,B0510,2024,Mining of hard coal,Ireland
IE,B0610,2021,Extraction of crude petroleum,Ireland
IE,B0610,2022,Extraction of crude petroleum,Ireland
IE,B0620,2021,Extraction of natural gas,Ireland
IE,B0620,2022,Extraction of natural gas,Ireland
IE,B0620,2023,Extraction of natural gas,Ireland
IE,B0620,2024,Extraction of natural gas,Ireland
IE,B0710,2021,Mining of iron ores,Ireland
IE,B0710,2022,Mining of iron ores,Ireland
IE,B0729,2021,Mining of other non-ferrous metal ores,Ireland
IE,B0729,2022,Mining of other non-ferrous metal ores,Ireland
IE,B0729,2023,Mining of other non-ferrous metal ores,Ireland
IE,B0729,2024,Mining of other non-ferrous metal ores,Ireland
IE,B0891,2021,Mining of chemical and fertiliser minerals,Ireland
IE,B0891,2023,Mining of chemical and fertiliser minerals,Ireland
IE,B0893,2021,Extraction of salt,Ireland
IE,B0893,2022,Extraction of salt,Ireland
IE,B0893,2023,Extraction of salt,Ireland
IE,B0899,2022,Other mining and quarrying n.e.c.,Ireland
IE,B0899,2023,Other mining and quarrying n.e.c.,Ireland
IE,B0910,2021,Support activities for petroleum and natural gas extraction,Ireland
IE,B0910,2023,Support activities for petroleum and natural gas extraction,Ireland
IE,B0910,2024,Support activities for petroleum and natural gas extraction,Ireland
IE,B0990,2021,Support activities for other mining and quarrying,Ireland
IE,B0990,2023,Support activities for other mining and quarrying,Ireland
IE,C1020,2022,"Processing and preserving of fish, crustaceans and molluscs",Ireland
IE,C1020,2024,"Processing and preserving of fish, crustaceans and molluscs",Ireland
IE,C1031,2021,Processing and preserving of potatoes,Ireland
IE,C1031,2022,Processing and preserving of potatoes,Ireland
IE,C1031,2023,Processing and preserving of potatoes,Ireland
IE,C1031,2024,Processing and preserving of potatoes,Ireland
IE,C1032,2021,Manufacture of fruit and vegetable juice,Ireland
IE,C1032,2022,Manufacture of fruit and vegetable juice,Ireland
IE,C1032,2023,Manufacture of fruit and vegetable juice,Ireland
IE,C1032,2024,Manufacture of fruit and vegetable juice,Ireland
IE,C1039,2022,Other processing and preserving of fruit and vegetables,Ireland
IE,C1039,2023,Other processing and preserving of fruit and vegetables,Ireland
IE,C1039,2024,Other processing and preserving of fruit and vegetables,Ireland
IE,C1041,2021,Manufacture of oils and fats,Ireland
IE,C1041,2022,Manufacture of oils and fats,Ireland
IE,C1041,2023,Manufacture of oils and fats,Ireland
IE,C1041,2024,Manufacture of oils and fats,Ireland
IE,C1042,2021,Manufacture of margarine and similar edible fats,Ireland
IE,C1042,2022,Manufacture of margarine and similar edible fats,Ireland
IE,C1042,2023,Manufacture of margarine and similar edible fats,Ireland
IE,C1042,2024,Manufacture of margarine and similar edible fats,Ireland
IE,C1051,2024,Operation of dairies and cheese making,Ireland
IE,C1052,2024,Manufacture of ice cream,Ireland
IE,C1061,2021,Manufacture of grain mill products,Ireland
IE,C1061,2022,Manufacture of grain mill products,Ireland
IE,C1061,2023,Manufacture of grain mill products,Ireland
IE,C1062,2021,Manufacture of starches and starch products,Ireland
IE,C1062,2022,Manufacture of starches and starch products,Ireland
IE,C1071,2023,Manufacture of bread; manufacture of fresh pastry goods and cakes,Ireland
IE,C1071,2024,Manufacture of bread; manufacture of fresh pastry goods and cakes,Ireland
IE,C1072,2021,Manufacture of rusks and biscuits; manufacture of preserved pastry goods and cakes,Ireland
IE,C1072,2022,Manufacture of rusks and biscuits; manufacture of preserved pastry goods and cakes,Ireland
IE,C1072,2023,Manufacture of rusks and biscuits; manufacture of preserved pastry goods and cakes,Ireland
IE,C1072,2024,Manufacture of rusks and biscuits; manufacture of preserved pastry goods and cakes,Ireland
IE,C1073,2021,"Manufacture of macaroni, noodles, couscous and similar farinaceous products",Ireland
IE,C1073,2022,"Manufacture of macaroni, noodles, couscous and similar farinaceous products",Ireland
IE,C1073,2023,"Manufacture of macaroni, noodles, couscous and similar farinaceous products",Ireland
IE,C1073,2024,"Manufacture of macaroni, noodles, couscous and similar farinaceous products",Ireland
IE,C1081,2021,Manufacture of sugar,Ireland
IE,C1081,2022,Manufacture of sugar,Ireland
IE,C1081,2023,Manufacture of sugar,Ireland
IE,C1081,2024,Manufacture of sugar,Ireland
IE,C1082,2022,"Manufacture of cocoa, chocolate and sugar confectionery",Ireland
IE,C1083,2024,Processing of tea and coffee,Ireland
IE,C1084,2023,Manufacture of condiments and seasonings,Ireland
IE,C1084,2024,Manufacture of condiments and seasonings,Ireland
IE,C1085,2022,Manufacture of prepared meals and dishes,Ireland
IE,C1085,2023,Manufacture of prepared meals and dishes,Ireland
IE,C1085,2024,Manufacture of prepared meals and dishes,Ireland
IE,C1086,2021,Manufacture of homogenised food preparations and dietetic food,Ireland
IE,C1086,2022,Manufacture of homogenised food preparations and dietetic food,Ireland
IE,C1086,2023,Manufacture of homogenised food preparations and dietetic food,Ireland
IE,C1086,2024,Manufacture of homogenised food preparations and dietetic food,Ireland
IE,C1089,2021,Manufacture of other food products n.e.c.,Ireland
IE,C1089,2022,Manufacture of other food products n.e.c.,Ireland
IE,C1089,2023,Manufacture of other food products n.e.c.,Ireland
IE,C1089,2024,Manufacture of other food products n.e.c.,Ireland
IE,C1091,2022,Manufacture of prepared feeds for farm animals,Ireland
IE,C1091,2023,Manufacture of prepared feeds for farm animals,Ireland
IE,C1091,2024,Manufacture of prepared feeds for farm animals,Ireland
IE,C1092,2022,Manufacture of prepared pet foods,Ireland
IE,C1092,2023,Manufacture of prepared pet foods,Ireland
IE,C1092,2024,Manufacture of prepared pet foods,Ireland
IE,C1101,2021,"Distilling, rectifying and blending of spirits",Ireland
IE,C1101,2022,"Distilling, rectifying and blending of spirits",Ireland
IE,C1101,2023,"Distilling, rectifying and blending of spirits",Ireland
IE,C1101,2024,"Distilling, rectifying and blending of spirits",Ireland
IE,C1102,2021,Manufacture of wine from grape,Ireland
IE,C1102,2023,Manufacture of wine from grape,Ireland
IE,C1102,2024,Manufacture of wine from grape,Ireland
IE,C1103,2021,Manufacture of cider and other fruit wines,Ireland
IE,C1103,2022,Manufacture of cider and other fruit wines,Ireland
IE,C1103,2023,Manufacture of cider and other fruit wines,Ireland
IE,C1103,2024,Manufacture of cider and other fruit wines,Ireland
IE,C1104,2021,Manufacture of other non-distilled fermented beverages,Ireland
IE,C1105,2021,Manufacture of beer,Ireland
IE,C1105,2022,Manufacture of beer,Ireland
IE,C1105,2023,Manufacture of beer,Ireland
IE,C1105,2024,Manufacture of beer,Ireland
IE,C1106,2021,Manufacture of malt,Ireland
IE,C1106,2022,Manufacture of malt,Ireland
IE,C1106,2023,Manufacture of malt,Ireland
IE,C1106,2024,Manufacture of malt,Ireland
IE,C1107,2021,Manufacture of soft drinks; production of mineral waters and other bottled waters,Ireland
IE,C1107,2022,Manufacture of soft drinks; production of mineral waters and other bottled waters,Ireland
IE,C1107,2023,Manufacture of soft drinks; production of mineral waters and other bottled waters,Ireland
IE,C1107,2024,Manufacture of soft drinks; production of mineral waters and other bottled waters,Ireland
IE,C1200,2021,Manufacture of tobacco products,Ireland
IE,C1200,2023,Manufacture of tobacco products,Ireland
IE,C1200,2024,Manufacture of tobacco products,Ireland
IE,C1310,2021,Preparation and spinning of textile fibres,Ireland
IE,C1310,2023,Preparation and spinning of textile fibres,Ireland
IE,C1310,2024,Preparation and spinning of textile fibres,Ireland
IE,C1320,2021,Weaving of textiles,Ireland
IE,C1320,2023,Weaving of textiles,Ireland
IE,C1320,2024,Weaving of textiles,Ireland
IE,C1330,2023,Finishing of textiles,Ireland
IE,C1391,2021,Manufacture of knitted and crocheted fabrics,Ireland
IE,C1391,2022,Manufacture of knitted and crocheted fabrics,Ireland
IE,C1392,2023,"Manufacture of made-up textile articles, except apparel",Ireland
IE,C1393,2023,Manufacture of carpets and rugs,Ireland
IE,C1393,2024,Manufacture of carpets and rugs,Ireland
IE,C1394,2023,"Manufacture of cordage, rope, twine and netting",Ireland
IE,C1395,2021,"Manufacture of non-wovens and articles made from non-wovens, except apparel",Ireland
IE,C1395,2022,"Manufacture of non-wovens and articles made from non-wovens, except apparel",Ireland
IE,C1395,2023,"Manufacture of non-wovens and articles made from non-wovens, except apparel",Ireland
IE,C1395,2024,"Manufacture of non-wovens and articles made from non-wovens, except apparel",Ireland
IE,C1396,2021,Manufacture of other technical and industrial textiles,Ireland
IE,C1396,2023,Manufacture of other technical and industrial textiles,Ireland
IE,C1399,2023,Manufacture of other textiles n.e.c.,Ireland
IE,C1411,2021,Manufacture of leather clothes,Ireland
IE,C1411,2022,Manufacture of leather clothes,Ireland
IE,C1411,2023,Manufacture of leather clothes,Ireland
IE,C1411,2024,Manufacture of leather clothes,Ireland
IE,C1412,2021,Manufacture of workwear,Ireland
IE,C1412,2023,Manufacture of workwear,Ireland
IE,C1412,2024,Manufacture of workwear,Ireland
IE,C1414,2022,Manufacture of underwear,Ireland
IE,C1414,2023,Manufacture of underwear,Ireland
IE,C1414,2024,Manufacture of underwear,Ireland
IE,C1420,2023,Manufacture of articles of fur,Ireland
IE,C1420,2024,Manufacture of articles of fur,Ireland
IE,C1431,2023,Manufacture of knitted and crocheted hosiery,Ireland
IE,C1431,2024,Manufacture of knitted and crocheted hosiery,Ireland
IE,C1439,2023,Manufacture of other knitted and crocheted apparel,Ireland
IE,C1439,2024,Manufacture of other knitted and crocheted apparel,Ireland
IE,C1511,2021,Tanning and dressing of leather; dressing and dyeing of fur,Ireland
IE,C1511,2023,Tanning and dressing of leather; dressing and dyeing of fur,Ireland
IE,C1511,2024,Tanning and dressing of leather; dressing and dyeing of fur,Ireland
IE,C1512,2021,"Manufacture of luggage, handbags and the like, saddlery and harness",Ireland
IE,C1512,2022,"Manufacture of luggage, handbags and the like, saddlery and harness",Ireland
IE,C1512,2023,"Manufacture of luggage, handbags and the like, saddlery and harness",Ireland
IE,C1520,2022,Manufacture of footwear,Ireland
IE,C1520,2023,Manufacture of footwear,Ireland
IE,C1520,2024,Manufacture of footwear,Ireland
IE,C1621,2021,Manufacture of veneer sheets and wood-based panels,Ireland
IE,C1621,2022,Manufacture of veneer sheets and wood-based panels,Ireland
IE,C1621,2023,Manufacture of veneer sheets and wood-based panels,Ireland
IE,C1621,2024,Manufacture of veneer sheets and wood-based panels,Ireland
IE,C1622,2021,Manufacture of assembled parquet floors,Ireland
IE,C1622,2022,Manufacture of assembled parquet floors,Ireland
IE,C1622,2023,Manufacture of assembled parquet floors,Ireland
IE,C1622,2024,Manufacture of assembled parquet floors,Ireland
IE,C1624,2023,Manufacture of wooden containers,Ireland
IE,C1624,2024,Manufacture of wooden containers,Ireland
IE,C1711,2021,Manufacture of pulp,Ireland
IE,C1711,2022,Manufacture of pulp,Ireland
IE,C1711,2023,Manufacture of pulp,Ireland
IE,C1712,2021,Manufacture of paper and paperboard,Ireland
IE,C1712,2022,Manufacture of paper and paperboard,Ireland
IE,C1712,2023,Manufacture of paper and paperboard,Ireland
IE,C1712,2024,Manufacture of paper and paperboard,Ireland
IE,C1721,2023,Manufacture of corrugated paper and paperboard and of containers of paper and paperboard,Ireland
IE,C1721,2024,Manufacture of corrugated paper and paperboard and of containers of paper and paperboard,Ireland
IE,C1722,2021,Manufacture of household and sanitary goods and of toilet requisites,Ireland
IE,C1722,2022,Manufacture of household and sanitary goods and of toilet requisites,Ireland
IE,C1722,2023,Manufacture of household and sanitary goods and of toilet requisites,Ireland
IE,C1722,2024,Manufacture of household and sanitary goods and of toilet requisites,Ireland
IE,C1723,2023,Manufacture of paper stationery,Ireland
IE,C1723,2024,Manufacture of paper stationery,Ireland
IE,C1724,2021,Manufacture of wallpaper,Ireland
IE,C1724,2022,Manufacture of wallpaper,Ireland
IE,C1724,2023,Manufacture of wallpaper,Ireland
IE,C1724,2024,Manufacture of wallpaper,Ireland
IE,C1811,2021,Printing of newspapers,Ireland
IE,C1811,2022,Printing of newspapers,Ireland
IE,C1811,2023,Printing of newspapers,Ireland
IE,C1811,2024,Printing of newspapers,Ireland
IE,C1812,2021,Other printing,Ireland
IE,C1812,2022,Other printing,Ireland
IE,C1813,2021,Pre-press and pre-media services,Ireland
IE,C1814,2021,Binding and related services,Ireland
IE,C1814,2023,Binding and related services,Ireland
IE,C1814,2024,Binding and related services,Ireland
IE,C1820,2021,Reproduction of recorded media,Ireland
IE,C1820,2022,Reproduction of recorded media,Ireland
IE,C1920,2021,Manufacture of refined petroleum products,Ireland
IE,C1920,2022,Manufacture of refined petroleum products,Ireland
IE,C1920,2023,Manufacture of refined petroleum products,Ireland
IE,C1920,2024,Manufacture of refined petroleum products,Ireland
IE,C2011,2021,Manufacture of industrial gases,Ireland
IE,C2011,2022,Manufacture of industrial gases,Ireland
IE,C2011,2023,Manufacture of industrial gases,Ireland
IE,C2011,2024,Manufacture of industrial gases,Ireland
IE,C2012,2021,Manufacture of dyes and pigments,Ireland
IE,C2012,2023,Manufacture of dyes and pigments,Ireland
IE,C2012,2024,Manufacture of dyes and pigments,Ireland
IE,C2013,2021,Manufacture of other inorganic basic chemicals,Ireland
IE,C2014,2021,Manufacture of other organic basic chemicals,Ireland
IE,C2014,2022,Manufacture of other organic basic chemicals,Ireland
IE,C2014,2023,Manufacture of other organic basic chemicals,Ireland
IE,C2015,2021,Manufacture of fertilisers and nitrogen compounds,Ireland
IE,C2016,2021,Manufacture of plastics in primary forms,Ireland
IE,C2016,2023,Manufacture of plastics in primary forms,Ireland
IE,C2016,2024,Manufacture of plastics in primary forms,Ireland
IE,C2017,2021,Manufacture of synthetic rubber in primary forms,Ireland
IE,C2017,2022,Manufacture of synthetic rubber in primary forms,Ireland
IE,C2017,2023,Manufacture of synthetic rubber in primary forms,Ireland
IE,C2017,2024,Manufacture of synthetic rubber in primary forms,Ireland
IE,C2020,2021,Manufacture of pesticides and other agrochemical products,Ireland
IE,C2020,2022,Manufacture of pesticides and other agrochemical products,Ireland
IE,C2020,2023,Manufacture of pesticides and other agrochemical products,Ireland
IE,C2020,2024,Manufacture of pesticides and other agrochemical products,Ireland
IE,C2030,2021,"Manufacture of paints, varnishes and similar coatings, printing ink and mastics",Ireland
IE,C2041,2021,"Manufacture of soap and detergents, cleaning and polishing preparations",Ireland
IE,C2041,2023,"Manufacture of soap and detergents, cleaning and polishing preparations",Ireland
IE,C2041,2024,"Manufacture of soap and detergents, cleaning and polishing preparations",Ireland
IE,C2042,2021,Manufacture of perfumes and toilet preparations,Ireland
IE,C2042,2023,Manufacture of perfumes and toilet preparations,Ireland
IE,C2042,2024,Manufacture of perfumes and toilet preparations,Ireland
IE,C2051,2021,Manufacture of explosives,Ireland
IE,C2051,2022,Manufacture of explosives,Ireland
IE,C2051,2023,Manufacture of explosives,Ireland
IE,C2051,2024,Manufacture of explosives,Ireland
IE,C2052,2021,Manufacture of glues,Ireland
IE,C2052,2022,Manufacture of glues,Ireland
IE,C2052,2023,Manufacture of glues,Ireland
IE,C2052,2024,Manufacture of glues,Ireland
IE,C2053,2021,Manufacture of essential oils,Ireland
IE,C2053,2022,Manufacture of essential oils,Ireland
IE,C2053,2024,Manufacture of essential oils,Ireland
IE,C2059,2021,Manufacture of other chemical products n.e.c.,Ireland
IE,C2060,2021,Manufacture of man-made fibres,Ireland
IE,C2060,2022,Manufacture of man-made fibres,Ireland
IE,C2060,2023,Manufacture of man-made fibres,Ireland
IE,C2060,2024,Manufacture of man-made fibres,Ireland
IE,C2110,2021,Manufacture of basic pharmaceutical products,Ireland
IE,C2110,2022,Manufacture of basic pharmaceutical products,Ireland
IE,C2110,2023,Manufacture of basic pharmaceutical products,Ireland
IE,C2110,2024,Manufacture of basic pharmaceutical products,Ireland
IE,C2120,2021,Manufacture of pharmaceutical preparations,Ireland
IE,C2120,2022,Manufacture of pharmaceutical preparations,Ireland
IE,C2120,2023,Manufacture of pharmaceutical preparations,Ireland
IE,C2120,2024,Manufacture of pharmaceutical preparations,Ireland
IE,C2211,2023,"""Manufacture of rubber tyres and tubes; retreading and rebuilding of rubber tyres""",Ireland
IE,C2219,2021,Manufacture of other rubber products,Ireland
IE,C2219,2022,Manufacture of other rubber products,Ireland
IE,C2219,2023,Manufacture of other rubber products,Ireland
IE,C2219,2024,Manufacture of other rubber products,Ireland
IE,C2221,2021,"Manufacture of plastic plates, sheets, tubes and profiles",Ireland
IE,C2221,2024,"Manufacture of plastic plates, sheets, tubes and profiles",Ireland
IE,C2222,2021,Manufacture of plastic packing goods,Ireland
IE,C2223,2021,Manufacture of builders' ware of plastic,Ireland
IE,C2223,2022,Manufacture of builders' ware of plastic,Ireland
IE,C2223,2023,Manufacture of builders' ware of plastic,Ireland
IE,C2223,2024,Manufacture of builders' ware of plastic,Ireland
IE,C2229,2021,Manufacture of other plastic products,Ireland
IE,C2229,2022,Manufacture of other plastic products,Ireland
IE,C2311,2022,Manufacture of flat glass,Ireland
IE,C2312,2022,Shaping and processing of flat glass,Ireland
IE,C2312,2023,Shaping and processing of flat glass,Ireland
IE,C2312,2024,Shaping and processing of flat glass,Ireland
IE,C2313,2021,Manufacture of hollow glass,Ireland
IE,C2313,2023,Manufacture of hollow glass,Ireland
IE,C2313,2024,Manufacture of hollow glass,Ireland
IE,C2314,2021,Manufacture of glass fibres,Ireland
IE,C2314,2022,Manufacture of glass fibres,Ireland
IE,C2314,2023,Manufacture of glass fibres,Ireland
IE,C2314,2024,Manufacture of glass fibres,Ireland
IE,C2320,2022,Manufacture of refractory products,Ireland
IE,C2320,2023,Manufacture of refractory products,Ireland
IE,C2331,2021,Manufacture of ceramic tiles and flags,Ireland
IE,C2331,2023,Manufacture of ceramic tiles and flags,Ireland
IE,C2331,2024,Manufacture of ceramic tiles and flags,Ireland
IE,C2332,2021,"Manufacture of bricks, tiles and construction products, in baked clay",Ireland
IE,C2332,2023,"Manufacture of bricks, tiles and construction products, in baked clay",Ireland
IE,C2332,2024,"Manufacture of bricks, tiles and construction products, in baked clay",Ireland
IE,C2341,2023,Manufacture of ceramic household and ornamental articles,Ireland
IE,C2341,2024,Manufacture of ceramic household and ornamental articles,Ireland
IE,C2342,2021,Manufacture of ceramic sanitary fixtures,Ireland
IE,C2342,2022,Manufacture of ceramic sanitary fixtures,Ireland
IE,C2342,2023,Manufacture of ceramic sanitary fixtures,Ireland
IE,C2342,2024,Manufacture of ceramic sanitary fixtures,Ireland
IE,C2343,2021,Manufacture of ceramic insulators and insulating fittings,Ireland
IE,C2343,2022,Manufacture of ceramic insulators and insulating fittings,Ireland
IE,C2343,2023,Manufacture of ceramic insulators and insulating fittings,Ireland
IE,C2343,2024,Manufacture of ceramic insulators and insulating fittings,Ireland
IE,C2344,2021,Manufacture of other technical ceramic products,Ireland
IE,C2344,2023,Manufacture of other technical ceramic products,Ireland
IE,C2344,2024,Manufacture of other technical ceramic products,Ireland
IE,C2349,2021,Manufacture of other ceramic products,Ireland
IE,C2349,2022,Manufacture of other ceramic products,Ireland
IE,C2349,2024,Manufacture of other ceramic products,Ireland
IE,C2351,2021,Manufacture of cement,Ireland
IE,C2351,2022,Manufacture of cement,Ireland
IE,C2351,2023,Manufacture of cement,Ireland
IE,C2351,2024,Manufacture of cement,Ireland
IE,C2352,2021,Manufacture of lime and plaster,Ireland
IE,C2352,2023,Manufacture of lime and plaster,Ireland
IE,C2352,2024,Manufacture of lime and plaster,Ireland
IE,C2361,2022,Manufacture of concrete products for construction purposes,Ireland
IE,C2361,2023,Manufacture of concrete products for construction purposes,Ireland
IE,C2362,2021,Manufacture of plaster products for construction purposes,Ireland
IE,C2362,2022,Manufacture of plaster products for construction purposes,Ireland
IE,C2362,2023,Manufacture of plaster products for construction purposes,Ireland
IE,C2362,2024,Manufacture of plaster products for construction purposes,Ireland
IE,C2363,2022,Manufacture of ready-mixed concrete,Ireland
IE,C2364,2021,Manufacture of mortars,Ireland
IE,C2364,2022,Manufacture of mortars,Ireland
IE,C2364,2023,Manufacture of mortars,Ireland
IE,C2364,2024,Manufacture of mortars,Ireland
IE,C2365,2021,Manufacture of fibre cement,Ireland
IE,C2365,2022,Manufacture of fibre cement,Ireland
IE,C2365,2023,Manufacture of fibre cement,Ireland
IE,C2365,2024,Manufacture of fibre cement,Ireland
IE,C2369,2023,"Manufacture of other articles of concrete, plaster and cement",Ireland
IE,C2369,2024,"Manufacture of other articles of concrete, plaster and cement",Ireland
IE,C2391,2021,Production of abrasive products,Ireland
IE,C2391,2022,Production of abrasive products,Ireland
IE,C2391,2023,Production of abrasive products,Ireland
IE,C2391,2024,Production of abrasive products,Ireland
IE,C2399,2021,Manufacture of other non-metallic mineral products n.e.c.,Ireland
IE,C2399,2022,Manufacture of other non-metallic mineral products n.e.c.,Ireland
IE,C2399,2023,Manufacture of other non-metallic mineral products n.e.c.,Ireland
IE,C2399,2024,Manufacture of other non-metallic mineral products n.e.c.,Ireland
IE,C2420,2021,"Manufacture of tubes, pipes, hollow profiles and related fittings, of steel",Ireland
IE,C2420,2022,"Manufacture of tubes, pipes, hollow profiles and related fittings, of steel",Ireland
IE,C2420,2023,"Manufacture of tubes, pipes, hollow profiles and related fittings, of steel",Ireland
IE,C2420,2024,"Manufacture of tubes, pipes, hollow profiles and related fittings, of steel",Ireland
IE,C2433,2021,Cold forming or folding,Ireland
IE,C2433,2022,Cold forming or folding,Ireland
IE,C2433,2023,Cold forming or folding,Ireland
IE,C2433,2024,Cold forming or folding,Ireland
IE,C2434,2021,Cold drawing of wire,Ireland
IE,C2434,2022,Cold drawing of wire,Ireland
IE,C2434,2023,Cold drawing of wire,Ireland
IE,C2434,2024,Cold drawing of wire,Ireland
IE,C2441,2021,Precious metals production,Ireland
IE,C2441,2022,Precious metals production,Ireland
IE,C2441,2023,Precious metals production,Ireland
IE,C2441,2024,Precious metals production,Ireland
IE,C2442,2021,Aluminium production,Ireland
IE,C2442,2022,Aluminium production,Ireland
IE,C2442,2023,Aluminium production,Ireland
IE,C2442,2024,Aluminium production,Ireland
IE,C2443,2021,"Lead, zinc and tin production",Ireland
IE,C2443,2022,"Lead, zinc and tin production",Ireland
IE,C2443,2023,"Lead, zinc and tin production",Ireland
IE,C2443,2024,"Lead, zinc and tin production",Ireland
IE,C2444,2021,Copper production,Ireland
IE,C2444,2022,Copper production,Ireland
IE,C2444,2023,Copper production,Ireland
IE,C2444,2024,Copper production,Ireland
IE,C2445,2021,Other non-ferrous metal production,Ireland
IE,C2445,2022,Other non-ferrous metal production,Ireland
IE,C2445,2023,Other non-ferrous metal production,Ireland
IE,C2445,2024,Other non-ferrous metal production,Ireland
IE,C2451,2022,Casting of iron,Ireland
IE,C2451,2023,Casting of iron,Ireland
IE,C2452,2024,Casting of steel,Ireland
IE,C2453,2021,Casting of light metals,Ireland
IE,C2453,2023,Casting of light metals,Ireland
IE,C2453,2024,Casting of light metals,Ireland
IE,C2454,2021,Casting of other non-ferrous metals,Ireland
IE,C2454,2022,Casting of other non-ferrous metals,Ireland
IE,C2454,2023,Casting of other non-ferrous metals,Ireland
IE,C2454,2024,Casting of other non-ferrous metals,Ireland
IE,C2512,2022,Manufacture of doors and windows of metal,Ireland
IE,C2512,2023,Manufacture of doors and windows of metal,Ireland
IE,C2512,2024,Manufacture of doors and windows of metal,Ireland
IE,C2521,2021,Manufacture of central heating radiators and boilers,Ireland
IE,C2521,2022,Manufacture of central heating radiators and boilers,Ireland
IE,C2521,2023,Manufacture of central heating radiators and boilers,Ireland
IE,C2521,2024,Manufacture of central heating radiators and boilers,Ireland
IE,C2529,2021,"Manufacture of other tanks, reservoirs and containers of metal",Ireland
IE,C2529,2022,"Manufacture of other tanks, reservoirs and containers of metal",Ireland
IE,C2529,2023,"Manufacture of other tanks, reservoirs and containers of metal",Ireland
IE,C2529,2024,"Manufacture of other tanks, reservoirs and containers of metal",Ireland
IE,C2530,2021,"Manufacture of steam generators, except central heating hot water boilers",Ireland
IE,C2530,2022,"Manufacture of steam generators, except central heating hot water boilers",Ireland
IE,C2530,2023,"Manufacture of steam generators, except central heating hot water boilers",Ireland
IE,C2530,2024,"Manufacture of steam generators, except central heating hot water boilers",Ireland
IE,C2540,2021,Manufacture of weapons and ammunition,Ireland
IE,C2540,2022,Manufacture of weapons and ammunition,Ireland
IE,C2540,2023,Manufacture of weapons and ammunition,Ireland
IE,C2540,2024,Manufacture of weapons and ammunition,Ireland
IE,C2561,2023,Treatment and coating of metals,Ireland
IE,C2561,2024,Treatment and coating of metals,Ireland
IE,C2562,2023,Machining,Ireland
IE,C2562,2024,Machining,Ireland
IE,C2571,2021,Manufacture of cutlery,Ireland
IE,C2571,2022,Manufacture of cutlery,Ireland
IE,C2571,2023,Manufacture of cutlery,Ireland
IE,C2572,2021,Manufacture of locks and hinges,Ireland
IE,C2572,2022,Manufacture of locks and hinges,Ireland
IE,C2572,2023,Manufacture of locks and hinges,Ireland
IE,C2573,2021,Manufacture of tools,Ireland
IE,C2573,2022,Manufacture of tools,Ireland
IE,C2573,2024,Manufacture of tools,Ireland
IE,C2591,2021,Manufacture of steel drums and similar containers,Ireland
IE,C2591,2022,Manufacture of steel drums and similar containers,Ireland
IE,C2591,2024,Manufacture of steel drums and similar containers,Ireland
IE,C2592,2021,Manufacture of light metal packaging,Ireland
IE,C2592,2022,Manufacture of light metal packaging,Ireland
IE,C2592,2024,Manufacture of light metal packaging,Ireland
IE,C2593,2023,"Manufacture of wire products, chain and springs",Ireland
IE,C2594,2023,Manufacture of fasteners and screw machine products,Ireland
IE,C2594,2024,Manufacture of fasteners and screw machine products,Ireland
IE,C2611,2021,Manufacture of electronic components,Ireland
IE,C2611,2022,Manufacture of electronic components,Ireland
IE,C2611,2023,Manufacture of electronic components,Ireland
IE,C2611,2024,Manufacture of electronic components,Ireland
IE,C2612,2021,Manufacture of loaded electronic boards,Ireland
IE,C2612,2022,Manufacture of loaded electronic boards,Ireland
IE,C2612,2023,Manufacture of loaded electronic boards,Ireland
IE,C2612,2024,Manufacture of loaded electronic boards,Ireland
IE,C2620,2021,Manufacture of computers and peripheral equipment,Ireland
IE,C2620,2022,Manufacture of computers and peripheral equipment,Ireland
IE,C2620,2023,Manufacture of computers and peripheral equipment,Ireland
IE,C2620,2024,Manufacture of computers and peripheral equipment,Ireland
IE,C2630,2021,Manufacture of communication equipment,Ireland
IE,C2630,2022,Manufacture of communication equipment,Ireland
IE,C2630,2023,Manufacture of communication equipment,Ireland
IE,C2630,2024,Manufacture of communication equipment,Ireland
IE,C2640,2021,Manufacture of consumer electronics,Ireland
IE,C2640,2022,Manufacture of consumer electronics,Ireland
IE,C2640,2023,Manufacture of consumer electronics,Ireland
IE,C2640,2024,Manufacture of consumer electronics,Ireland
IE,C2651,2021,"Manufacture of instruments and appliances for measuring, testing and navigation",Ireland
IE,C2651,2022,"Manufacture of instruments and appliances for measuring, testing and navigation",Ireland
IE,C2651,2023,"Manufacture of instruments and appliances for measuring, testing and navigation",Ireland
IE,C2651,2024,"Manufacture of instruments and appliances for measuring, testing and navigation",Ireland
IE,C2652,2021,Manufacture of watches and clocks,Ireland
IE,C2652,2022,Manufacture of watches and clocks,Ireland
IE,C2652,2023,Manufacture of watches and clocks,Ireland
IE,C2652,2024,Manufacture of watches and clocks,Ireland
IE,C2660,2021,"Manufacture of irradiation, electromedical and electrotherapeutic equipment",Ireland
IE,C2660,2022,"Manufacture of irradiation, electromedical and electrotherapeutic equipment",Ireland
IE,C2660,2023,"Manufacture of irradiation, electromedical and electrotherapeutic equipment",Ireland
IE,C2660,2024,"Manufacture of irradiation, electromedical and electrotherapeutic equipment",Ireland
IE,C2670,2021,Manufacture of optical instruments and photographic equipment,Ireland
IE,C2670,2022,Manufacture of optical instruments and photographic equipment,Ireland
IE,C2670,2023,Manufacture of optical instruments and photographic equipment,Ireland
IE,C2670,2024,Manufacture of optical instruments and photographic equipment,Ireland
IE,C2680,2021,Manufacture of magnetic and optical media,Ireland
IE,C2680,2022,Manufacture of magnetic and optical media,Ireland
IE,C2680,2023,Manufacture of magnetic and optical media,Ireland
IE,C2680,2024,Manufacture of magnetic and optical media,Ireland
IE,C2711,2022,"Manufacture of electric motors, generators and transformers",Ireland
IE,C2711,2023,"Manufacture of electric motors, generators and transformers",Ireland
IE,C2711,2024,"Manufacture of electric motors, generators and transformers",Ireland
IE,C2712,2022,Manufacture of electricity distribution and control apparatus,Ireland
IE,C2712,2023,Manufacture of electricity distribution and control apparatus,Ireland
IE,C2712,2024,Manufacture of electricity distribution and control apparatus,Ireland
IE,C2720,2021,Manufacture of batteries and accumulators,Ireland
IE,C2720,2022,Manufacture of batteries and accumulators,Ireland
IE,C2720,2023,Manufacture of batteries and accumulators,Ireland
IE,C2720,2024,Manufacture of batteries and accumulators,Ireland
IE,C2731,2021,Manufacture of fibre optic cables,Ireland
IE,C2731,2022,Manufacture of fibre optic cables,Ireland
IE,C2731,2023,Manufacture of fibre optic cables,Ireland
IE,C2731,2024,Manufacture of fibre optic cables,Ireland
IE,C2732,2021,Manufacture of other electronic and electric wires and cables,Ireland
IE,C2732,2022,Manufacture of other electronic and electric wires and cables,Ireland
IE,C2732,2023,Manufacture of other electronic and electric wires and cables,Ireland
IE,C2732,2024,Manufacture of other electronic and electric wires and cables,Ireland
IE,C2733,2021,Manufacture of wiring devices,Ireland
IE,C2733,2022,Manufacture of wiring devices,Ireland
IE,C2733,2023,Manufacture of wiring devices,Ireland
IE,C2740,2023,Manufacture of electric lighting equipment,Ireland
IE,C2740,2024,Manufacture of electric lighting equipment,Ireland
IE,C2751,2021,Manufacture of electric domestic appliances,Ireland
IE,C2751,2023,Manufacture of electric domestic appliances,Ireland
IE,C2751,2024,Manufacture of electric domestic appliances,Ireland
IE,C2752,2021,Manufacture of non-electric domestic appliances,Ireland
IE,C2752,2023,Manufacture of non-electric domestic appliances,Ireland
IE,C2752,2024,Manufacture of non-electric domestic appliances,Ireland
IE,C2811,2021,"Manufacture of engines and turbines, except aircraft, vehicle and cycle engines",Ireland
IE,C2811,2023,"Manufacture of engines and turbines, except aircraft, vehicle and cycle engines",Ireland
IE,C2811,2024,"Manufacture of engines and turbines, except aircraft, vehicle and cycle engines",Ireland
IE,C2812,2021,Manufacture of fluid power equipment,Ireland
IE,C2812,2022,Manufacture of fluid power equipment,Ireland
IE,C2812,2023,Manufacture of fluid power equipment,Ireland
IE,C2812,2024,Manufacture of fluid power equipment,Ireland
IE,C2813,2021,Manufacture of other pumps and compressors,Ireland
IE,C2813,2022,Manufacture of other pumps and compressors,Ireland
IE,C2813,2023,Manufacture of other pumps and compressors,Ireland
IE,C2813,2024,Manufacture of other pumps and compressors,Ireland
IE,C2814,2021,Manufacture of other taps and valves,Ireland
IE,C2814,2023,Manufacture of other taps and valves,Ireland
IE,C2814,2024,Manufacture of other taps and valves,Ireland
IE,C2815,2021,"Manufacture of bearings, gears, gearing and driving elements",Ireland
IE,C2821,2021,"Manufacture of ovens, furnaces and furnace burners",Ireland
IE,C2821,2023,"Manufacture of ovens, furnaces and furnace burners",Ireland
IE,C2821,2024,"Manufacture of ovens, furnaces and furnace burners",Ireland
IE,C2822,2021,Manufacture of lifting and handling equipment,Ireland
IE,C2823,2021,Manufacture of office machinery and equipment (except computers and peripheral equipment),Ireland
IE,C2823,2022,Manufacture of office machinery and equipment (except computers and peripheral equipment),Ireland
IE,C2823,2023,Manufacture of office machinery and equipment (except computers and peripheral equipment),Ireland
IE,C2823,2024,Manufacture of office machinery and equipment (except computers and peripheral equipment),Ireland
IE,C2824,2021,Manufacture of power-driven hand tools,Ireland
IE,C2824,2022,Manufacture of power-driven hand tools,Ireland
IE,C2824,2023,Manufacture of power-driven hand tools,Ireland
IE,C2824,2024,Manufacture of power-driven hand tools,Ireland
IE,C2825,2021,Manufacture of non-domestic cooling and ventilation equipment,Ireland
IE,C2829,2021,Manufacture of other general-purpose machinery n.e.c.,Ireland
IE,C2830,2021,Manufacture of agricultural and forestry machinery,Ireland
IE,C2830,2022,Manufacture of agricultural and forestry machinery,Ireland
IE,C2830,2023,Manufacture of agricultural and forestry machinery,Ireland
IE,C2830,2024,Manufacture of agricultural and forestry machinery,Ireland
IE,C2841,2021,Manufacture of metal forming machinery,Ireland
IE,C2849,2021,Manufacture of other machine tools,Ireland
IE,C2892,2021,"Manufacture of machinery for mining, quarrying and construction",Ireland
IE,C2893,2021,"Manufacture of machinery for food, beverage and tobacco processing",Ireland
IE,C2894,2021,"Manufacture of machinery for textile, apparel and leather production",Ireland
IE,C2894,2022,"Manufacture of machinery for textile, apparel and leather production",Ireland
IE,C2894,2023,"Manufacture of machinery for textile, apparel and leather production",Ireland
IE,C2894,2024,"Manufacture of machinery for textile, apparel and leather production",Ireland
IE,C2896,2021,Manufacture of plastics and rubber machinery,Ireland
IE,C2896,2022,Manufacture of plastics and rubber machinery,Ireland
IE,C2896,2023,Manufacture of plastics and rubber machinery,Ireland
IE,C2896,2024,Manufacture of plastics and rubber machinery,Ireland
IE,C2899,2021,Manufacture of other special-purpose machinery n.e.c.,Ireland
IE,C2910,2024,Manufacture of motor vehicles,Ireland
IE,C2920,2023,Manufacture of bodies (coachwork) for motor vehicles; manufacture of trailers and semi-trailers,Ireland
IE,C2920,2024,Manufacture of bodies (coachwork) for motor vehicles; manufacture of trailers and semi-trailers,Ireland
IE,C2931,2023,Manufacture of electrical and electronic equipment for motor vehicles,Ireland
IE,C2931,2024,Manufacture of electrical and electronic equipment for motor vehicles,Ireland
IE,C2932,2022,Manufacture of other parts and accessories for motor vehicles,Ireland
IE,C2932,2023,Manufacture of other parts and accessories for motor vehicles,Ireland
IE,C2932,2024,Manufacture of other parts and accessories for motor vehicles,Ireland
IE,C3011,2021,Building of ships and floating structures,Ireland
IE,C3011,2023,Building of ships and floating structures,Ireland
IE,C3011,2024,Building of ships and floating structures,Ireland
IE,C3012,2021,Building of pleasure and sporting boats,Ireland
IE,C3020,2021,Manufacture of railway locomotives and rolling stock,Ireland
IE,C3020,2022,Manufacture of railway locomotives and rolling stock,Ireland
IE,C3020,2023,Manufacture of railway locomotives and rolling stock,Ireland
IE,C3020,2024,Manufacture of railway locomotives and rolling stock,Ireland
IE,C3030,2022,Manufacture of air and spacecraft and related machinery,Ireland
IE,C3030,2023,Manufacture of air and spacecraft and related machinery,Ireland
IE,C3030,2024,Manufacture of air and spacecraft and related machinery,Ireland
IE,C3040,2022,Manufacture of military fighting vehicles,Ireland
IE,C3040,2023,Manufacture of military fighting vehicles,Ireland
IE,C3040,2024,Manufacture of military fighting vehicles,Ireland
IE,C3091,2021,Manufacture of motorcycles,Ireland
IE,C3091,2022,Manufacture of motorcycles,Ireland
IE,C3099,2021,Manufacture of other transport equipment n.e.c.,Ireland
IE,C3099,2022,Manufacture of other transport equipment n.e.c.,Ireland
IE,C3101,2021,Manufacture of office and shop furniture,Ireland
IE,C3102,2021,Manufacture of kitchen furniture,Ireland
IE,C3103,2021,Manufacture of mattresses,Ireland
IE,C3103,2022,Manufacture of mattresses,Ireland
IE,C3103,2023,Manufacture of mattresses,Ireland
IE,C3103,2024,Manufacture of mattresses,Ireland
IE,C3109,2021,Manufacture of other furniture,Ireland
IE,C3211,2021,Striking of coins,Ireland
IE,C3211,2022,Striking of coins,Ireland
IE,C3211,2023,Striking of coins,Ireland
IE,C3211,2024,Striking of coins,Ireland
IE,C3212,2021,Manufacture of jewellery and related articles,Ireland
IE,C3212,2023,Manufacture of jewellery and related articles,Ireland
IE,C3212,2024,Manufacture of jewellery and related articles,Ireland
IE,C3213,2021,Manufacture of imitation jewellery and related articles,Ireland
IE,C3213,2022,Manufacture of imitation jewellery and related articles,Ireland
IE,C3213,2023,Manufacture of imitation jewellery and related articles,Ireland
IE,C3213,2024,Manufacture of imitation jewellery and related articles,Ireland
IE,C3220,2021,Manufacture of musical instruments,Ireland
IE,C3220,2022,Manufacture of musical instruments,Ireland
IE,C3220,2023,Manufacture of musical instruments,Ireland
IE,C3220,2024,Manufacture of musical instruments,Ireland
IE,C3230,2021,Manufacture of sports goods,Ireland
IE,C3240,2021,Manufacture of games and toys,Ireland
IE,C3240,2022,Manufacture of games and toys,Ireland
IE,C3240,2023,Manufacture of games and toys,Ireland
IE,C3250,2021,Manufacture of medical and dental instruments and supplies,Ireland
IE,C3250,2022,Manufacture of medical and dental instruments and supplies,Ireland
IE,C3250,2023,Manufacture of medical and dental instruments and supplies,Ireland
IE,C3250,2024,Manufacture of medical and dental instruments and supplies,Ireland
IE,C3291,2021,Manufacture of brooms and brushes,Ireland
IE,C3291,2022,Manufacture of brooms and brushes,Ireland
IE,C3291,2023,Manufacture of brooms and brushes,Ireland
IE,C3291,2024,Manufacture of brooms and brushes,Ireland
IE,C3299,2021,Other manufacturing n.e.c.,Ireland
IE,C3299,2022,Other manufacturing n.e.c.,Ireland
IE,C3299,2023,Other manufacturing n.e.c.,Ireland
IE,C3299,2024,Other manufacturing n.e.c.,Ireland
IE,C3311,2021,Repair of fabricated metal products,Ireland
IE,C3311,2023,Repair of fabricated metal products,Ireland
IE,C3311,2024,Repair of fabricated metal products,Ireland
IE,C3312,2021,Repair of machinery,Ireland
IE,C3312,2023,Repair of machinery,Ireland
IE,C3312,2024,Repair of machinery,Ireland
IE,C3313,2021,Repair of electronic and optical equipment,Ireland
IE,C3313,2023,Repair of electronic and optical equipment,Ireland
IE,C3313,2024,Repair of electronic and optical equipment,Ireland
IE,C3314,2021,Repair of electrical equipment,Ireland
IE,C3314,2023,Repair of electrical equipment,Ireland
IE,C3314,2024,Repair of electrical equipment,Ireland
IE,C3315,2021,Repair and maintenance of ships and boats,Ireland
IE,C3315,2023,Repair and maintenance of ships and boats,Ireland
IE,C3315,2024,Repair and maintenance of ships and boats,Ireland
IE,C3316,2021,Repair and maintenance of aircraft and spacecraft,Ireland
IE,C3316,2023,Repair and maintenance of aircraft and spacecraft,Ireland
IE,C3316,2024,Repair and maintenance of aircraft and spacecraft,Ireland
IE,C3317,2021,Repair and maintenance of other transport equipment,Ireland
IE,C3317,2023,Repair and maintenance of other transport equipment,Ireland
IE,C3317,2024,Repair and maintenance of other transport equipment,Ireland
IE,C3319,2021,Repair of other equipment,Ireland
IE,C3320,2021,Installation of industrial machinery and equipment,Ireland
IE,D3511,2021,Production of electricity,Ireland
IE,D3512,2021,Transmission of electricity,Ireland
IE,D3512,2022,Transmission of electricity,Ireland
IE,D3512,2023,Transmission of electricity,Ireland
IE,D3512,2024,Transmission of electricity,Ireland
IE,D3513,2021,Distribution of electricity,Ireland
IE,D3513,2022,Distribution of electricity,Ireland
IE,D3513,2023,Distribution of electricity,Ireland
IE,D3513,2024,Distribution of electricity,Ireland
IE,D3514,2023,Trade of electricity,Ireland
IE,D3514,2024,Trade of electricity,Ireland
IE,D3521,2021,Manufacture of gas,Ireland
IE,D3521,2022,Manufacture of gas,Ireland
IE,D3521,2023,Manufacture of gas,Ireland
IE,D3522,2022,Distribution of gaseous fuels through mains,Ireland
IE,D3522,2023,Distribution of gaseous fuels through mains,Ireland
IE,D3522,2024,Distribution of gaseous fuels through mains,Ireland
IE,D3523,2021,Trade of gas through mains,Ireland
IE,D3523,2022,Trade of gas through mains,Ireland
IE,D3523,2023,Trade of gas through mains,Ireland
IE,D3523,2024,Trade of gas through mains,Ireland
IE,D3530,2022,Steam and air conditioning supply,Ireland
IE,D3530,2024,Steam and air conditioning supply,Ireland
IE,E3600,2021,"Water collection, treatment and supply",Ireland
IE,E3600,2022,"Water collection, treatment and supply",Ireland
IE,E3600,2023,"Water collection, treatment and supply",Ireland
IE,E3600,2024,"Water collection, treatment and supply",Ireland
IE,E3700,2021,Sewerage,Ireland
IE,E3700,2024,Sewerage,Ireland
IE,E3811,2022,Collection of non-hazardous waste,Ireland
IE,E3811,2023,Collection of non-hazardous waste,Ireland
IE,E3811,2024,Collection of non-hazardous waste,Ireland
IE,E3812,2022,Collection of hazardous waste,Ireland
IE,E3812,2023,Collection of hazardous waste,Ireland
IE,E3812,2024,Collection of hazardous waste,Ireland
IE,E3821,2021,Treatment and disposal of non-hazardous waste,Ireland
IE,E3821,2022,Treatment and disposal of non-hazardous waste,Ireland
IE,E3821,2023,Treatment and disposal of non-hazardous waste,Ireland
IE,E3821,2024,Treatment and disposal of non-hazardous waste,Ireland
IE,E3822,2021,Treatment and disposal of hazardous waste,Ireland
IE,E3822,2022,Treatment and disposal of hazardous waste,Ireland
IE,E3822,2023,Treatment and disposal of hazardous waste,Ireland
IE,E3822,2024,Treatment and disposal of hazardous waste,Ireland
IE,E3831,2023,Dismantling of wrecks,Ireland
IE,E3831,2024,Dismantling of wrecks,Ireland
IE,E3900,2024,Remediation activities and other waste management services,Ireland
IE,F4211,2022,Construction of roads and motorways,Ireland
IE,F4211,2023,Construction of roads and motorways,Ireland
IE,F4211,2024,Construction of roads and motorways,Ireland
IE,F4212,2021,Construction of railways and underground railways,Ireland
IE,F4212,2022,Construction of railways and underground railways,Ireland
IE,F4212,2023,Construction of railways and underground railways,Ireland
IE,F4212,2024,Construction of railways and underground railways,Ireland
IE,F4213,2021,Construction of bridges and tunnels,Ireland
IE,F4213,2022,Construction of bridges and tunnels,Ireland
IE,F4213,2023,Construction of bridges and tunnels,Ireland
IE,F4213,2024,Construction of bridges and tunnels,Ireland
IE,F4221,2023,Construction of utility projects for fluids,Ireland
IE,F4221,2024,Construction of utility projects for fluids,Ireland
IE,F4222,2022,Construction of utility projects for electricity and telecommunications,Ireland
IE,F4222,2023,Construction of utility projects for electricity and telecommunications,Ireland
IE,F4222,2024,Construction of utility projects for electricity and telecommunications,Ireland
IE,F4291,2023,Construction of water projects,Ireland
IE,F4291,2024,Construction of water projects,Ireland
IE,F4299,2022,Construction of other civil engineering projects n.e.c.,Ireland
IE,F4299,2023,Construction of other civil engineering projects n.e.c.,Ireland
IE,F4299,2024,Construction of other civil engineering projects n.e.c.,Ireland
IE,F4313,2023,Test drilling and boring,Ireland
IE,F4313,2024,Test drilling and boring,Ireland
IE,F4321,2023,Electrical installation,Ireland
IE,F4321,2024,Electrical installation,Ireland
IE,F4322,2022,"Plumbing, heat and air-conditioning installation",Ireland
IE,F4322,2023,"Plumbing, heat and air-conditioning installation",Ireland
IE,F4322,2024,"Plumbing, heat and air-conditioning installation",Ireland
IE,F4332,2022,Joinery installation,Ireland
IE,F4332,2023,Joinery installation,Ireland
IE,F4332,2024,Joinery installation,Ireland
IE,F4334,2023,Painting and glazing,Ireland
IE,F4334,2024,Painting and glazing,Ireland
IE,G4511,2022,Sale of cars and light motor vehicles,Ireland
IE,G4531,2023,Wholesale trade of motor vehicle parts and accessories,Ireland
IE,G4531,2024,Wholesale trade of motor vehicle parts and accessories,Ireland
IE,G4532,2022,Retail trade of motor vehicle parts and accessories,Ireland
IE,G4540,2023,"Sale, maintenance and repair of motorcycles and related parts and accessories",Ireland
IE,G4540,2024,"Sale, maintenance and repair of motorcycles and related parts and accessories",Ireland
IE,G4611,2022,"Agents involved in the sale of agricultural raw materials, live animals, textile raw materials and semi-finished goods",Ireland
IE,G4611,2024,"Agents involved in the sale of agricultural raw materials, live animals, textile raw materials and semi-finished goods",Ireland
IE,G4612,2021,"Agents involved in the sale of fuels, ores, metals and industrial chemicals",Ireland
IE,G4613,2023,Agents involved in the sale of timber and building materials,Ireland
IE,G4615,2023,"Agents involved in the sale of furniture, household goods, hardware and ironmongery",Ireland
IE,G4615,2024,"Agents involved in the sale of furniture, household goods, hardware and ironmongery",Ireland
IE,G4616,2024,"Agents involved in the sale of textiles, clothing, fur, footwear and leather goods",Ireland
IE,G4618,2023,Agents specialised in the sale of other particular products,Ireland
IE,G4618,2024,Agents specialised in the sale of other particular products,Ireland
IE,G4619,2021,Agents involved in the sale of a variety of goods,Ireland
IE,G4619,2022,Agents involved in the sale of a variety of goods,Ireland
IE,G4619,2023,Agents involved in the sale of a variety of goods,Ireland
IE,G4621,2023,"Wholesale of grain, unmanufactured tobacco, seeds and animal feeds",Ireland
IE,G4621,2024,"Wholesale of grain, unmanufactured tobacco, seeds and animal feeds",Ireland
IE,G4622,2022,Wholesale of flowers and plants,Ireland
IE,G4622,2023,Wholesale of flowers and plants,Ireland
IE,G4622,2024,Wholesale of flowers and plants,Ireland
IE,G4624,2023,"Wholesale of hides, skins and leather",Ireland
IE,G4624,2024,"Wholesale of hides, skins and leather",Ireland
IE,G4631,2022,Wholesale of fruit and vegetables,Ireland
IE,G4631,2023,Wholesale of fruit and vegetables,Ireland
IE,G4631,2024,Wholesale of fruit and vegetables,Ireland
IE,G4632,2022,Wholesale of meat and meat products,Ireland
IE,G4632,2024,Wholesale of meat and meat products,Ireland
IE,G4634,2022,Wholesale of beverages,Ireland
IE,G4634,2024,Wholesale of beverages,Ireland
IE,G4635,2021,Wholesale of tobacco products,Ireland
IE,G4635,2023,Wholesale of tobacco products,Ireland
IE,G4636,2021,Wholesale of sugar and chocolate and sugar confectionery,Ireland
IE,G4637,2023,"Wholesale of coffee, tea, cocoa and spices",Ireland
IE,G4638,2022,"Wholesale of other food, including fish, crustaceans and molluscs",Ireland
IE,G4638,2023,"Wholesale of other food, including fish, crustaceans and molluscs",Ireland
IE,G4638,2024,"Wholesale of other food, including fish, crustaceans and molluscs",Ireland
IE,G4641,2024,Wholesale of textiles,Ireland
IE,G4642,2023,Wholesale of clothing and footwear,Ireland
IE,G4642,2024,Wholesale of clothing and footwear,Ireland
IE,G4643,2022,Wholesale of electrical household appliances,Ireland
IE,G4643,2023,Wholesale of electrical household appliances,Ireland
IE,G4645,2022,Wholesale of perfume and cosmetics,Ireland
IE,G4648,2023,Wholesale of watches and jewellery,Ireland
IE,G4651,2021,"Wholesale of computers, computer peripheral equipment and software",Ireland
IE,G4652,2021,Wholesale of electronic and telecommunications equipment and parts,Ireland
IE,G4652,2024,Wholesale of electronic and telecommunications equipment and parts,Ireland
IE,G4662,2021,Wholesale of machine tools,Ireland
IE,G4663,2023,"Wholesale of mining, construction and civil engineering machinery",Ireland
IE,G4663,2024,"Wholesale of mining, construction and civil engineering machinery",Ireland
IE,G4664,2021,Wholesale of machinery for the textile industry and of sewing and knitting machines,Ireland
IE,G4664,2023,Wholesale of machinery for the textile industry and of sewing and knitting machines,Ireland
IE,G4664,2024,Wholesale of machinery for the textile industry and of sewing and knitting machines,Ireland
IE,G4669,2022,Wholesale of other machinery and equipment,Ireland
IE,G4669,2023,Wholesale of other machinery and equipment,Ireland
IE,G4669,2024,Wholesale of other machinery and equipment,Ireland
IE,G4671,2023,"Wholesale of solid, liquid and gaseous fuels and related products",Ireland
IE,G4671,2024,"Wholesale of solid, liquid and gaseous fuels and related products",Ireland
IE,G4674,2023,"Wholesale of hardware, plumbing and heating equipment and supplies",Ireland
IE,G4674,2024,"Wholesale of hardware, plumbing and heating equipment and supplies",Ireland
IE,G4676,2024,Wholesale of other intermediate products,Ireland
IE,G4677,2023,Wholesale of waste and scrap,Ireland
IE,G4677,2024,Wholesale of waste and scrap,Ireland
IE,G4722,2023,Retail sale of meat and meat products in specialised stores,Ireland
IE,G4722,2024,Retail sale of meat and meat products in specialised stores,Ireland
IE,G4723,2024,"Retail sale of fish, crustaceans and molluscs in specialised stores",Ireland
IE,G4725,2022,Retail sale of beverages in specialised stores,Ireland
IE,G4725,2023,Retail sale of beverages in specialised stores,Ireland
IE,G4725,2024,Retail sale of beverages in specialised stores,Ireland
IE,G4729,2022,Other retail sale of food in specialised stores,Ireland
IE,G4729,2023,Other retail sale of food in specialised stores,Ireland
IE,G4729,2024,Other retail sale of food in specialised stores,Ireland
IE,G4730,2022,Retail sale of automotive fuel in specialised stores,Ireland
IE,G4741,2023,"Retail sale of computers, peripheral units and software in specialised stores",Ireland
IE,G4741,2024,"Retail sale of computers, peripheral units and software in specialised stores",Ireland
IE,G4743,2022,Retail sale of audio and video equipment in specialised stores,Ireland
IE,G4743,2023,Retail sale of audio and video equipment in specialised stores,Ireland
IE,G4743,2024,Retail sale of audio and video equipment in specialised stores,Ireland
IE,G4751,2022,Retail sale of textiles in specialised stores,Ireland
IE,G4751,2023,Retail sale of textiles in specialised stores,Ireland
IE,G4751,2024,Retail sale of textiles in specialised stores,Ireland
IE,G4753,2023,"Retail sale of carpets, rugs, wall and floor coverings in specialised stores",Ireland
IE,G4753,2024,"Retail sale of carpets, rugs, wall and floor coverings in specialised stores",Ireland
IE,G4754,2022,Retail sale of electrical household appliances in specialised stores,Ireland
IE,G4754,2023,Retail sale of electrical household appliances in specialised stores,Ireland
IE,G4754,2024,Retail sale of electrical household appliances in specialised stores,Ireland
IE,G4761,2021,Retail sale of books in specialised stores,Ireland
IE,G4762,2021,Retail sale of newspapers and stationery in specialised stores,Ireland
IE,G4762,2022,Retail sale of newspapers and stationery in specialised stores,Ireland
IE,G4762,2023,Retail sale of newspapers and stationery in specialised stores,Ireland
IE,G4762,2024,Retail sale of newspapers and stationery in specialised stores,Ireland
IE,G4763,2021,Retail sale of music and video recordings in specialised stores,Ireland
IE,G4763,2023,Retail sale of music and video recordings in specialised stores,Ireland
IE,G4763,2024,Retail sale of music and video recordings in specialised stores,Ireland
IE,G4764,2021,Retail sale of sporting equipment in specialised stores,Ireland
IE,G4764,2023,Retail sale of sporting equipment in specialised stores,Ireland
IE,G4764,2024,Retail sale of sporting equipment in specialised stores,Ireland
IE,G4765,2021,Retail sale of games and toys in specialised stores,Ireland
IE,G4765,2022,Retail sale of games and toys in specialised stores,Ireland
IE,G4765,2023,Retail sale of games and toys in specialised stores,Ireland
IE,G4765,2024,Retail sale of games and toys in specialised stores,Ireland
IE,G4772,2022,Retail sale of footwear and leather goods in specialised stores,Ireland
IE,G4772,2023,Retail sale of footwear and leather goods in specialised stores,Ireland
IE,G4772,2024,Retail sale of footwear and leather goods in specialised stores,Ireland
IE,G4773,2023,Dispensing chemist in specialised stores,Ireland
IE,G4773,2024,Dispensing chemist in specialised stores,Ireland
IE,G4774,2023,Retail sale of medical and orthopaedic goods in specialised stores,Ireland
IE,G4774,2024,Retail sale of medical and orthopaedic goods in specialised stores,Ireland
IE,G4776,2021,"Retail sale of flowers, plants, seeds, fertilisers, pet animals and pet food in specialised stores",Ireland
IE,G4776,2022,"Retail sale of flowers, plants, seeds, fertilisers, pet animals and pet food in specialised stores",Ireland
IE,G4776,2023,"Retail sale of flowers, plants, seeds, fertilisers, pet animals and pet food in specialised stores",Ireland
IE,G4776,2024,"Retail sale of flowers, plants, seeds, fertilisers, pet animals and pet food in specialised stores",Ireland
IE,G4779,2021,Retail sale of second-hand goods in stores,Ireland
IE,G4779,2023,Retail sale of second-hand goods in stores,Ireland
IE,G4779,2024,Retail sale of second-hand goods in stores,Ireland
IE,G4782,2022,"Retail sale via stalls and markets of textiles, clothing and footwear",Ireland
IE,G4782,2023,"Retail sale via stalls and markets of textiles, clothing and footwear",Ireland
IE,G4782,2024,"Retail sale via stalls and markets of textiles, clothing and footwear",Ireland
IE,G4789,2023,Retail sale via stalls and markets of other goods,Ireland
IE,G4789,2024,Retail sale via stalls and markets of other goods,Ireland
IE,G4791,2022,Retail sale via mail order houses or via Internet,Ireland
IE,G4791,2023,Retail sale via mail order houses or via Internet,Ireland
IE,G4799,2022,"Other retail sale not in stores, stalls or markets",Ireland
IE,G4799,2023,"Other retail sale not in stores, stalls or markets",Ireland
IE,H4910,2021,"Passenger rail transport, interurban",Ireland
IE,H4910,2022,"Passenger rail transport, interurban",Ireland
IE,H4910,2023,"Passenger rail transport, interurban",Ireland
IE,H4910,2024,"Passenger rail transport, interurban",Ireland
IE,H4920,2021,Freight rail transport,Ireland
IE,H4920,2022,Freight rail transport,Ireland
IE,H4920,2023,Freight rail transport,Ireland
IE,H4920,2024,Freight rail transport,Ireland
IE,H4931,2021,Urban and suburban passenger land transport,Ireland
IE,H4931,2022,Urban and suburban passenger land transport,Ireland
IE,H4931,2023,Urban and suburban passenger land transport,Ireland
IE,H4931,2024,Urban and suburban passenger land transport,Ireland
IE,H4932,2022,Taxi operation,Ireland
IE,H4932,2024,Taxi operation,Ireland
IE,H4939,2021,Other passenger land transport n.e.c.,Ireland
IE,H4939,2022,Other passenger land transport n.e.c.,Ireland
IE,H4939,2023,Other passenger land transport n.e.c.,Ireland
IE,H4941,2022,Freight transport by road,Ireland
IE,H4942,2022,Removal services,Ireland
IE,H4942,2023,Removal services,Ireland
IE,H4942,2024,Removal services,Ireland
IE,H4950,2021,Transport via pipeline,Ireland
IE,H4950,2022,Transport via pipeline,Ireland
IE,H4950,2023,Transport via pipeline,Ireland
IE,H4950,2024,Transport via pipeline,Ireland
IE,H5010,2021,Sea and coastal passenger water transport,Ireland
IE,H5010,2022,Sea and coastal passenger water transport,Ireland
IE,H5010,2024,Sea and coastal passenger water transport,Ireland
IE,H5020,2022,Sea and coastal freight water transport,Ireland
IE,H5020,2024,Sea and coastal freight water transport,Ireland
IE,H5030,2021,Inland passenger water transport,Ireland
IE,H5030,2022,Inland passenger water transport,Ireland
IE,H5030,2024,Inland passenger water transport,Ireland
IE,H5040,2021,Inland freight water transport,Ireland
IE,H5040,2022,Inland freight water transport,Ireland
IE,H5040,2023,Inland freight water transport,Ireland
IE,H5040,2024,Inland freight water transport,Ireland
IE,H5110,2021,Passenger air transport,Ireland
IE,H5110,2023,Passenger air transport,Ireland
IE,H5110,2024,Passenger air transport,Ireland
IE,H5121,2021,Freight air transport,Ireland
IE,H5121,2023,Freight air transport,Ireland
IE,H5121,2024,Freight air transport,Ireland
IE,H5122,2024,Space transport,Ireland
IE,H5222,2023,Service activities incidental to water transportation,Ireland
IE,H5223,2022,Service activities incidental to air transportation,Ireland
IE,H5223,2024,Service activities incidental to air transportation,Ireland
IE,H5224,2022,Cargo handling,Ireland
IE,H5224,2023,Cargo handling,Ireland
IE,H5224,2024,Cargo handling,Ireland
IE,H5310,2021,Postal activities under universal service obligation,Ireland
IE,H5310,2022,Postal activities under universal service obligation,Ireland
IE,H5310,2023,Postal activities under universal service obligation,Ireland
IE,H5310,2024,Postal activities under universal service obligation,Ireland
IE,H5320,2021,Other postal and courier activities,Ireland
IE,H5320,2022,Other postal and courier activities,Ireland
IE,H5320,2023,Other postal and courier activities,Ireland
IE,H5320,2024,Other postal and courier activities,Ireland
IE,I5510,2022,Hotels and similar accommodation,Ireland
IE,I5510,2023,Hotels and similar accommodation,Ireland
IE,I5510,2024,Hotels and similar accommodation,Ireland
IE,I5530,2022,"Camping grounds, recreational vehicle parks and trailer parks",Ireland
IE,I5530,2023,"Camping grounds, recreational vehicle parks and trailer parks",Ireland
IE,I5530,2024,"Camping grounds, recreational vehicle parks and trailer parks",Ireland
IE,I5610,2022,Restaurants and mobile food service activities,Ireland
IE,I5629,2022,Other food service activities,Ireland
IE,I5630,2022,Beverage serving activities,Ireland
IE,J5811,2021,Book publishing,Ireland
IE,J5811,2023,Book publishing,Ireland
IE,J5811,2024,Book publishing,Ireland
IE,J5812,2021,Publishing of directories and mailing lists,Ireland
IE,J5813,2021,Publishing of newspapers,Ireland
IE,J5813,2022,Publishing of newspapers,Ireland
IE,J5813,2023,Publishing of newspapers,Ireland
IE,J5813,2024,Publishing of newspapers,Ireland
IE,J5814,2021,Publishing of journals and periodicals,Ireland
IE,J5819,2021,Other publishing activities,Ireland
IE,J5821,2021,Publishing of computer games,Ireland
IE,J5821,2022,Publishing of computer games,Ireland
IE,J5821,2023,Publishing of computer games,Ireland
IE,J5821,2024,Publishing of computer games,Ireland
IE,J5829,2021,Other software publishing,Ireland
IE,J5829,2022,Other software publishing,Ireland
IE,J5829,2023,Other software publishing,Ireland
IE,J5829,2024,Other software publishing,Ireland
IE,J5911,2022,"Motion picture, video and television programme production activities",Ireland
IE,J5911,2023,"Motion picture, video and television programme production activities",Ireland
IE,J5911,2024,"Motion picture, video and television programme production activities",Ireland
IE,J5912,2022,"Motion picture, video and television programme post-production activities",Ireland
IE,J5912,2024,"Motion picture, video and television programme post-production activities",Ireland
IE,J5913,2022,"Motion picture, video and television programme distribution activities",Ireland
IE,J5913,2024,"Motion picture, video and television programme distribution activities",Ireland
IE,J5914,2022,Motion picture projection activities,Ireland
IE,J5914,2023,Motion picture projection activities,Ireland
IE,J5914,2024,Motion picture projection activities,Ireland
IE,J5920,2024,Sound recording and music publishing activities,Ireland
IE,J6010,2021,Radio broadcasting,Ireland
IE,J6010,2023,Radio broadcasting,Ireland
IE,J6010,2024,Radio broadcasting,Ireland
IE,J6020,2021,Television programming and broadcasting activities,Ireland
IE,J6020,2022,Television programming and broadcasting activities,Ireland
IE,J6020,2023,Television programming and broadcasting activities,Ireland
IE,J6020,2024,Television programming and broadcasting activities,Ireland
IE,J6110,2021,Wired telecommunications activities,Ireland
IE,J6110,2024,Wired telecommunications activities,Ireland
IE,J6120,2021,Wireless telecommunications activities,Ireland
IE,J6120,2022,Wireless telecommunications activities,Ireland
IE,J6120,2023,Wireless telecommunications activities,Ireland
IE,J6120,2024,Wireless telecommunications activities,Ireland
IE,J6130,2021,Satellite telecommunications activities,Ireland
IE,J6130,2022,Satellite telecommunications activities,Ireland
IE,J6130,2023,Satellite telecommunications activities,Ireland
IE,J6130,2024,Satellite telecommunications activities,Ireland
IE,J6190,2022,Other telecommunications activities,Ireland
IE,J6190,2023,Other telecommunications activities,Ireland
IE,J6190,2024,Other telecommunications activities,Ireland
IE,J6203,2021,Computer facilities management activities,Ireland
IE,J6203,2022,Computer facilities management activities,Ireland
IE,J6203,2023,Computer facilities management activities,Ireland
IE,J6203,2024,Computer facilities management activities,Ireland
IE,J6209,2021,Other information technology and computer service activities,Ireland
IE,J6209,2022,Other information technology and computer service activities,Ireland
IE,J6209,2023,Other information technology and computer service activities,Ireland
IE,J6209,2024,Other information technology and computer service activities,Ireland
IE,J6311,2022,"Data processing, hosting and related activities",Ireland
IE,J6311,2023,"Data processing, hosting and related activities",Ireland
IE,J6311,2024,"Data processing, hosting and related activities",Ireland
IE,J6312,2021,Web portals,Ireland
IE,J6312,2022,Web portals,Ireland
IE,J6312,2023,Web portals,Ireland
IE,J6312,2024,Web portals,Ireland
IE,J6391,2023,News agency activities,Ireland
IE,J6399,2023,Other information service activities n.e.c.,Ireland
IE,J6399,2024,Other information service activities n.e.c.,Ireland
IE,K6411,2021,Central banking,Ireland
IE,K6411,2022,Central banking,Ireland
IE,K6411,2023,Central banking,Ireland
IE,K6411,2024,Central banking,Ireland
IE,K6419,2021,Other monetary intermediation,Ireland
IE,K6419,2022,Other monetary intermediation,Ireland
IE,K6419,2023,Other monetary intermediation,Ireland
IE,K6419,2024,Other monetary intermediation,Ireland
IE,K6430,2022,"Trusts, funds and similar financial entities",Ireland
IE,K6430,2023,"Trusts, funds and similar financial entities",Ireland
IE,L6810,2023,Buying and selling of own real estate,Ireland
IE,L6810,2024,Buying and selling of own real estate,Ireland
IE,L6820,2022,Renting and operating of own or leased real estate,Ireland
IE,L6831,2022,Real estate agencies,Ireland
IE,L6831,2023,Real estate agencies,Ireland
IE,L6831,2024,Real estate agencies,Ireland
IE,M7211,2024,Research and experimental development on biotechnology,Ireland
IE,M7220,2023,Research and experimental development on social sciences and humanities,Ireland
IE,M7220,2024,Research and experimental development on social sciences and humanities,Ireland
IE,M7311,2021,Advertising agencies,Ireland
IE,M7311,2023,Advertising agencies,Ireland
IE,M7311,2024,Advertising agencies,Ireland
IE,M7312,2021,Media representation,Ireland
IE,M7312,2023,Media representation,Ireland
IE,M7312,2024,Media representation,Ireland
IE,M7320,2021,Market research and public opinion polling,Ireland
IE,M7490,2023,"Other professional, scientific and technical activities n.e.c.",Ireland
IE,M7500,2023,Veterinary activities,Ireland
IE,N7711,2022,Renting and leasing of cars and light motor vehicles,Ireland
IE,N7712,2023,Renting and leasing of trucks,Ireland
IE,N7712,2024,Renting and leasing of trucks,Ireland
IE,N7721,2022,Renting and leasing of recreational and sports goods,Ireland
IE,N7721,2023,Renting and leasing of recreational and sports goods,Ireland
IE,N7721,2024,Renting and leasing of recreational and sports goods,Ireland
IE,N7722,2021,Renting of video tapes and disks,Ireland
IE,N7722,2022,Renting of video tapes and disks,Ireland
IE,N7729,2021,Renting and leasing of other personal and household goods,Ireland
IE,N7729,2022,Renting and leasing of other personal and household goods,Ireland
IE,N7729,2023,Renting and leasing of other personal and household goods,Ireland
IE,N7729,2024,Renting and leasing of other personal and household goods,Ireland
IE,N7731,2023,Renting and leasing of agricultural machinery and equipment,Ireland
IE,N7731,2024,Renting and leasing of agricultural machinery and equipment,Ireland
IE,N7734,2023,Renting and leasing of water transport equipment,Ireland
IE,N7734,2024,Renting and leasing of water transport equipment,Ireland
IE,N7735,2022,Renting and leasing of air transport equipment,Ireland
IE,N7735,2023,Renting and leasing of air transport equipment,Ireland
IE,N7735,2024,Renting and leasing of air transport equipment,Ireland
IE,N7739,2023,"Renting and leasing of other machinery, equipment and tangible goods n.e.c.",Ireland
IE,N7739,2024,"Renting and leasing of other machinery, equipment and tangible goods n.e.c.",Ireland
IE,N7740,2023,"Leasing of intellectual property and similar products, except copyrighted works",Ireland
IE,N7810,2022,Activities of employment placement agencies,Ireland
IE,N7820,2021,Temporary employment agency activities,Ireland
IE,N7820,2022,Temporary employment agency activities,Ireland
IE,N7820,2023,Temporary employment agency activities,Ireland
IE,N7830,2021,Other human resources provision,Ireland
IE,N7830,2022,Other human resources provision,Ireland
IE,N7830,2023,Other human resources provision,Ireland
IE,N7990,2022,Other reservation service and related activities,Ireland
IE,N8010,2022,Private security activities,Ireland
IE,N8010,2023,Private security activities,Ireland
IE,N8010,2024,Private security activities,Ireland
IE,N8030,2023,Investigation activities,Ireland
IE,N8030,2024,Investigation activities,Ireland
IE,N8110,2022,Combined facilities support activities,Ireland
IE,N8122,2022,Other building and industrial cleaning activities,Ireland
IE,N8122,2023,Other building and industrial cleaning activities,Ireland
IE,N8122,2024,Other building and industrial cleaning activities,Ireland
IE,N8129,2022,Other cleaning activities,Ireland
IE,N8129,2023,Other cleaning activities,Ireland
IE,N8129,2024,Other cleaning activities,Ireland
IE,N8211,2022,Combined office administrative service activities,Ireland
IE,N8211,2023,Combined office administrative service activities,Ireland
IE,N8219,2022,"Photocopying, document preparation and other specialised office support activities",Ireland
IE,N8219,2023,"Photocopying, document preparation and other specialised office support activities",Ireland
IE,N8220,2023,Activities of call centres,Ireland
IE,N8220,2024,Activities of call centres,Ireland
IE,N8230,2023,Organisation of conventions and trade shows,Ireland
IE,N8230,2024,Organisation of conventions and trade shows,Ireland
IE,N8291,2023,Activities of collection agencies and credit bureaus,Ireland
IE,N8291,2024,Activities of collection agencies and credit bureaus,Ireland
IE,N8292,2022,Packaging activities,Ireland
IE,N8292,2023,Packaging activities,Ireland
IE,N8292,2024,Packaging activities,Ireland
IE,N8299,2022,Other business support service activities n.e.c.,Ireland
IE,P8520,2024,Primary education,Ireland
IE,P8531,2021,General secondary education,Ireland
IE,P8532,2021,Technical and vocational secondary education,Ireland
IE,P8541,2021,Post-secondary non-tertiary education,Ireland
IE,P8541,2022,Post-secondary non-tertiary education,Ireland
IE,P8541,2023,Post-secondary non-tertiary education,Ireland
IE,P8541,2024,Post-secondary non-tertiary education,Ireland
IE,P8542,2021,Tertiary education,Ireland
IE,P8551,2021,Sports and recreation education,Ireland
IE,P8551,2023,Sports and recreation education,Ireland
IE,P8551,2024,Sports and recreation education,Ireland
IE,P8552,2021,Cultural education,Ireland
IE,P8552,2023,Cultural education,Ireland
IE,P8552,2024,Cultural education,Ireland
IE,P8553,2021,Driving school activities,Ireland
IE,P8553,2022,Driving school activities,Ireland
IE,P8553,2023,Driving school activities,Ireland
IE,P8553,2024,Driving school activities,Ireland
IE,P8559,2021,Other education n.e.c.,Ireland
IE,P8559,2022,Other education n.e.c.,Ireland
IE,P8559,2023,Other education n.e.c.,Ireland
IE,P8559,2024,Other education n.e.c.,Ireland
IE,P8560,2023,Educational support activities,Ireland
IE,P8560,2024,Educational support activities,Ireland
IE,Q8621,2021,General medical practice activities,Ireland
IE,Q8621,2022,General medical practice activities,Ireland
IE,Q8621,2024,General medical practice activities,Ireland
IE,Q8622,2021,Specialist medical practice activities,Ireland
IE,Q8622,2022,Specialist medical practice activities,Ireland
IE,Q8622,2023,Specialist medical practice activities,Ireland
IE,Q8622,2024,Specialist medical practice activities,Ireland
IE,Q8623,2021,Dental practice activities,Ireland
IE,Q8623,2022,Dental practice activities,Ireland
IE,Q8623,2023,Dental practice activities,Ireland
IE,Q8623,2024,Dental practice activities,Ireland
IE,Q8720,2022,"Residential care activities for mental retardation, mental health and substance abuse",Ireland
IE,Q8720,2024,"Residential care activities for mental retardation, mental health and substance abuse",Ireland
IE,Q8730,2022,Residential care activities for the elderly and disabled,Ireland
IE,Q8730,2024,Residential care activities for the elderly and disabled,Ireland
IE,Q8891,2021,Child day-care activities,Ireland
IE,Q8891,2022,Child day-care activities,Ireland
IE,Q8899,2021,Other social work activities without accommodation n.e.c.,Ireland
IE,Q8899,2022,Other social work activities without accommodation n.e.c.,Ireland
IE,R9001,2021,Performing arts,Ireland
IE,R9001,2023,Performing arts,Ireland
IE,R9002,2021,Support activities to performing arts,Ireland
IE,R9002,2023,Support activities to performing arts,Ireland
IE,R9002,2024,Support activities to performing arts,Ireland
IE,R9003,2021,Artistic creation,Ireland
IE,R9003,2022,Artistic creation,Ireland
IE,R9003,2023,Artistic creation,Ireland
IE,R9003,2024,Artistic creation,Ireland
IE,R9004,2021,Operation of arts facilities,Ireland
IE,R9004,2023,Operation of arts facilities,Ireland
IE,R9004,2024,Operation of arts facilities,Ireland
IE,R9101,2021,Library and archives activities,Ireland
IE,R9102,2021,Museums activities,Ireland
IE,R9102,2022,Museums activities,Ireland
IE,R9102,2023,Museums activities,Ireland
IE,R9102,2024,Museums activities,Ireland
IE,R9103,2021,Operation of historical sites and buildings and similar visitor attractions,Ireland
IE,R9103,2022,Operation of historical sites and buildings and similar visitor attractions,Ireland
IE,R9103,2023,Operation of historical sites and buildings and similar visitor attractions,Ireland
IE,R9104,2021,Botanical and zoological gardens and nature reserves activities,Ireland
IE,R9104,2023,Botanical and zoological gardens and nature reserves activities,Ireland
IE,R9104,2024,Botanical and zoological gardens and nature reserves activities,Ireland
IE,R9200,2022,Gambling and betting activities,Ireland
IE,R9200,2023,Gambling and betting activities,Ireland
IE,R9311,2021,Operation of sports facilities,Ireland
IE,R9311,2022,Operation of sports facilities,Ireland
IE,R9311,2023,Operation of sports facilities,Ireland
IE,R9312,2021,Activities of sport clubs,Ireland
IE,R9313,2021,Fitness facilities,Ireland
IE,R9313,2022,Fitness facilities,Ireland
IE,R9313,2023,Fitness facilities,Ireland
IE,R9319,2021,Other sports activities,Ireland
IE,R9319,2023,Other sports activities,Ireland
IE,R9321,2021,Activities of amusement parks and theme parks,Ireland
IE,R9321,2022,Activities of amusement parks and theme parks,Ireland
IE,R9321,2023,Activities of amusement parks and theme parks,Ireland
IE,R9329,2021,Other amusement and recreation activities,Ireland
IE,R9329,2022,Other amusement and recreation activities,Ireland
IE,S9511,2023,Repair of computers and peripheral equipment,Ireland
IE,S9522,2023,Repair of household appliances and home and garden equipment,Ireland
IE,S9525,2024,"Repair of watches, clocks and jewellery",Ireland
IE,S9529,2024,Repair of other personal and household goods,Ireland
IE,S9601,2022,Washing and (dry-)cleaning of textile and fur products,Ireland
IE,S9601,2024,Washing and (dry-)cleaning of textile and fur products,Ireland
IE,S9602,2022,Hairdressing and other beauty treatment,Ireland
IE,S9603,2024,Funeral and related activities,Ireland
IT,B0610,2021,Extraction of crude petroleum,Italy
IT,B0610,2023,Extraction of crude petroleum,Italy
IT,B0610,2024,Extraction of crude petroleum,Italy
IT,B0710,2024,Mining of iron ores,Italy
IT,B0729,2021,Mining of other non-ferrous metal ores,Italy
IT,B0729,2023,Mining of other non-ferrous metal ores,Italy
IT,B0729,2024,Mining of other non-ferrous metal ores,Italy
IT,B0891,2024,Mining of chemical and fertiliser minerals,Italy
IT,B0892,2024,Extraction of peat,Italy
IT,B0910,2023,Support activities for petroleum and natural gas extraction,Italy
IT,B0990,2023,Support activities for other mining and quarrying,Italy
IT,C1081,2022,Manufacture of sugar,Italy
IT,C1086,2022,Manufacture of homogenised food preparations and dietetic food,Italy
IT,C1103,2021,Manufacture of cider and other fruit wines,Italy
IT,C1103,2022,Manufacture of cider and other fruit wines,Italy
IT,C1103,2023,Manufacture of cider and other fruit wines,Italy
IT,C1103,2024,Manufacture of cider and other fruit wines,Italy
IT,C1106,2021,Manufacture of malt,Italy
IT,C1106,2022,Manufacture of malt,Italy
IT,C1106,2023,Manufacture of malt,Italy
IT,C1106,2024,Manufacture of malt,Italy
IT,C1200,2022,Manufacture of tobacco products,Italy
IT,C1711,2022,Manufacture of pulp,Italy
IT,C1711,2023,Manufacture of pulp,Italy
IT,C1711,2024,Manufacture of pulp,Italy
IT,C1712,2022,Manufacture of paper and paperboard,Italy
IT,C1712,2023,Manufacture of paper and paperboard,Italy
IT,C1712,2024,Manufacture of paper and paperboard,Italy
IT,C1910,2021,Manufacture of coke oven products,Italy
IT,C1910,2022,Manufacture of coke oven products,Italy
IT,C1910,2023,Manufacture of coke oven products,Italy
IT,C1910,2024,Manufacture of coke oven products,Italy
IT,C1920,2021,Manufacture of refined petroleum products,Italy
IT,C1920,2023,Manufacture of refined petroleum products,Italy
IT,C1920,2024,Manufacture of refined petroleum products,Italy
IT,C2342,2022,Manufacture of ceramic sanitary fixtures,Italy
IT,C2343,2022,Manufacture of ceramic insulators and insulating fittings,Italy
IT,C2640,2022,Manufacture of consumer electronics,Italy
IT,C2670,2021,Manufacture of optical instruments and photographic equipment,Italy
IT,C2670,2024,Manufacture of optical instruments and photographic equipment,Italy
IT,C2680,2021,Manufacture of magnetic and optical media,Italy
IT,C2680,2022,Manufacture of magnetic and optical media,Italy
IT,C2680,2024,Manufacture of magnetic and optical media,Italy
IT,C3020,2021,Manufacture of railway locomotives and rolling stock,Italy
IT,C3020,2023,Manufacture of railway locomotives and rolling stock,Italy
IT,C3020,2024,Manufacture of railway locomotives and rolling stock,Italy
IT,C3040,2021,Manufacture of military fighting vehicles,Italy
IT,C3040,2022,Manufacture of military fighting vehicles,Italy
IT,C3040,2023,Manufacture of military fighting vehicles,Italy
IT,C3040,2024,Manufacture of military fighting vehicles,Italy
IT,C3099,2022,Manufacture of other transport equipment n.e.c.,Italy
IT,G4611,2022,"Agents involved in the sale of agricultural raw materials, live animals, textile raw materials and semi-finished goods",Italy
IT,G4613,2022,Agents involved in the sale of timber and building materials,Italy
IT,G4615,2022,"Agents involved in the sale of furniture, household goods, hardware and ironmongery",Italy
IT,G4742,2022,Retail sale of telecommunications equipment in specialised stores,Italy
IT,G4743,2022,Retail sale of audio and video equipment in specialised stores,Italy
IT,G4763,2022,Retail sale of music and video recordings in specialised stores,Italy
IT,G4765,2022,Retail sale of games and toys in specialised stores,Italy
IT,G4781,2022,"Retail sale via stalls and markets of food, beverages and tobacco products",Italy
IT,G4789,2022,Retail sale via stalls and markets of other goods,Italy
IT,H5121,2022,Freight air transport,Italy
IT,H5310,2021,Postal activities under universal service obligation,Italy
IT,H5310,2022,Postal activities under universal service obligation,Italy
IT,H5310,2023,Postal activities under universal service obligation,Italy
IT,H5310,2024,Postal activities under universal service obligation,Italy
IT,H5320,2021,Other postal and courier activities,Italy
IT,H5320,2023,Other postal and courier activities,Italy
IT,H5320,2024,Other postal and courier activities,Italy
IT,J5812,2021,Publishing of directories and mailing lists,Italy
IT,J5812,2023,Publishing of directories and mailing lists,Italy
IT,J5813,2021,Publishing of newspapers,Italy
IT,J5813,2023,Publishing of newspapers,Italy
IT,J5913,2022,"Motion picture, video and television programme distribution activities",Italy
IT,J5920,2022,Sound recording and music publishing activities,Italy
IT,K6511,2022,Life insurance,Italy
IT,K6511,2024,Life insurance,Italy
IT,K6512,2022,Non-life insurance,Italy
IT,K6520,2024,Reinsurance,Italy
IT,N7731,2022,Renting and leasing of agricultural machinery and equipment,Italy
IT,N7735,2022,Renting and leasing of air transport equipment,Italy
IT,S9523,2022,Repair of footwear and leather goods,Italy
IT,S9525,2022,"Repair of watches, clocks and jewellery",Italy
LT,B0610,2023,Extraction of crude petroleum,Lithuania
LT,B0620,2023,Extraction of natural gas,Lithuania
LT,B0891,2021,Mining of chemical and fertiliser minerals,Lithuania
LT,B0891,2022,Mining of chemical and fertiliser minerals,Lithuania
LT,B0891,2023,Mining of chemical and fertiliser minerals,Lithuania
LT,B0891,2024,Mining of chemical and fertiliser minerals,Lithuania
LT,B0892,2024,Extraction of peat,Lithuania
LT,B0899,2021,Other mining and quarrying n.e.c.,Lithuania
LT,B0899,2022,Other mining and quarrying n.e.c.,Lithuania
LT,B0899,2023,Other mining and quarrying n.e.c.,Lithuania
LT,C1011,2021,Processing and preserving of meat,Lithuania
LT,C1011,2022,Processing and preserving of meat,Lithuania
LT,C1011,2023,Processing and preserving of meat,Lithuania
LT,C1011,2024,Processing and preserving of meat,Lithuania
LT,C1012,2021,Processing and preserving of poultry meat,Lithuania
LT,C1012,2022,Processing and preserving of poultry meat,Lithuania
LT,C1012,2023,Processing and preserving of poultry meat,Lithuania
LT,C1012,2024,Processing and preserving of poultry meat,Lithuania
LT,C1031,2021,Processing and preserving of potatoes,Lithuania
LT,C1039,2021,Other processing and preserving of fruit and vegetables,Lithuania
LT,C1041,2022,Manufacture of oils and fats,Lithuania
LT,C1041,2023,Manufacture of oils and fats,Lithuania
LT,C1041,2024,Manufacture of oils and fats,Lithuania
LT,C1042,2022,Manufacture of margarine and similar edible fats,Lithuania
LT,C1042,2023,Manufacture of margarine and similar edible fats,Lithuania
LT,C1042,2024,Manufacture of margarine and similar edible fats,Lithuania
LT,C1061,2021,Manufacture of grain mill products,Lithuania
LT,C1061,2022,Manufacture of grain mill products,Lithuania
LT,C1061,2023,Manufacture of grain mill products,Lithuania
LT,C1061,2024,Manufacture of grain mill products,Lithuania
LT,C1062,2021,Manufacture of starches and starch products,Lithuania
LT,C1062,2022,Manufacture of starches and starch products,Lithuania
LT,C1062,2023,Manufacture of starches and starch products,Lithuania
LT,C1062,2024,Manufacture of starches and starch products,Lithuania
LT,C1081,2023,Manufacture of sugar,Lithuania
LT,C1081,2024,Manufacture of sugar,Lithuania
LT,C1086,2023,Manufacture of homogenised food preparations and dietetic food,Lithuania
LT,C1086,2024,Manufacture of homogenised food preparations and dietetic food,Lithuania
LT,C1104,2022,Manufacture of other non-distilled fermented beverages,Lithuania
LT,C1106,2022,Manufacture of malt,Lithuania
LT,C1200,2021,Manufacture of tobacco products,Lithuania
LT,C1200,2022,Manufacture of tobacco products,Lithuania
LT,C1200,2023,Manufacture of tobacco products,Lithuania
LT,C1200,2024,Manufacture of tobacco products,Lithuania
LT,C1393,2022,Manufacture of carpets and rugs,Lithuania
LT,C1393,2023,Manufacture of carpets and rugs,Lithuania
LT,C1393,2024,Manufacture of carpets and rugs,Lithuania
LT,C1394,2023,"Manufacture of cordage, rope, twine and netting",Lithuania
LT,C1394,2024,"Manufacture of cordage, rope, twine and netting",Lithuania
LT,C1396,2022,Manufacture of other technical and industrial textiles,Lithuania
LT,C1811,2024,Printing of newspapers,Lithuania
LT,C1820,2024,Reproduction of recorded media,Lithuania
LT,C1920,2021,Manufacture of refined petroleum products,Lithuania
LT,C1920,2022,Manufacture of refined petroleum products,Lithuania
LT,C1920,2023,Manufacture of refined petroleum products,Lithuania
LT,C1920,2024,Manufacture of refined petroleum products,Lithuania
LT,C2011,2024,Manufacture of industrial gases,Lithuania
LT,C2012,2021,Manufacture of dyes and pigments,Lithuania
LT,C2012,2022,Manufacture of dyes and pigments,Lithuania
LT,C2012,2023,Manufacture of dyes and pigments,Lithuania
LT,C2012,2024,Manufacture of dyes and pigments,Lithuania
LT,C2013,2021,Manufacture of other inorganic basic chemicals,Lithuania
LT,C2013,2024,Manufacture of other inorganic basic chemicals,Lithuania
LT,C2016,2022,Manufacture of plastics in primary forms,Lithuania
LT,C2016,2023,Manufacture of plastics in primary forms,Lithuania
LT,C2020,2023,Manufacture of pesticides and other agrochemical products,Lithuania
LT,C2020,2024,Manufacture of pesticides and other agrochemical products,Lithuania
LT,C2051,2022,Manufacture of explosives,Lithuania
LT,C2051,2023,Manufacture of explosives,Lithuania
LT,C2051,2024,Manufacture of explosives,Lithuania
LT,C2052,2024,Manufacture of glues,Lithuania
LT,C2053,2021,Manufacture of essential oils,Lithuania
LT,C2053,2022,Manufacture of essential oils,Lithuania
LT,C2053,2023,Manufacture of essential oils,Lithuania
LT,C2060,2021,Manufacture of man-made fibres,Lithuania
LT,C2060,2023,Manufacture of man-made fibres,Lithuania
LT,C2060,2024,Manufacture of man-made fibres,Lithuania
LT,C2120,2021,Manufacture of pharmaceutical preparations,Lithuania
LT,C2120,2022,Manufacture of pharmaceutical preparations,Lithuania
LT,C2120,2023,Manufacture of pharmaceutical preparations,Lithuania
LT,C2120,2024,Manufacture of pharmaceutical preparations,Lithuania
LT,C2311,2021,Manufacture of flat glass,Lithuania
LT,C2311,2022,Manufacture of flat glass,Lithuania
LT,C2313,2022,Manufacture of hollow glass,Lithuania
LT,C2314,2021,Manufacture of glass fibres,Lithuania
LT,C2320,2021,Manufacture of refractory products,Lithuania
LT,C2342,2022,Manufacture of ceramic sanitary fixtures,Lithuania
LT,C2349,2022,Manufacture of other ceramic products,Lithuania
LT,C2351,2021,Manufacture of cement,Lithuania
LT,C2351,2022,Manufacture of cement,Lithuania
LT,C2351,2023,Manufacture of cement,Lithuania
LT,C2351,2024,Manufacture of cement,Lithuania
LT,C2352,2021,Manufacture of lime and plaster,Lithuania
LT,C2352,2022,Manufacture of lime and plaster,Lithuania
LT,C2352,2023,Manufacture of lime and plaster,Lithuania
LT,C2352,2024,Manufacture of lime and plaster,Lithuania
LT,C2362,2021,Manufacture of plaster products for construction purposes,Lithuania
LT,C2362,2022,Manufacture of plaster products for construction purposes,Lithuania
LT,C2364,2023,Manufacture of mortars,Lithuania
LT,C2364,2024,Manufacture of mortars,Lithuania
LT,C2365,2021,Manufacture of fibre cement,Lithuania
LT,C2365,2022,Manufacture of fibre cement,Lithuania
LT,C2365,2023,Manufacture of fibre cement,Lithuania
LT,C2365,2024,Manufacture of fibre cement,Lithuania
LT,C2420,2021,"Manufacture of tubes, pipes, hollow profiles and related fittings, of steel",Lithuania
LT,C2420,2022,"Manufacture of tubes, pipes, hollow profiles and related fittings, of steel",Lithuania
LT,C2420,2024,"Manufacture of tubes, pipes, hollow profiles and related fittings, of steel",Lithuania
LT,C2432,2021,Cold rolling of narrow strip,Lithuania
LT,C2432,2022,Cold rolling of narrow strip,Lithuania
LT,C2432,2023,Cold rolling of narrow strip,Lithuania
LT,C2432,2024,Cold rolling of narrow strip,Lithuania
LT,C2433,2021,Cold forming or folding,Lithuania
LT,C2433,2022,Cold forming or folding,Lithuania
LT,C2433,2023,Cold forming or folding,Lithuania
LT,C2433,2024,Cold forming or folding,Lithuania
LT,C2434,2021,Cold drawing of wire,Lithuania
LT,C2434,2022,Cold drawing of wire,Lithuania
LT,C2434,2023,Cold drawing of wire,Lithuania
LT,C2434,2024,Cold drawing of wire,Lithuania
LT,C2441,2021,Precious metals production,Lithuania
LT,C2441,2022,Precious metals production,Lithuania
LT,C2441,2023,Precious metals production,Lithuania
LT,C2441,2024,Precious metals production,Lithuania
LT,C2442,2022,Aluminium production,Lithuania
LT,C2442,2023,Aluminium production,Lithuania
LT,C2451,2021,Casting of iron,Lithuania
LT,C2451,2022,Casting of iron,Lithuania
LT,C2451,2023,Casting of iron,Lithuania
LT,C2451,2024,Casting of iron,Lithuania
LT,C2454,2021,Casting of other non-ferrous metals,Lithuania
LT,C2454,2022,Casting of other non-ferrous metals,Lithuania
LT,C2454,2023,Casting of other non-ferrous metals,Lithuania
LT,C2454,2024,Casting of other non-ferrous metals,Lithuania
LT,C2571,2021,Manufacture of cutlery,Lithuania
LT,C2573,2021,Manufacture of tools,Lithuania
LT,C2591,2021,Manufacture of steel drums and similar containers,Lithuania
LT,C2592,2021,Manufacture of light metal packaging,Lithuania
LT,C2720,2024,Manufacture of batteries and accumulators,Lithuania
LT,C2732,2024,Manufacture of other electronic and electric wires and cables,Lithuania
LT,C2814,2024,Manufacture of other taps and valves,Lithuania
LT,C2815,2024,"Manufacture of bearings, gears, gearing and driving elements",Lithuania
LT,C2823,2021,Manufacture of office machinery and equipment (except computers and peripheral equipment),Lithuania
LT,C2823,2022,Manufacture of office machinery and equipment (except computers and peripheral equipment),Lithuania
LT,C2823,2023,Manufacture of office machinery and equipment (except computers and peripheral equipment),Lithuania
LT,C2823,2024,Manufacture of office machinery and equipment (except computers and peripheral equipment),Lithuania
LT,C2824,2021,Manufacture of power-driven hand tools,Lithuania
LT,C2824,2022,Manufacture of power-driven hand tools,Lithuania
LT,C2824,2023,Manufacture of power-driven hand tools,Lithuania
LT,C2824,2024,Manufacture of power-driven hand tools,Lithuania
LT,C2891,2021,Manufacture of machinery for metallurgy,Lithuania
LT,C2891,2022,Manufacture of machinery for metallurgy,Lithuania
LT,C2891,2023,Manufacture of machinery for metallurgy,Lithuania
LT,C2891,2024,Manufacture of machinery for metallurgy,Lithuania
LT,C2895,2021,Manufacture of machinery for paper and paperboard production,Lithuania
LT,C2895,2022,Manufacture of machinery for paper and paperboard production,Lithuania
LT,C2895,2024,Manufacture of machinery for paper and paperboard production,Lithuania
LT,C2896,2021,Manufacture of plastics and rubber machinery,Lithuania
LT,C2896,2022,Manufacture of plastics and rubber machinery,Lithuania
LT,C2896,2023,Manufacture of plastics and rubber machinery,Lithuania
LT,C2896,2024,Manufacture of plastics and rubber machinery,Lithuania
LT,C3012,2021,Building of pleasure and sporting boats,Lithuania
LT,C3012,2022,Building of pleasure and sporting boats,Lithuania
LT,C3012,2023,Building of pleasure and sporting boats,Lithuania
LT,C3020,2021,Manufacture of railway locomotives and rolling stock,Lithuania
LT,C3020,2022,Manufacture of railway locomotives and rolling stock,Lithuania
LT,C3020,2023,Manufacture of railway locomotives and rolling stock,Lithuania
LT,C3020,2024,Manufacture of railway locomotives and rolling stock,Lithuania
LT,C3030,2021,Manufacture of air and spacecraft and related machinery,Lithuania
LT,C3030,2022,Manufacture of air and spacecraft and related machinery,Lithuania
LT,C3030,2023,Manufacture of air and spacecraft and related machinery,Lithuania
LT,C3030,2024,Manufacture of air and spacecraft and related machinery,Lithuania
LT,C3091,2021,Manufacture of motorcycles,Lithuania
LT,C3091,2022,Manufacture of motorcycles,Lithuania
LT,C3091,2024,Manufacture of motorcycles,Lithuania
LT,C3099,2021,Manufacture of other transport equipment n.e.c.,Lithuania
LT,C3099,2022,Manufacture of other transport equipment n.e.c.,Lithuania
LT,C3099,2024,Manufacture of other transport equipment n.e.c.,Lithuania
LT,C3211,2021,Striking of coins,Lithuania
LT,C3211,2022,Striking of coins,Lithuania
LT,C3211,2023,Striking of coins,Lithuania
LT,C3211,2024,Striking of coins,Lithuania
LT,C3212,2021,Manufacture of jewellery and related articles,Lithuania
LT,C3212,2022,Manufacture of jewellery and related articles,Lithuania
LT,C3212,2023,Manufacture of jewellery and related articles,Lithuania
LT,C3212,2024,Manufacture of jewellery and related articles,Lithuania
LT,C3220,2021,Manufacture of musical instruments,Lithuania
LT,C3220,2022,Manufacture of musical instruments,Lithuania
LT,C3220,2023,Manufacture of musical instruments,Lithuania
LT,C3220,2024,Manufacture of musical instruments,Lithuania
LT,C3250,2021,Manufacture of medical and dental instruments and supplies,Lithuania
LT,C3250,2022,Manufacture of medical and dental instruments and supplies,Lithuania
LT,C3250,2023,Manufacture of medical and dental instruments and supplies,Lithuania
LT,C3250,2024,Manufacture of medical and dental instruments and supplies,Lithuania
LT,C3291,2021,Manufacture of brooms and brushes,Lithuania
LT,C3291,2022,Manufacture of brooms and brushes,Lithuania
LT,C3291,2023,Manufacture of brooms and brushes,Lithuania
LT,C3291,2024,Manufacture of brooms and brushes,Lithuania
LT,C3299,2021,Other manufacturing n.e.c.,Lithuania
LT,C3299,2022,Other manufacturing n.e.c.,Lithuania
LT,C3299,2023,Other manufacturing n.e.c.,Lithuania
LT,C3299,2024,Other manufacturing n.e.c.,Lithuania
LT,D3522,2021,Distribution of gaseous fuels through mains,Lithuania
LT,D3522,2022,Distribution of gaseous fuels through mains,Lithuania
LT,D3522,2023,Distribution of gaseous fuels through mains,Lithuania
LT,D3522,2024,Distribution of gaseous fuels through mains,Lithuania
LT,D3523,2021,Trade of gas through mains,Lithuania
LT,D3523,2022,Trade of gas through mains,Lithuania
LT,D3523,2023,Trade of gas through mains,Lithuania
LT,D3523,2024,Trade of gas through mains,Lithuania
LT,H4920,2021,Freight rail transport,Lithuania
LT,H4920,2022,Freight rail transport,Lithuania
LT,H4920,2023,Freight rail transport,Lithuania
LT,H4920,2024,Freight rail transport,Lithuania
LT,H4950,2021,Transport via pipeline,Lithuania
LT,H4950,2022,Transport via pipeline,Lithuania
LT,H4950,2023,Transport via pipeline,Lithuania
LT,H4950,2024,Transport via pipeline,Lithuania
LT,H5110,2021,Passenger air transport,Lithuania
LT,H5121,2021,Freight air transport,Lithuania
LT,H5310,2021,Postal activities under universal service obligation,Lithuania
LT,H5310,2022,Postal activities under universal service obligation,Lithuania
LT,H5310,2023,Postal activities under universal service obligation,Lithuania
LT,H5310,2024,Postal activities under universal service obligation,Lithuania
LT,H5320,2021,Other postal and courier activities,Lithuania
LT,H5320,2022,Other postal and courier activities,Lithuania
LT,H5320,2023,Other postal and courier activities,Lithuania
LT,H5320,2024,Other postal and courier activities,Lithuania
LT,K6411,2021,Central banking,Lithuania
LT,K6411,2022,Central banking,Lithuania
LT,K6411,2023,Central banking,Lithuania
LT,K6411,2024,Central banking,Lithuania
LT,K6419,2021,Other monetary intermediation,Lithuania
LT,K6419,2022,Other monetary intermediation,Lithuania
LT,K6419,2023,Other monetary intermediation,Lithuania
LT,K6419,2024,Other monetary intermediation,Lithuania
LT,P8541,2022,Post-secondary non-tertiary education,Lithuania
LT,P8542,2022,Tertiary education,Lithuania
LT,Q8720,2021,"Residential care activities for mental retardation, mental health and substance abuse",Lithuania
LT,Q8790,2021,Other residential care activities,Lithuania
LT,R9103,2021,Operation of historical sites and buildings and similar visitor attractions,Lithuania
LT,R9103,2022,Operation of historical sites and buildings and similar visitor attractions,Lithuania
LT,R9104,2021,Botanical and zoological gardens and nature reserves activities,Lithuania
LT,R9104,2022,Botanical and zoological gardens and nature reserves activities,Lithuania
LU,B0811,2021,"Quarrying of ornamental and building stone, limestone, gypsum, chalk and slate",Luxembourg
LU,B0811,2022,"Quarrying of ornamental and building stone, limestone, gypsum, chalk and slate",Luxembourg
LU,B0811,2023,"Quarrying of ornamental and building stone, limestone, gypsum, chalk and slate",Luxembourg
LU,B0811,2024,"Quarrying of ornamental and building stone, limestone, gypsum, chalk and slate",Luxembourg
LU,B0812,2021,"""Operation of gravel and sand pits; mining of clays and kaolin""",Luxembourg
LU,B0812,2022,"""Operation of gravel and sand pits; mining of clays and kaolin""",Luxembourg
LU,B0812,2023,"""Operation of gravel and sand pits; mining of clays and kaolin""",Luxembourg
LU,B0812,2024,"""Operation of gravel and sand pits; mining of clays and kaolin""",Luxembourg
LU,C1011,2021,Processing and preserving of meat,Luxembourg
LU,C1011,2022,Processing and preserving of meat,Luxembourg
LU,C1011,2023,Processing and preserving of meat,Luxembourg
LU,C1011,2024,Processing and preserving of meat,Luxembourg
LU,C1013,2021,Production of meat and poultry meat products,Luxembourg
LU,C1013,2022,Production of meat and poultry meat products,Luxembourg
LU,C1013,2023,Production of meat and poultry meat products,Luxembourg
LU,C1013,2024,Production of meat and poultry meat products,Luxembourg
LU,C1032,2021,Manufacture of fruit and vegetable juice,Luxembourg
LU,C1032,2022,Manufacture of fruit and vegetable juice,Luxembourg
LU,C1032,2023,Manufacture of fruit and vegetable juice,Luxembourg
LU,C1032,2024,Manufacture of fruit and vegetable juice,Luxembourg
LU,C1039,2021,Other processing and preserving of fruit and vegetables,Luxembourg
LU,C1039,2022,Other processing and preserving of fruit and vegetables,Luxembourg
LU,C1039,2023,Other processing and preserving of fruit and vegetables,Luxembourg
LU,C1039,2024,Other processing and preserving of fruit and vegetables,Luxembourg
LU,C1041,2024,Manufacture of oils and fats,Luxembourg
LU,C1051,2021,Operation of dairies and cheese making,Luxembourg
LU,C1051,2022,Operation of dairies and cheese making,Luxembourg
LU,C1051,2023,Operation of dairies and cheese making,Luxembourg
LU,C1051,2024,Operation of dairies and cheese making,Luxembourg
LU,C1052,2021,Manufacture of ice cream,Luxembourg
LU,C1052,2022,Manufacture of ice cream,Luxembourg
LU,C1052,2023,Manufacture of ice cream,Luxembourg
LU,C1052,2024,Manufacture of ice cream,Luxembourg
LU,C1061,2021,Manufacture of grain mill products,Luxembourg
LU,C1061,2022,Manufacture of grain mill products,Luxembourg
LU,C1061,2023,Manufacture of grain mill products,Luxembourg
LU,C1061,2024,Manufacture of grain mill products,Luxembourg
LU,C1082,2021,"Manufacture of cocoa, chocolate and sugar confectionery",Luxembourg
LU,C1082,2024,"Manufacture of cocoa, chocolate and sugar confectionery",Luxembourg
LU,C1084,2021,Manufacture of condiments and seasonings,Luxembourg
LU,C1084,2022,Manufacture of condiments and seasonings,Luxembourg
LU,C1084,2023,Manufacture of condiments and seasonings,Luxembourg
LU,C1084,2024,Manufacture of condiments and seasonings,Luxembourg
LU,C1085,2021,Manufacture of prepared meals and dishes,Luxembourg
LU,C1085,2022,Manufacture of prepared meals and dishes,Luxembourg
LU,C1085,2023,Manufacture of prepared meals and dishes,Luxembourg
LU,C1085,2024,Manufacture of prepared meals and dishes,Luxembourg
LU,C1086,2021,Manufacture of homogenised food preparations and dietetic food,Luxembourg
LU,C1086,2022,Manufacture of homogenised food preparations and dietetic food,Luxembourg
LU,C1086,2023,Manufacture of homogenised food preparations and dietetic food,Luxembourg
LU,C1086,2024,Manufacture of homogenised food preparations and dietetic food,Luxembourg
LU,C1089,2021,Manufacture of other food products n.e.c.,Luxembourg
LU,C1089,2022,Manufacture of other food products n.e.c.,Luxembourg
LU,C1089,2023,Manufacture of other food products n.e.c.,Luxembourg
LU,C1089,2024,Manufacture of other food products n.e.c.,Luxembourg
LU,C1091,2021,Manufacture of prepared feeds for farm animals,Luxembourg
LU,C1091,2022,Manufacture of prepared feeds for farm animals,Luxembourg
LU,C1091,2023,Manufacture of prepared feeds for farm animals,Luxembourg
LU,C1091,2024,Manufacture of prepared feeds for farm animals,Luxembourg
LU,C1092,2024,Manufacture of prepared pet foods,Luxembourg
LU,C1101,2023,"Distilling, rectifying and blending of spirits",Luxembourg
LU,C1101,2024,"Distilling, rectifying and blending of spirits",Luxembourg
LU,C1102,2021,Manufacture of wine from grape,Luxembourg
LU,C1102,2022,Manufacture of wine from grape,Luxembourg
LU,C1102,2023,Manufacture of wine from grape,Luxembourg
LU,C1102,2024,Manufacture of wine from grape,Luxembourg
LU,C1103,2021,Manufacture of cider and other fruit wines,Luxembourg
LU,C1103,2022,Manufacture of cider and other fruit wines,Luxembourg
LU,C1103,2023,Manufacture of cider and other fruit wines,Luxembourg
LU,C1103,2024,Manufacture of cider and other fruit wines,Luxembourg
LU,C1105,2021,Manufacture of beer,Luxembourg
LU,C1105,2022,Manufacture of beer,Luxembourg
LU,C1105,2023,Manufacture of beer,Luxembourg
LU,C1105,2024,Manufacture of beer,Luxembourg
LU,C1107,2021,Manufacture of soft drinks; production of mineral waters and other bottled waters,Luxembourg
LU,C1107,2022,Manufacture of soft drinks; production of mineral waters and other bottled waters,Luxembourg
LU,C1107,2023,Manufacture of soft drinks; production of mineral waters and other bottled waters,Luxembourg
LU,C1107,2024,Manufacture of soft drinks; production of mineral waters and other bottled waters,Luxembourg
LU,C1200,2021,Manufacture of tobacco products,Luxembourg
LU,C1200,2022,Manufacture of tobacco products,Luxembourg
LU,C1200,2023,Manufacture of tobacco products,Luxembourg
LU,C1200,2024,Manufacture of tobacco products,Luxembourg
LU,C1320,2022,Weaving of textiles,Luxembourg
LU,C1330,2023,Finishing of textiles,Luxembourg
LU,C1330,2024,Finishing of textiles,Luxembourg
LU,C1393,2021,Manufacture of carpets and rugs,Luxembourg
LU,C1393,2022,Manufacture of carpets and rugs,Luxembourg
LU,C1393,2023,Manufacture of carpets and rugs,Luxembourg
LU,C1393,2024,Manufacture of carpets and rugs,Luxembourg
LU,C1395,2021,"Manufacture of non-wovens and articles made from non-wovens, except apparel",Luxembourg
LU,C1395,2022,"Manufacture of non-wovens and articles made from non-wovens, except apparel",Luxembourg
LU,C1395,2023,"Manufacture of non-wovens and articles made from non-wovens, except apparel",Luxembourg
LU,C1395,2024,"Manufacture of non-wovens and articles made from non-wovens, except apparel",Luxembourg
LU,C1396,2021,Manufacture of other technical and industrial textiles,Luxembourg
LU,C1396,2022,Manufacture of other technical and industrial textiles,Luxembourg
LU,C1396,2023,Manufacture of other technical and industrial textiles,Luxembourg
LU,C1396,2024,Manufacture of other technical and industrial textiles,Luxembourg
LU,C1399,2021,Manufacture of other textiles n.e.c.,Luxembourg
LU,C1399,2022,Manufacture of other textiles n.e.c.,Luxembourg
LU,C1399,2023,Manufacture of other textiles n.e.c.,Luxembourg
LU,C1399,2024,Manufacture of other textiles n.e.c.,Luxembourg
LU,C1413,2021,Manufacture of other outerwear,Luxembourg
LU,C1413,2022,Manufacture of other outerwear,Luxembourg
LU,C1413,2023,Manufacture of other outerwear,Luxembourg
LU,C1413,2024,Manufacture of other outerwear,Luxembourg
LU,C1419,2021,Manufacture of other wearing apparel and accessories,Luxembourg
LU,C1419,2022,Manufacture of other wearing apparel and accessories,Luxembourg
LU,C1419,2023,Manufacture of other wearing apparel and accessories,Luxembourg
LU,C1419,2024,Manufacture of other wearing apparel and accessories,Luxembourg
LU,C1512,2024,"Manufacture of luggage, handbags and the like, saddlery and harness",Luxembourg
LU,C1610,2021,Sawmilling and planing of wood,Luxembourg
LU,C1610,2022,Sawmilling and planing of wood,Luxembourg
LU,C1610,2023,Sawmilling and planing of wood,Luxembourg
LU,C1610,2024,Sawmilling and planing of wood,Luxembourg
LU,C1621,2021,Manufacture of veneer sheets and wood-based panels,Luxembourg
LU,C1621,2022,Manufacture of veneer sheets and wood-based panels,Luxembourg
LU,C1621,2023,Manufacture of veneer sheets and wood-based panels,Luxembourg
LU,C1621,2024,Manufacture of veneer sheets and wood-based panels,Luxembourg
LU,C1623,2021,Manufacture of other builders' carpentry and joinery,Luxembourg
LU,C1623,2022,Manufacture of other builders' carpentry and joinery,Luxembourg
LU,C1623,2023,Manufacture of other builders' carpentry and joinery,Luxembourg
LU,C1623,2024,Manufacture of other builders' carpentry and joinery,Luxembourg
LU,C1624,2023,Manufacture of wooden containers,Luxembourg
LU,C1624,2024,Manufacture of wooden containers,Luxembourg
LU,C1629,2022,"Manufacture of other products of wood; manufacture of articles of cork, straw and plaiting materials",Luxembourg
LU,C1629,2023,"Manufacture of other products of wood; manufacture of articles of cork, straw and plaiting materials",Luxembourg
LU,C1629,2024,"Manufacture of other products of wood; manufacture of articles of cork, straw and plaiting materials",Luxembourg
LU,C1712,2021,Manufacture of paper and paperboard,Luxembourg
LU,C1712,2022,Manufacture of paper and paperboard,Luxembourg
LU,C1712,2023,Manufacture of paper and paperboard,Luxembourg
LU,C1712,2024,Manufacture of paper and paperboard,Luxembourg
LU,C1729,2021,Manufacture of other articles of paper and paperboard,Luxembourg
LU,C1729,2022,Manufacture of other articles of paper and paperboard,Luxembourg
LU,C1729,2023,Manufacture of other articles of paper and paperboard,Luxembourg
LU,C1729,2024,Manufacture of other articles of paper and paperboard,Luxembourg
LU,C1814,2021,Binding and related services,Luxembourg
LU,C1814,2022,Binding and related services,Luxembourg
LU,C1814,2023,Binding and related services,Luxembourg
LU,C1814,2024,Binding and related services,Luxembourg
LU,C1820,2021,Reproduction of recorded media,Luxembourg
LU,C1820,2022,Reproduction of recorded media,Luxembourg
LU,C1820,2023,Reproduction of recorded media,Luxembourg
LU,C1820,2024,Reproduction of recorded media,Luxembourg
LU,C2013,2024,Manufacture of other inorganic basic chemicals,Luxembourg
LU,C2016,2021,Manufacture of plastics in primary forms,Luxembourg
LU,C2016,2022,Manufacture of plastics in primary forms,Luxembourg
LU,C2016,2023,Manufacture of plastics in primary forms,Luxembourg
LU,C2016,2024,Manufacture of plastics in primary forms,Luxembourg
LU,C2030,2021,"Manufacture of paints, varnishes and similar coatings, printing ink and mastics",Luxembourg
LU,C2030,2022,"Manufacture of paints, varnishes and similar coatings, printing ink and mastics",Luxembourg
LU,C2030,2023,"Manufacture of paints, varnishes and similar coatings, printing ink and mastics",Luxembourg
LU,C2030,2024,"Manufacture of paints, varnishes and similar coatings, printing ink and mastics",Luxembourg
LU,C2041,2021,"Manufacture of soap and detergents, cleaning and polishing preparations",Luxembourg
LU,C2041,2022,"Manufacture of soap and detergents, cleaning and polishing preparations",Luxembourg
LU,C2041,2023,"Manufacture of soap and detergents, cleaning and polishing preparations",Luxembourg
LU,C2041,2024,"Manufacture of soap and detergents, cleaning and polishing preparations",Luxembourg
LU,C2059,2021,Manufacture of other chemical products n.e.c.,Luxembourg
LU,C2059,2022,Manufacture of other chemical products n.e.c.,Luxembourg
LU,C2059,2023,Manufacture of other chemical products n.e.c.,Luxembourg
LU,C2059,2024,Manufacture of other chemical products n.e.c.,Luxembourg
LU,C2060,2021,Manufacture of man-made fibres,Luxembourg
LU,C2060,2022,Manufacture of man-made fibres,Luxembourg
LU,C2060,2023,Manufacture of man-made fibres,Luxembourg
LU,C2060,2024,Manufacture of man-made fibres,Luxembourg
LU,C2120,2021,Manufacture of pharmaceutical preparations,Luxembourg
LU,C2120,2022,Manufacture of pharmaceutical preparations,Luxembourg
LU,C2120,2023,Manufacture of pharmaceutical preparations,Luxembourg
LU,C2120,2024,Manufacture of pharmaceutical preparations,Luxembourg
LU,C2211,2021,"""Manufacture of rubber tyres and tubes; retreading and rebuilding of rubber tyres""",Luxembourg
LU,C2211,2022,"""Manufacture of rubber tyres and tubes; retreading and rebuilding of rubber tyres""",Luxembourg
LU,C2211,2023,"""Manufacture of rubber tyres and tubes; retreading and rebuilding of rubber tyres""",Luxembourg
LU,C2211,2024,"""Manufacture of rubber tyres and tubes; retreading and rebuilding of rubber tyres""",Luxembourg
LU,C2219,2021,Manufacture of other rubber products,Luxembourg
LU,C2219,2022,Manufacture of other rubber products,Luxembourg
LU,C2219,2023,Manufacture of other rubber products,Luxembourg
LU,C2219,2024,Manufacture of other rubber products,Luxembourg
LU,C2221,2021,"Manufacture of plastic plates, sheets, tubes and profiles",Luxembourg
LU,C2221,2022,"Manufacture of plastic plates, sheets, tubes and profiles",Luxembourg
LU,C2221,2023,"Manufacture of plastic plates, sheets, tubes and profiles",Luxembourg
LU,C2221,2024,"Manufacture of plastic plates, sheets, tubes and profiles",Luxembourg
LU,C2222,2021,Manufacture of plastic packing goods,Luxembourg
LU,C2222,2022,Manufacture of plastic packing goods,Luxembourg
LU,C2222,2023,Manufacture of plastic packing goods,Luxembourg
LU,C2222,2024,Manufacture of plastic packing goods,Luxembourg
LU,C2223,2021,Manufacture of builders' ware of plastic,Luxembourg
LU,C2223,2022,Manufacture of builders' ware of plastic,Luxembourg
LU,C2223,2023,Manufacture of builders' ware of plastic,Luxembourg
LU,C2223,2024,Manufacture of builders' ware of plastic,Luxembourg
LU,C2229,2021,Manufacture of other plastic products,Luxembourg
LU,C2229,2022,Manufacture of other plastic products,Luxembourg
LU,C2229,2023,Manufacture of other plastic products,Luxembourg
LU,C2229,2024,Manufacture of other plastic products,Luxembourg
LU,C2311,2021,Manufacture of flat glass,Luxembourg
LU,C2311,2022,Manufacture of flat glass,Luxembourg
LU,C2311,2023,Manufacture of flat glass,Luxembourg
LU,C2311,2024,Manufacture of flat glass,Luxembourg
LU,C2312,2021,Shaping and processing of flat glass,Luxembourg
LU,C2312,2022,Shaping and processing of flat glass,Luxembourg
LU,C2312,2023,Shaping and processing of flat glass,Luxembourg
LU,C2312,2024,Shaping and processing of flat glass,Luxembourg
LU,C2313,2021,Manufacture of hollow glass,Luxembourg
LU,C2313,2022,Manufacture of hollow glass,Luxembourg
LU,C2313,2023,Manufacture of hollow glass,Luxembourg
LU,C2313,2024,Manufacture of hollow glass,Luxembourg
LU,C2319,2024,"Manufacture and processing of other glass, including technical glassware",Luxembourg
LU,C2332,2022,"Manufacture of bricks, tiles and construction products, in baked clay",Luxembourg
LU,C2332,2023,"Manufacture of bricks, tiles and construction products, in baked clay",Luxembourg
LU,C2332,2024,"Manufacture of bricks, tiles and construction products, in baked clay",Luxembourg
LU,C2341,2021,Manufacture of ceramic household and ornamental articles,Luxembourg
LU,C2341,2022,Manufacture of ceramic household and ornamental articles,Luxembourg
LU,C2341,2023,Manufacture of ceramic household and ornamental articles,Luxembourg
LU,C2341,2024,Manufacture of ceramic household and ornamental articles,Luxembourg
LU,C2344,2021,Manufacture of other technical ceramic products,Luxembourg
LU,C2344,2022,Manufacture of other technical ceramic products,Luxembourg
LU,C2344,2023,Manufacture of other technical ceramic products,Luxembourg
LU,C2344,2024,Manufacture of other technical ceramic products,Luxembourg
LU,C2351,2021,Manufacture of cement,Luxembourg
LU,C2351,2022,Manufacture of cement,Luxembourg
LU,C2351,2023,Manufacture of cement,Luxembourg
LU,C2351,2024,Manufacture of cement,Luxembourg
LU,C2361,2021,Manufacture of concrete products for construction purposes,Luxembourg
LU,C2361,2022,Manufacture of concrete products for construction purposes,Luxembourg
LU,C2361,2023,Manufacture of concrete products for construction purposes,Luxembourg
LU,C2361,2024,Manufacture of concrete products for construction purposes,Luxembourg
LU,C2363,2021,Manufacture of ready-mixed concrete,Luxembourg
LU,C2363,2022,Manufacture of ready-mixed concrete,Luxembourg
LU,C2363,2023,Manufacture of ready-mixed concrete,Luxembourg
LU,C2363,2024,Manufacture of ready-mixed concrete,Luxembourg
LU,C2369,2021,"Manufacture of other articles of concrete, plaster and cement",Luxembourg
LU,C2369,2022,"Manufacture of other articles of concrete, plaster and cement",Luxembourg
LU,C2391,2021,Production of abrasive products,Luxembourg
LU,C2391,2022,Production of abrasive products,Luxembourg
LU,C2391,2023,Production of abrasive products,Luxembourg
LU,C2391,2024,Production of abrasive products,Luxembourg
LU,C2410,2021,Manufacture of basic iron and steel and of ferro-alloys,Luxembourg
LU,C2410,2022,Manufacture of basic iron and steel and of ferro-alloys,Luxembourg
LU,C2410,2023,Manufacture of basic iron and steel and of ferro-alloys,Luxembourg
LU,C2410,2024,Manufacture of basic iron and steel and of ferro-alloys,Luxembourg
LU,C2433,2021,Cold forming or folding,Luxembourg
LU,C2433,2022,Cold forming or folding,Luxembourg
LU,C2433,2023,Cold forming or folding,Luxembourg
LU,C2433,2024,Cold forming or folding,Luxembourg
LU,C2434,2021,Cold drawing of wire,Luxembourg
LU,C2434,2022,Cold drawing of wire,Luxembourg
LU,C2434,2023,Cold drawing of wire,Luxembourg
LU,C2434,2024,Cold drawing of wire,Luxembourg
LU,C2444,2021,Copper production,Luxembourg
LU,C2444,2022,Copper production,Luxembourg
LU,C2444,2023,Copper production,Luxembourg
LU,C2444,2024,Copper production,Luxembourg
LU,C2529,2021,"Manufacture of other tanks, reservoirs and containers of metal",Luxembourg
LU,C2529,2022,"Manufacture of other tanks, reservoirs and containers of metal",Luxembourg
LU,C2529,2023,"Manufacture of other tanks, reservoirs and containers of metal",Luxembourg
LU,C2529,2024,"Manufacture of other tanks, reservoirs and containers of metal",Luxembourg
LU,C2540,2021,Manufacture of weapons and ammunition,Luxembourg
LU,C2540,2022,Manufacture of weapons and ammunition,Luxembourg
LU,C2540,2023,Manufacture of weapons and ammunition,Luxembourg
LU,C2540,2024,Manufacture of weapons and ammunition,Luxembourg
LU,C2550,2021,"Forging, pressing, stamping and roll-forming of metal; powder metallurgy",Luxembourg
LU,C2550,2022,"Forging, pressing, stamping and roll-forming of metal; powder metallurgy",Luxembourg
LU,C2550,2023,"Forging, pressing, stamping and roll-forming of metal; powder metallurgy",Luxembourg
LU,C2550,2024,"Forging, pressing, stamping and roll-forming of metal; powder metallurgy",Luxembourg
LU,C2561,2021,Treatment and coating of metals,Luxembourg
LU,C2561,2022,Treatment and coating of metals,Luxembourg
LU,C2562,2021,Machining,Luxembourg
LU,C2562,2022,Machining,Luxembourg
LU,C2571,2021,Manufacture of cutlery,Luxembourg
LU,C2571,2022,Manufacture of cutlery,Luxembourg
LU,C2571,2023,Manufacture of cutlery,Luxembourg
LU,C2571,2024,Manufacture of cutlery,Luxembourg
LU,C2572,2021,Manufacture of locks and hinges,Luxembourg
LU,C2572,2022,Manufacture of locks and hinges,Luxembourg
LU,C2572,2023,Manufacture of locks and hinges,Luxembourg
LU,C2572,2024,Manufacture of locks and hinges,Luxembourg
LU,C2573,2021,Manufacture of tools,Luxembourg
LU,C2573,2022,Manufacture of tools,Luxembourg
LU,C2573,2023,Manufacture of tools,Luxembourg
LU,C2573,2024,Manufacture of tools,Luxembourg
LU,C2591,2021,Manufacture of steel drums and similar containers,Luxembourg
LU,C2591,2022,Manufacture of steel drums and similar containers,Luxembourg
LU,C2591,2023,Manufacture of steel drums and similar containers,Luxembourg
LU,C2591,2024,Manufacture of steel drums and similar containers,Luxembourg
LU,C2594,2021,Manufacture of fasteners and screw machine products,Luxembourg
LU,C2594,2022,Manufacture of fasteners and screw machine products,Luxembourg
LU,C2594,2023,Manufacture of fasteners and screw machine products,Luxembourg
LU,C2594,2024,Manufacture of fasteners and screw machine products,Luxembourg
LU,C2599,2021,Manufacture of other fabricated metal products n.e.c.,Luxembourg
LU,C2599,2022,Manufacture of other fabricated metal products n.e.c.,Luxembourg
LU,C2599,2023,Manufacture of other fabricated metal products n.e.c.,Luxembourg
LU,C2599,2024,Manufacture of other fabricated metal products n.e.c.,Luxembourg
LU,C2611,2023,Manufacture of electronic components,Luxembourg
LU,C2611,2024,Manufacture of electronic components,Luxembourg
LU,C2620,2021,Manufacture of computers and peripheral equipment,Luxembourg
LU,C2620,2022,Manufacture of computers and peripheral equipment,Luxembourg
LU,C2620,2023,Manufacture of computers and peripheral equipment,Luxembourg
LU,C2620,2024,Manufacture of computers and peripheral equipment,Luxembourg
LU,C2630,2021,Manufacture of communication equipment,Luxembourg
LU,C2630,2022,Manufacture of communication equipment,Luxembourg
LU,C2630,2023,Manufacture of communication equipment,Luxembourg
LU,C2630,2024,Manufacture of communication equipment,Luxembourg
LU,C2651,2021,"Manufacture of instruments and appliances for measuring, testing and navigation",Luxembourg
LU,C2651,2022,"Manufacture of instruments and appliances for measuring, testing and navigation",Luxembourg
LU,C2651,2023,"Manufacture of instruments and appliances for measuring, testing and navigation",Luxembourg
LU,C2651,2024,"Manufacture of instruments and appliances for measuring, testing and navigation",Luxembourg
LU,C2652,2021,Manufacture of watches and clocks,Luxembourg
LU,C2652,2022,Manufacture of watches and clocks,Luxembourg
LU,C2652,2023,Manufacture of watches and clocks,Luxembourg
LU,C2652,2024,Manufacture of watches and clocks,Luxembourg
LU,C2660,2021,"Manufacture of irradiation, electromedical and electrotherapeutic equipment",Luxembourg
LU,C2660,2022,"Manufacture of irradiation, electromedical and electrotherapeutic equipment",Luxembourg
LU,C2660,2023,"Manufacture of irradiation, electromedical and electrotherapeutic equipment",Luxembourg
LU,C2660,2024,"Manufacture of irradiation, electromedical and electrotherapeutic equipment",Luxembourg
LU,C2670,2021,Manufacture of optical instruments and photographic equipment,Luxembourg
LU,C2670,2022,Manufacture of optical instruments and photographic equipment,Luxembourg
LU,C2670,2023,Manufacture of optical instruments and photographic equipment,Luxembourg
LU,C2670,2024,Manufacture of optical instruments and photographic equipment,Luxembourg
LU,C2711,2021,"Manufacture of electric motors, generators and transformers",Luxembourg
LU,C2711,2022,"Manufacture of electric motors, generators and transformers",Luxembourg
LU,C2711,2023,"Manufacture of electric motors, generators and transformers",Luxembourg
LU,C2711,2024,"Manufacture of electric motors, generators and transformers",Luxembourg
LU,C2712,2021,Manufacture of electricity distribution and control apparatus,Luxembourg
LU,C2712,2022,Manufacture of electricity distribution and control apparatus,Luxembourg
LU,C2712,2023,Manufacture of electricity distribution and control apparatus,Luxembourg
LU,C2712,2024,Manufacture of electricity distribution and control apparatus,Luxembourg
LU,C2720,2021,Manufacture of batteries and accumulators,Luxembourg
LU,C2720,2022,Manufacture of batteries and accumulators,Luxembourg
LU,C2720,2023,Manufacture of batteries and accumulators,Luxembourg
LU,C2720,2024,Manufacture of batteries and accumulators,Luxembourg
LU,C2811,2021,"Manufacture of engines and turbines, except aircraft, vehicle and cycle engines",Luxembourg
LU,C2811,2024,"Manufacture of engines and turbines, except aircraft, vehicle and cycle engines",Luxembourg
LU,C2812,2021,Manufacture of fluid power equipment,Luxembourg
LU,C2812,2022,Manufacture of fluid power equipment,Luxembourg
LU,C2812,2023,Manufacture of fluid power equipment,Luxembourg
LU,C2812,2024,Manufacture of fluid power equipment,Luxembourg
LU,C2813,2023,Manufacture of other pumps and compressors,Luxembourg
LU,C2813,2024,Manufacture of other pumps and compressors,Luxembourg
LU,C2814,2021,Manufacture of other taps and valves,Luxembourg
LU,C2814,2022,Manufacture of other taps and valves,Luxembourg
LU,C2814,2023,Manufacture of other taps and valves,Luxembourg
LU,C2814,2024,Manufacture of other taps and valves,Luxembourg
LU,C2821,2021,"Manufacture of ovens, furnaces and furnace burners",Luxembourg
LU,C2821,2022,"Manufacture of ovens, furnaces and furnace burners",Luxembourg
LU,C2821,2023,"Manufacture of ovens, furnaces and furnace burners",Luxembourg
LU,C2821,2024,"Manufacture of ovens, furnaces and furnace burners",Luxembourg
LU,C2822,2021,Manufacture of lifting and handling equipment,Luxembourg
LU,C2822,2022,Manufacture of lifting and handling equipment,Luxembourg
LU,C2822,2023,Manufacture of lifting and handling equipment,Luxembourg
LU,C2822,2024,Manufacture of lifting and handling equipment,Luxembourg
LU,C2825,2021,Manufacture of non-domestic cooling and ventilation equipment,Luxembourg
LU,C2825,2022,Manufacture of non-domestic cooling and ventilation equipment,Luxembourg
LU,C2825,2023,Manufacture of non-domestic cooling and ventilation equipment,Luxembourg
LU,C2825,2024,Manufacture of non-domestic cooling and ventilation equipment,Luxembourg
LU,C2830,2021,Manufacture of agricultural and forestry machinery,Luxembourg
LU,C2830,2022,Manufacture of agricultural and forestry machinery,Luxembourg
LU,C2830,2023,Manufacture of agricultural and forestry machinery,Luxembourg
LU,C2830,2024,Manufacture of agricultural and forestry machinery,Luxembourg
LU,C2841,2021,Manufacture of metal forming machinery,Luxembourg
LU,C2841,2022,Manufacture of metal forming machinery,Luxembourg
LU,C2841,2023,Manufacture of metal forming machinery,Luxembourg
LU,C2841,2024,Manufacture of metal forming machinery,Luxembourg
LU,C2849,2021,Manufacture of other machine tools,Luxembourg
LU,C2849,2022,Manufacture of other machine tools,Luxembourg
LU,C2849,2023,Manufacture of other machine tools,Luxembourg
LU,C2849,2024,Manufacture of other machine tools,Luxembourg
LU,C2891,2021,Manufacture of machinery for metallurgy,Luxembourg
LU,C2891,2022,Manufacture of machinery for metallurgy,Luxembourg
LU,C2891,2023,Manufacture of machinery for metallurgy,Luxembourg
LU,C2891,2024,Manufacture of machinery for metallurgy,Luxembourg
LU,C2892,2021,"Manufacture of machinery for mining, quarrying and construction",Luxembourg
LU,C2892,2022,"Manufacture of machinery for mining, quarrying and construction",Luxembourg
LU,C2892,2023,"Manufacture of machinery for mining, quarrying and construction",Luxembourg
LU,C2892,2024,"Manufacture of machinery for mining, quarrying and construction",Luxembourg
LU,C2893,2021,"Manufacture of machinery for food, beverage and tobacco processing",Luxembourg
LU,C2893,2022,"Manufacture of machinery for food, beverage and tobacco processing",Luxembourg
LU,C2893,2023,"Manufacture of machinery for food, beverage and tobacco processing",Luxembourg
LU,C2893,2024,"Manufacture of machinery for food, beverage and tobacco processing",Luxembourg
LU,C2896,2021,Manufacture of plastics and rubber machinery,Luxembourg
LU,C2896,2022,Manufacture of plastics and rubber machinery,Luxembourg
LU,C2896,2023,Manufacture of plastics and rubber machinery,Luxembourg
LU,C2896,2024,Manufacture of plastics and rubber machinery,Luxembourg
LU,C2899,2021,Manufacture of other special-purpose machinery n.e.c.,Luxembourg
LU,C2899,2022,Manufacture of other special-purpose machinery n.e.c.,Luxembourg
LU,C2899,2023,Manufacture of other special-purpose machinery n.e.c.,Luxembourg
LU,C2899,2024,Manufacture of other special-purpose machinery n.e.c.,Luxembourg
LU,C2920,2021,Manufacture of bodies (coachwork) for motor vehicles; manufacture of trailers and semi-trailers,Luxembourg
LU,C2920,2022,Manufacture of bodies (coachwork) for motor vehicles; manufacture of trailers and semi-trailers,Luxembourg
LU,C2920,2023,Manufacture of bodies (coachwork) for motor vehicles; manufacture of trailers and semi-trailers,Luxembourg
LU,C2920,2024,Manufacture of bodies (coachwork) for motor vehicles; manufacture of trailers and semi-trailers,Luxembourg
LU,C2932,2021,Manufacture of other parts and accessories for motor vehicles,Luxembourg
LU,C2932,2022,Manufacture of other parts and accessories for motor vehicles,Luxembourg
LU,C2932,2023,Manufacture of other parts and accessories for motor vehicles,Luxembourg
LU,C2932,2024,Manufacture of other parts and accessories for motor vehicles,Luxembourg
LU,C3030,2021,Manufacture of air and spacecraft and related machinery,Luxembourg
LU,C3030,2022,Manufacture of air and spacecraft and related machinery,Luxembourg
LU,C3030,2023,Manufacture of air and spacecraft and related machinery,Luxembourg
LU,C3030,2024,Manufacture of air and spacecraft and related machinery,Luxembourg
LU,C3091,2021,Manufacture of motorcycles,Luxembourg
LU,C3091,2022,Manufacture of motorcycles,Luxembourg
LU,C3091,2023,Manufacture of motorcycles,Luxembourg
LU,C3091,2024,Manufacture of motorcycles,Luxembourg
LU,C3101,2021,Manufacture of office and shop furniture,Luxembourg
LU,C3101,2022,Manufacture of office and shop furniture,Luxembourg
LU,C3101,2023,Manufacture of office and shop furniture,Luxembourg
LU,C3101,2024,Manufacture of office and shop furniture,Luxembourg
LU,C3103,2021,Manufacture of mattresses,Luxembourg
LU,C3103,2022,Manufacture of mattresses,Luxembourg
LU,C3103,2023,Manufacture of mattresses,Luxembourg
LU,C3103,2024,Manufacture of mattresses,Luxembourg
LU,C3109,2021,Manufacture of other furniture,Luxembourg
LU,C3109,2022,Manufacture of other furniture,Luxembourg
LU,C3109,2023,Manufacture of other furniture,Luxembourg
LU,C3109,2024,Manufacture of other furniture,Luxembourg
LU,C3212,2021,Manufacture of jewellery and related articles,Luxembourg
LU,C3212,2022,Manufacture of jewellery and related articles,Luxembourg
LU,C3212,2023,Manufacture of jewellery and related articles,Luxembourg
LU,C3212,2024,Manufacture of jewellery and related articles,Luxembourg
LU,C3213,2021,Manufacture of imitation jewellery and related articles,Luxembourg
LU,C3213,2022,Manufacture of imitation jewellery and related articles,Luxembourg
LU,C3213,2023,Manufacture of imitation jewellery and related articles,Luxembourg
LU,C3213,2024,Manufacture of imitation jewellery and related articles,Luxembourg
LU,C3220,2022,Manufacture of musical instruments,Luxembourg
LU,C3220,2023,Manufacture of musical instruments,Luxembourg
LU,C3220,2024,Manufacture of musical instruments,Luxembourg
LU,C3230,2023,Manufacture of sports goods,Luxembourg
LU,C3230,2024,Manufacture of sports goods,Luxembourg
LU,C3240,2021,Manufacture of games and toys,Luxembourg
LU,C3240,2022,Manufacture of games and toys,Luxembourg
LU,C3240,2023,Manufacture of games and toys,Luxembourg
LU,C3240,2024,Manufacture of games and toys,Luxembourg
LU,C3299,2021,Other manufacturing n.e.c.,Luxembourg
LU,C3299,2022,Other manufacturing n.e.c.,Luxembourg
LU,C3299,2023,Other manufacturing n.e.c.,Luxembourg
LU,C3299,2024,Other manufacturing n.e.c.,Luxembourg
LU,C3311,2021,Repair of fabricated metal products,Luxembourg
LU,C3311,2022,Repair of fabricated metal products,Luxembourg
LU,C3311,2023,Repair of fabricated metal products,Luxembourg
LU,C3311,2024,Repair of fabricated metal products,Luxembourg
LU,C3312,2023,Repair of machinery,Luxembourg
LU,C3312,2024,Repair of machinery,Luxembourg
LU,C3314,2021,Repair of electrical equipment,Luxembourg
LU,C3314,2022,Repair of electrical equipment,Luxembourg
LU,C3314,2023,Repair of electrical equipment,Luxembourg
LU,C3314,2024,Repair of electrical equipment,Luxembourg
LU,C3316,2021,Repair and maintenance of aircraft and spacecraft,Luxembourg
LU,C3316,2022,Repair and maintenance of aircraft and spacecraft,Luxembourg
LU,C3316,2023,Repair and maintenance of aircraft and spacecraft,Luxembourg
LU,C3316,2024,Repair and maintenance of aircraft and spacecraft,Luxembourg
LU,C3317,2021,Repair and maintenance of other transport equipment,Luxembourg
LU,C3317,2022,Repair and maintenance of other transport equipment,Luxembourg
LU,C3317,2023,Repair and maintenance of other transport equipment,Luxembourg
LU,C3317,2024,Repair and maintenance of other transport equipment,Luxembourg
LU,C3319,2021,Repair of other equipment,Luxembourg
LU,C3319,2022,Repair of other equipment,Luxembourg
LU,C3319,2023,Repair of other equipment,Luxembourg
LU,C3319,2024,Repair of other equipment,Luxembourg
LU,D3513,2021,Distribution of electricity,Luxembourg
LU,D3513,2022,Distribution of electricity,Luxembourg
LU,D3513,2023,Distribution of electricity,Luxembourg
LU,D3513,2024,Distribution of electricity,Luxembourg
LU,D3514,2021,Trade of electricity,Luxembourg
LU,D3514,2022,Trade of electricity,Luxembourg
LU,D3514,2023,Trade of electricity,Luxembourg
LU,D3514,2024,Trade of electricity,Luxembourg
LU,D3521,2021,Manufacture of gas,Luxembourg
LU,D3521,2022,Manufacture of gas,Luxembourg
LU,D3521,2023,Manufacture of gas,Luxembourg
LU,D3521,2024,Manufacture of gas,Luxembourg
LU,D3522,2021,Distribution of gaseous fuels through mains,Luxembourg
LU,D3522,2022,Distribution of gaseous fuels through mains,Luxembourg
LU,D3522,2023,Distribution of gaseous fuels through mains,Luxembourg
LU,D3522,2024,Distribution of gaseous fuels through mains,Luxembourg
LU,D3523,2021,Trade of gas through mains,Luxembourg
LU,D3530,2021,Steam and air conditioning supply,Luxembourg
LU,D3530,2022,Steam and air conditioning supply,Luxembourg
LU,D3530,2023,Steam and air conditioning supply,Luxembourg
LU,D3530,2024,Steam and air conditioning supply,Luxembourg
LU,E3700,2021,Sewerage,Luxembourg
LU,E3700,2022,Sewerage,Luxembourg
LU,E3700,2023,Sewerage,Luxembourg
LU,E3700,2024,Sewerage,Luxembourg
LU,E3811,2021,Collection of non-hazardous waste,Luxembourg
LU,E3811,2022,Collection of non-hazardous waste,Luxembourg
LU,E3811,2023,Collection of non-hazardous waste,Luxembourg
LU,E3811,2024,Collection of non-hazardous waste,Luxembourg
LU,E3812,2021,Collection of hazardous waste,Luxembourg
LU,E3812,2022,Collection of hazardous waste,Luxembourg
LU,E3812,2023,Collection of hazardous waste,Luxembourg
LU,E3812,2024,Collection of hazardous waste,Luxembourg
LU,E3822,2021,Treatment and disposal of hazardous waste,Luxembourg
LU,E3822,2022,Treatment and disposal of hazardous waste,Luxembourg
LU,E3822,2023,Treatment and disposal of hazardous waste,Luxembourg
LU,E3822,2024,Treatment and disposal of hazardous waste,Luxembourg
LU,E3831,2024,Dismantling of wrecks,Luxembourg
LU,E3832,2021,Recovery of sorted materials,Luxembourg
LU,E3832,2022,Recovery of sorted materials,Luxembourg
LU,E3832,2023,Recovery of sorted materials,Luxembourg
LU,E3832,2024,Recovery of sorted materials,Luxembourg
LU,E3900,2021,Remediation activities and other waste management services,Luxembourg
LU,E3900,2022,Remediation activities and other waste management services,Luxembourg
LU,E3900,2023,Remediation activities and other waste management services,Luxembourg
LU,E3900,2024,Remediation activities and other waste management services,Luxembourg
LU,F4211,2021,Construction of roads and motorways,Luxembourg
LU,F4211,2022,Construction of roads and motorways,Luxembourg
LU,F4211,2023,Construction of roads and motorways,Luxembourg
LU,F4211,2024,Construction of roads and motorways,Luxembourg
LU,F4212,2021,Construction of railways and underground railways,Luxembourg
LU,F4212,2022,Construction of railways and underground railways,Luxembourg
LU,F4212,2023,Construction of railways and underground railways,Luxembourg
LU,F4212,2024,Construction of railways and underground railways,Luxembourg
LU,F4213,2021,Construction of bridges and tunnels,Luxembourg
LU,F4221,2021,Construction of utility projects for fluids,Luxembourg
LU,F4221,2022,Construction of utility projects for fluids,Luxembourg
LU,F4221,2023,Construction of utility projects for fluids,Luxembourg
LU,F4221,2024,Construction of utility projects for fluids,Luxembourg
LU,F4222,2021,Construction of utility projects for electricity and telecommunications,Luxembourg
LU,F4222,2022,Construction of utility projects for electricity and telecommunications,Luxembourg
LU,F4222,2023,Construction of utility projects for electricity and telecommunications,Luxembourg
LU,F4222,2024,Construction of utility projects for electricity and telecommunications,Luxembourg
LU,F4299,2021,Construction of other civil engineering projects n.e.c.,Luxembourg
LU,F4299,2022,Construction of other civil engineering projects n.e.c.,Luxembourg
LU,F4299,2023,Construction of other civil engineering projects n.e.c.,Luxembourg
LU,F4299,2024,Construction of other civil engineering projects n.e.c.,Luxembourg
LU,F4331,2021,Plastering,Luxembourg
LU,F4331,2022,Plastering,Luxembourg
LU,F4331,2023,Plastering,Luxembourg
LU,F4331,2024,Plastering,Luxembourg
LU,F4339,2021,Other building completion and finishing,Luxembourg
LU,F4339,2022,Other building completion and finishing,Luxembourg
LU,F4339,2023,Other building completion and finishing,Luxembourg
LU,F4339,2024,Other building completion and finishing,Luxembourg
LU,G4612,2021,"Agents involved in the sale of fuels, ores, metals and industrial chemicals",Luxembourg
LU,G4612,2022,"Agents involved in the sale of fuels, ores, metals and industrial chemicals",Luxembourg
LU,G4612,2023,"Agents involved in the sale of fuels, ores, metals and industrial chemicals",Luxembourg
LU,G4612,2024,"Agents involved in the sale of fuels, ores, metals and industrial chemicals",Luxembourg
LU,G4613,2024,Agents involved in the sale of timber and building materials,Luxembourg
LU,G4614,2021,"Agents involved in the sale of machinery, industrial equipment, ships and aircraft",Luxembourg
LU,G4614,2022,"Agents involved in the sale of machinery, industrial equipment, ships and aircraft",Luxembourg
LU,G4614,2023,"Agents involved in the sale of machinery, industrial equipment, ships and aircraft",Luxembourg
LU,G4614,2024,"Agents involved in the sale of machinery, industrial equipment, ships and aircraft",Luxembourg
LU,G4615,2021,"Agents involved in the sale of furniture, household goods, hardware and ironmongery",Luxembourg
LU,G4615,2022,"Agents involved in the sale of furniture, household goods, hardware and ironmongery",Luxembourg
LU,G4615,2023,"Agents involved in the sale of furniture, household goods, hardware and ironmongery",Luxembourg
LU,G4615,2024,"Agents involved in the sale of furniture, household goods, hardware and ironmongery",Luxembourg
LU,G4617,2021,"Agents involved in the sale of food, beverages and tobacco",Luxembourg
LU,G4617,2022,"Agents involved in the sale of food, beverages and tobacco",Luxembourg
LU,G4617,2023,"Agents involved in the sale of food, beverages and tobacco",Luxembourg
LU,G4617,2024,"Agents involved in the sale of food, beverages and tobacco",Luxembourg
LU,G4618,2021,Agents specialised in the sale of other particular products,Luxembourg
LU,G4618,2022,Agents specialised in the sale of other particular products,Luxembourg
LU,G4618,2023,Agents specialised in the sale of other particular products,Luxembourg
LU,G4618,2024,Agents specialised in the sale of other particular products,Luxembourg
LU,G4619,2021,Agents involved in the sale of a variety of goods,Luxembourg
LU,G4619,2022,Agents involved in the sale of a variety of goods,Luxembourg
LU,G4619,2023,Agents involved in the sale of a variety of goods,Luxembourg
LU,G4619,2024,Agents involved in the sale of a variety of goods,Luxembourg
LU,G4621,2021,"Wholesale of grain, unmanufactured tobacco, seeds and animal feeds",Luxembourg
LU,G4621,2022,"Wholesale of grain, unmanufactured tobacco, seeds and animal feeds",Luxembourg
LU,G4621,2023,"Wholesale of grain, unmanufactured tobacco, seeds and animal feeds",Luxembourg
LU,G4621,2024,"Wholesale of grain, unmanufactured tobacco, seeds and animal feeds",Luxembourg
LU,G4622,2021,Wholesale of flowers and plants,Luxembourg
LU,G4622,2022,Wholesale of flowers and plants,Luxembourg
LU,G4622,2023,Wholesale of flowers and plants,Luxembourg
LU,G4622,2024,Wholesale of flowers and plants,Luxembourg
LU,G4623,2021,Wholesale of live animals,Luxembourg
LU,G4623,2022,Wholesale of live animals,Luxembourg
LU,G4623,2023,Wholesale of live animals,Luxembourg
LU,G4623,2024,Wholesale of live animals,Luxembourg
LU,G4624,2021,"Wholesale of hides, skins and leather",Luxembourg
LU,G4624,2022,"Wholesale of hides, skins and leather",Luxembourg
LU,G4624,2023,"Wholesale of hides, skins and leather",Luxembourg
LU,G4624,2024,"Wholesale of hides, skins and leather",Luxembourg
LU,G4631,2021,Wholesale of fruit and vegetables,Luxembourg
LU,G4631,2022,Wholesale of fruit and vegetables,Luxembourg
LU,G4631,2023,Wholesale of fruit and vegetables,Luxembourg
LU,G4631,2024,Wholesale of fruit and vegetables,Luxembourg
LU,G4633,2021,"Wholesale of dairy products, eggs and edible oils and fats",Luxembourg
LU,G4633,2022,"Wholesale of dairy products, eggs and edible oils and fats",Luxembourg
LU,G4633,2023,"Wholesale of dairy products, eggs and edible oils and fats",Luxembourg
LU,G4633,2024,"Wholesale of dairy products, eggs and edible oils and fats",Luxembourg
LU,G4635,2022,Wholesale of tobacco products,Luxembourg
LU,G4636,2021,Wholesale of sugar and chocolate and sugar confectionery,Luxembourg
LU,G4636,2022,Wholesale of sugar and chocolate and sugar confectionery,Luxembourg
LU,G4636,2023,Wholesale of sugar and chocolate and sugar confectionery,Luxembourg
LU,G4636,2024,Wholesale of sugar and chocolate and sugar confectionery,Luxembourg
LU,G4638,2021,"Wholesale of other food, including fish, crustaceans and molluscs",Luxembourg
LU,G4638,2022,"Wholesale of other food, including fish, crustaceans and molluscs",Luxembourg
LU,G4638,2023,"Wholesale of other food, including fish, crustaceans and molluscs",Luxembourg
LU,G4638,2024,"Wholesale of other food, including fish, crustaceans and molluscs",Luxembourg
LU,G4639,2021,"Non-specialised wholesale of food, beverages and tobacco",Luxembourg
LU,G4639,2022,"Non-specialised wholesale of food, beverages and tobacco",Luxembourg
LU,G4639,2023,"Non-specialised wholesale of food, beverages and tobacco",Luxembourg
LU,G4639,2024,"Non-specialised wholesale of food, beverages and tobacco",Luxembourg
LU,G4652,2021,Wholesale of electronic and telecommunications equipment and parts,Luxembourg
LU,G4652,2022,Wholesale of electronic and telecommunications equipment and parts,Luxembourg
LU,G4652,2023,Wholesale of electronic and telecommunications equipment and parts,Luxembourg
LU,G4652,2024,Wholesale of electronic and telecommunications equipment and parts,Luxembourg
LU,G4664,2021,Wholesale of machinery for the textile industry and of sewing and knitting machines,Luxembourg
LU,G4664,2022,Wholesale of machinery for the textile industry and of sewing and knitting machines,Luxembourg
LU,G4664,2023,Wholesale of machinery for the textile industry and of sewing and knitting machines,Luxembourg
LU,G4664,2024,Wholesale of machinery for the textile industry and of sewing and knitting machines,Luxembourg
LU,G4676,2021,Wholesale of other intermediate products,Luxembourg
LU,G4676,2022,Wholesale of other intermediate products,Luxembourg
LU,G4676,2023,Wholesale of other intermediate products,Luxembourg
LU,G4676,2024,Wholesale of other intermediate products,Luxembourg
LU,G4677,2021,Wholesale of waste and scrap,Luxembourg
LU,G4677,2022,Wholesale of waste and scrap,Luxembourg
LU,G4677,2023,Wholesale of waste and scrap,Luxembourg
LU,G4677,2024,Wholesale of waste and scrap,Luxembourg
LU,G4721,2021,Retail sale of fruit and vegetables in specialised stores,Luxembourg
LU,G4721,2022,Retail sale of fruit and vegetables in specialised stores,Luxembourg
LU,G4723,2021,"Retail sale of fish, crustaceans and molluscs in specialised stores",Luxembourg
LU,G4723,2022,"Retail sale of fish, crustaceans and molluscs in specialised stores",Luxembourg
LU,G4723,2023,"Retail sale of fish, crustaceans and molluscs in specialised stores",Luxembourg
LU,G4723,2024,"Retail sale of fish, crustaceans and molluscs in specialised stores",Luxembourg
LU,G4729,2021,Other retail sale of food in specialised stores,Luxembourg
LU,G4729,2022,Other retail sale of food in specialised stores,Luxembourg
LU,G4729,2023,Other retail sale of food in specialised stores,Luxembourg
LU,G4729,2024,Other retail sale of food in specialised stores,Luxembourg
LU,G4730,2021,Retail sale of automotive fuel in specialised stores,Luxembourg
LU,G4730,2022,Retail sale of automotive fuel in specialised stores,Luxembourg
LU,G4730,2023,Retail sale of automotive fuel in specialised stores,Luxembourg
LU,G4730,2024,Retail sale of automotive fuel in specialised stores,Luxembourg
LU,G4742,2021,Retail sale of telecommunications equipment in specialised stores,Luxembourg
LU,G4742,2022,Retail sale of telecommunications equipment in specialised stores,Luxembourg
LU,G4742,2023,Retail sale of telecommunications equipment in specialised stores,Luxembourg
LU,G4742,2024,Retail sale of telecommunications equipment in specialised stores,Luxembourg
LU,G4743,2021,Retail sale of audio and video equipment in specialised stores,Luxembourg
LU,G4743,2022,Retail sale of audio and video equipment in specialised stores,Luxembourg
LU,G4743,2023,Retail sale of audio and video equipment in specialised stores,Luxembourg
LU,G4743,2024,Retail sale of audio and video equipment in specialised stores,Luxembourg
LU,G4761,2021,Retail sale of books in specialised stores,Luxembourg
LU,G4761,2022,Retail sale of books in specialised stores,Luxembourg
LU,G4761,2023,Retail sale of books in specialised stores,Luxembourg
LU,G4761,2024,Retail sale of books in specialised stores,Luxembourg
LU,G4762,2021,Retail sale of newspapers and stationery in specialised stores,Luxembourg
LU,G4762,2022,Retail sale of newspapers and stationery in specialised stores,Luxembourg
LU,G4762,2023,Retail sale of newspapers and stationery in specialised stores,Luxembourg
LU,G4762,2024,Retail sale of newspapers and stationery in specialised stores,Luxembourg
LU,G4778,2021,Other retail sale of new goods in specialised stores,Luxembourg
LU,G4778,2022,Other retail sale of new goods in specialised stores,Luxembourg
LU,G4778,2023,Other retail sale of new goods in specialised stores,Luxembourg
LU,G4778,2024,Other retail sale of new goods in specialised stores,Luxembourg
LU,G4791,2021,Retail sale via mail order houses or via Internet,Luxembourg
LU,G4791,2022,Retail sale via mail order houses or via Internet,Luxembourg
LU,G4791,2023,Retail sale via mail order houses or via Internet,Luxembourg
LU,G4791,2024,Retail sale via mail order houses or via Internet,Luxembourg
LU,H4920,2021,Freight rail transport,Luxembourg
LU,H4920,2022,Freight rail transport,Luxembourg
LU,H4920,2023,Freight rail transport,Luxembourg
LU,H4920,2024,Freight rail transport,Luxembourg
LU,H4931,2021,Urban and suburban passenger land transport,Luxembourg
LU,H4932,2021,Taxi operation,Luxembourg
LU,H4932,2022,Taxi operation,Luxembourg
LU,H4932,2023,Taxi operation,Luxembourg
LU,H4932,2024,Taxi operation,Luxembourg
LU,H5030,2021,Inland passenger water transport,Luxembourg
LU,H5030,2022,Inland passenger water transport,Luxembourg
LU,H5030,2023,Inland passenger water transport,Luxembourg
LU,H5030,2024,Inland passenger water transport,Luxembourg
LU,H5110,2021,Passenger air transport,Luxembourg
LU,H5110,2022,Passenger air transport,Luxembourg
LU,H5110,2023,Passenger air transport,Luxembourg
LU,H5110,2024,Passenger air transport,Luxembourg
LU,H5121,2021,Freight air transport,Luxembourg
LU,H5121,2022,Freight air transport,Luxembourg
LU,H5121,2023,Freight air transport,Luxembourg
LU,H5121,2024,Freight air transport,Luxembourg
LU,H5122,2023,Space transport,Luxembourg
LU,H5122,2024,Space transport,Luxembourg
LU,H5210,2021,Warehousing and storage,Luxembourg
LU,H5210,2022,Warehousing and storage,Luxembourg
LU,H5210,2023,Warehousing and storage,Luxembourg
LU,H5210,2024,Warehousing and storage,Luxembourg
LU,H5222,2021,Service activities incidental to water transportation,Luxembourg
LU,H5222,2022,Service activities incidental to water transportation,Luxembourg
LU,H5222,2023,Service activities incidental to water transportation,Luxembourg
LU,H5222,2024,Service activities incidental to water transportation,Luxembourg
LU,H5223,2021,Service activities incidental to air transportation,Luxembourg
LU,H5223,2022,Service activities incidental to air transportation,Luxembourg
LU,H5223,2023,Service activities incidental to air transportation,Luxembourg
LU,H5223,2024,Service activities incidental to air transportation,Luxembourg
LU,H5224,2021,Cargo handling,Luxembourg
LU,H5224,2022,Cargo handling,Luxembourg
LU,H5224,2023,Cargo handling,Luxembourg
LU,H5224,2024,Cargo handling,Luxembourg
LU,H5320,2021,Other postal and courier activities,Luxembourg
LU,H5320,2022,Other postal and courier activities,Luxembourg
LU,H5320,2023,Other postal and courier activities,Luxembourg
LU,H5320,2024,Other postal and courier activities,Luxembourg
LU,I5520,2021,Holiday and other short-stay accommodation,Luxembourg
LU,I5520,2022,Holiday and other short-stay accommodation,Luxembourg
LU,I5520,2023,Holiday and other short-stay accommodation,Luxembourg
LU,I5520,2024,Holiday and other short-stay accommodation,Luxembourg
LU,I5530,2021,"Camping grounds, recreational vehicle parks and trailer parks",Luxembourg
LU,I5530,2022,"Camping grounds, recreational vehicle parks and trailer parks",Luxembourg
LU,I5530,2023,"Camping grounds, recreational vehicle parks and trailer parks",Luxembourg
LU,I5530,2024,"Camping grounds, recreational vehicle parks and trailer parks",Luxembourg
LU,I5590,2021,Other accommodation,Luxembourg
LU,I5590,2022,Other accommodation,Luxembourg
LU,I5590,2023,Other accommodation,Luxembourg
LU,I5590,2024,Other accommodation,Luxembourg
LU,J5812,2021,Publishing of directories and mailing lists,Luxembourg
LU,J5812,2022,Publishing of directories and mailing lists,Luxembourg
LU,J5812,2023,Publishing of directories and mailing lists,Luxembourg
LU,J5812,2024,Publishing of directories and mailing lists,Luxembourg
LU,J5813,2021,Publishing of newspapers,Luxembourg
LU,J5813,2022,Publishing of newspapers,Luxembourg
LU,J5813,2023,Publishing of newspapers,Luxembourg
LU,J5813,2024,Publishing of newspapers,Luxembourg
LU,J5819,2021,Other publishing activities,Luxembourg
LU,J5819,2022,Other publishing activities,Luxembourg
LU,J5821,2021,Publishing of computer games,Luxembourg
LU,J5821,2022,Publishing of computer games,Luxembourg
LU,J5829,2021,Other software publishing,Luxembourg
LU,J5829,2022,Other software publishing,Luxembourg
LU,J5914,2021,Motion picture projection activities,Luxembourg
LU,J5914,2022,Motion picture projection activities,Luxembourg
LU,J5914,2023,Motion picture projection activities,Luxembourg
LU,J5914,2024,Motion picture projection activities,Luxembourg
LU,J6010,2021,Radio broadcasting,Luxembourg
LU,J6010,2022,Radio broadcasting,Luxembourg
LU,J6010,2023,Radio broadcasting,Luxembourg
LU,J6010,2024,Radio broadcasting,Luxembourg
LU,J6020,2021,Television programming and broadcasting activities,Luxembourg
LU,J6020,2022,Television programming and broadcasting activities,Luxembourg
LU,J6020,2023,Television programming and broadcasting activities,Luxembourg
LU,J6020,2024,Television programming and broadcasting activities,Luxembourg
LU,J6110,2021,Wired telecommunications activities,Luxembourg
LU,J6110,2022,Wired telecommunications activities,Luxembourg
LU,J6110,2023,Wired telecommunications activities,Luxembourg
LU,J6110,2024,Wired telecommunications activities,Luxembourg
LU,J6130,2021,Satellite telecommunications activities,Luxembourg
LU,J6130,2022,Satellite telecommunications activities,Luxembourg
LU,J6130,2023,Satellite telecommunications activities,Luxembourg
LU,J6130,2024,Satellite telecommunications activities,Luxembourg
LU,J6209,2021,Other information technology and computer service activities,Luxembourg
LU,J6209,2022,Other information technology and computer service activities,Luxembourg
LU,J6209,2023,Other information technology and computer service activities,Luxembourg
LU,J6209,2024,Other information technology and computer service activities,Luxembourg
LU,J6312,2021,Web portals,Luxembourg
LU,J6312,2022,Web portals,Luxembourg
LU,J6312,2023,Web portals,Luxembourg
LU,J6312,2024,Web portals,Luxembourg
LU,J6391,2021,News agency activities,Luxembourg
LU,J6391,2022,News agency activities,Luxembourg
LU,J6391,2023,News agency activities,Luxembourg
LU,J6391,2024,News agency activities,Luxembourg
LU,J6399,2021,Other information service activities n.e.c.,Luxembourg
LU,J6399,2022,Other information service activities n.e.c.,Luxembourg
LU,J6399,2023,Other information service activities n.e.c.,Luxembourg
LU,J6399,2024,Other information service activities n.e.c.,Luxembourg
LU,K6411,2021,Central banking,Luxembourg
LU,K6411,2022,Central banking,Luxembourg
LU,K6411,2023,Central banking,Luxembourg
LU,K6411,2024,Central banking,Luxembourg
LU,M6910,2021,Legal activities,Luxembourg
LU,M6910,2022,Legal activities,Luxembourg
LU,M6910,2023,Legal activities,Luxembourg
LU,M6910,2024,Legal activities,Luxembourg
LU,M7010,2021,Activities of head offices,Luxembourg
LU,M7010,2022,Activities of head offices,Luxembourg
LU,M7010,2023,Activities of head offices,Luxembourg
LU,M7010,2024,Activities of head offices,Luxembourg
LU,M7211,2021,Research and experimental development on biotechnology,Luxembourg
LU,M7211,2022,Research and experimental development on biotechnology,Luxembourg
LU,M7211,2023,Research and experimental development on biotechnology,Luxembourg
LU,M7211,2024,Research and experimental development on biotechnology,Luxembourg
LU,M7219,2021,Other research and experimental development on natural sciences and engineering,Luxembourg
LU,M7219,2022,Other research and experimental development on natural sciences and engineering,Luxembourg
LU,M7219,2023,Other research and experimental development on natural sciences and engineering,Luxembourg
LU,M7219,2024,Other research and experimental development on natural sciences and engineering,Luxembourg
LU,M7220,2021,Research and experimental development on social sciences and humanities,Luxembourg
LU,M7220,2022,Research and experimental development on social sciences and humanities,Luxembourg
LU,M7220,2023,Research and experimental development on social sciences and humanities,Luxembourg
LU,M7220,2024,Research and experimental development on social sciences and humanities,Luxembourg
LU,M7490,2021,"Other professional, scientific and technical activities n.e.c.",Luxembourg
LU,M7490,2022,"Other professional, scientific and technical activities n.e.c.",Luxembourg
LU,M7490,2023,"Other professional, scientific and technical activities n.e.c.",Luxembourg
LU,M7490,2024,"Other professional, scientific and technical activities n.e.c.",Luxembourg
LU,N7721,2021,Renting and leasing of recreational and sports goods,Luxembourg
LU,N7721,2022,Renting and leasing of recreational and sports goods,Luxembourg
LU,N7721,2023,Renting and leasing of recreational and sports goods,Luxembourg
LU,N7721,2024,Renting and leasing of recreational and sports goods,Luxembourg
LU,N7722,2021,Renting of video tapes and disks,Luxembourg
LU,N7722,2022,Renting of video tapes and disks,Luxembourg
LU,N7722,2023,Renting of video tapes and disks,Luxembourg
LU,N7722,2024,Renting of video tapes and disks,Luxembourg
LU,N7731,2021,Renting and leasing of agricultural machinery and equipment,Luxembourg
LU,N7731,2022,Renting and leasing of agricultural machinery and equipment,Luxembourg
LU,N7731,2023,Renting and leasing of agricultural machinery and equipment,Luxembourg
LU,N7731,2024,Renting and leasing of agricultural machinery and equipment,Luxembourg
LU,N7732,2021,Renting and leasing of construction and civil engineering machinery and equipment,Luxembourg
LU,N7732,2022,Renting and leasing of construction and civil engineering machinery and equipment,Luxembourg
LU,N7732,2023,Renting and leasing of construction and civil engineering machinery and equipment,Luxembourg
LU,N7732,2024,Renting and leasing of construction and civil engineering machinery and equipment,Luxembourg
LU,N7733,2021,Renting and leasing of office machinery and equipment (including computers),Luxembourg
LU,N7733,2022,Renting and leasing of office machinery and equipment (including computers),Luxembourg
LU,N7733,2023,Renting and leasing of office machinery and equipment (including computers),Luxembourg
LU,N7733,2024,Renting and leasing of office machinery and equipment (including computers),Luxembourg
LU,N7734,2021,Renting and leasing of water transport equipment,Luxembourg
LU,N7734,2022,Renting and leasing of water transport equipment,Luxembourg
LU,N7734,2023,Renting and leasing of water transport equipment,Luxembourg
LU,N7734,2024,Renting and leasing of water transport equipment,Luxembourg
LU,N7810,2021,Activities of employment placement agencies,Luxembourg
LU,N7810,2022,Activities of employment placement agencies,Luxembourg
LU,N7830,2021,Other human resources provision,Luxembourg
LU,N7830,2022,Other human resources provision,Luxembourg
LU,N7990,2021,Other reservation service and related activities,Luxembourg
LU,N7990,2022,Other reservation service and related activities,Luxembourg
LU,N7990,2023,Other reservation service and related activities,Luxembourg
LU,N7990,2024,Other reservation service and related activities,Luxembourg
LU,N8010,2021,Private security activities,Luxembourg
LU,N8010,2022,Private security activities,Luxembourg
LU,N8010,2023,Private security activities,Luxembourg
LU,N8010,2024,Private security activities,Luxembourg
LU,N8030,2021,Investigation activities,Luxembourg
LU,N8030,2022,Investigation activities,Luxembourg
LU,N8030,2023,Investigation activities,Luxembourg
LU,N8030,2024,Investigation activities,Luxembourg
LU,N8220,2021,Activities of call centres,Luxembourg
LU,N8220,2022,Activities of call centres,Luxembourg
LU,N8220,2023,Activities of call centres,Luxembourg
LU,N8220,2024,Activities of call centres,Luxembourg
LU,N8291,2021,Activities of collection agencies and credit bureaus,Luxembourg
LU,N8291,2022,Activities of collection agencies and credit bureaus,Luxembourg
LU,N8291,2023,Activities of collection agencies and credit bureaus,Luxembourg
LU,N8291,2024,Activities of collection agencies and credit bureaus,Luxembourg
LU,N8292,2021,Packaging activities,Luxembourg
LU,N8292,2022,Packaging activities,Luxembourg
LU,N8292,2023,Packaging activities,Luxembourg
LU,N8292,2024,Packaging activities,Luxembourg
LU,N8299,2021,Other business support service activities n.e.c.,Luxembourg
LU,N8299,2022,Other business support service activities n.e.c.,Luxembourg
LU,N8299,2023,Other business support service activities n.e.c.,Luxembourg
LU,N8299,2024,Other business support service activities n.e.c.,Luxembourg
LU,P8510,2021,Pre-primary education,Luxembourg
LU,P8510,2022,Pre-primary education,Luxembourg
LU,P8510,2023,Pre-primary education,Luxembourg
LU,P8510,2024,Pre-primary education,Luxembourg
LU,P8531,2021,General secondary education,Luxembourg
LU,P8531,2022,General secondary education,Luxembourg
LU,P8531,2023,General secondary education,Luxembourg
LU,P8531,2024,General secondary education,Luxembourg
LU,P8532,2021,Technical and vocational secondary education,Luxembourg
LU,P8532,2022,Technical and vocational secondary education,Luxembourg
LU,P8532,2023,Technical and vocational secondary education,Luxembourg
LU,P8532,2024,Technical and vocational secondary education,Luxembourg
LU,P8542,2021,Tertiary education,Luxembourg
LU,P8542,2022,Tertiary education,Luxembourg
LU,P8542,2023,Tertiary education,Luxembourg
LU,P8542,2024,Tertiary education,Luxembourg
LU,P8560,2021,Educational support activities,Luxembourg
LU,P8560,2022,Educational support activities,Luxembourg
LU,P8560,2023,Educational support activities,Luxembourg
LU,P8560,2024,Educational support activities,Luxembourg
LU,Q8720,2021,"Residential care activities for mental retardation, mental health and substance abuse",Luxembourg
LU,Q8720,2022,"Residential care activities for mental retardation, mental health and substance abuse",Luxembourg
LU,Q8720,2023,"Residential care activities for mental retardation, mental health and substance abuse",Luxembourg
LU,Q8720,2024,"Residential care activities for mental retardation, mental health and substance abuse",Luxembourg
LU,Q8730,2021,Residential care activities for the elderly and disabled,Luxembourg
LU,Q8730,2022,Residential care activities for the elderly and disabled,Luxembourg
LU,Q8730,2023,Residential care activities for the elderly and disabled,Luxembourg
LU,Q8730,2024,Residential care activities for the elderly and disabled,Luxembourg
LU,Q8790,2021,Other residential care activities,Luxembourg
LU,Q8790,2022,Other residential care activities,Luxembourg
LU,Q8790,2023,Other residential care activities,Luxembourg
LU,Q8790,2024,Other residential care activities,Luxembourg
LU,R9003,2021,Artistic creation,Luxembourg
LU,R9003,2022,Artistic creation,Luxembourg
LU,R9003,2023,Artistic creation,Luxembourg
LU,R9003,2024,Artistic creation,Luxembourg
LU,R9004,2021,Operation of arts facilities,Luxembourg
LU,R9004,2022,Operation of arts facilities,Luxembourg
LU,R9004,2023,Operation of arts facilities,Luxembourg
LU,R9004,2024,Operation of arts facilities,Luxembourg
LU,R9101,2021,Library and archives activities,Luxembourg
LU,R9101,2022,Library and archives activities,Luxembourg
LU,R9101,2023,Library and archives activities,Luxembourg
LU,R9101,2024,Library and archives activities,Luxembourg
LU,R9102,2022,Museums activities,Luxembourg
LU,R9102,2023,Museums activities,Luxembourg
LU,R9102,2024,Museums activities,Luxembourg
LU,R9103,2021,Operation of historical sites and buildings and similar visitor attractions,Luxembourg
LU,R9103,2022,Operation of historical sites and buildings and similar visitor attractions,Luxembourg
LU,R9103,2023,Operation of historical sites and buildings and similar visitor attractions,Luxembourg
LU,R9103,2024,Operation of historical sites and buildings and similar visitor attractions,Luxembourg
LU,R9200,2021,Gambling and betting activities,Luxembourg
LU,R9200,2022,Gambling and betting activities,Luxembourg
LU,R9200,2023,Gambling and betting activities,Luxembourg
LU,R9200,2024,Gambling and betting activities,Luxembourg
LU,R9312,2024,Activities of sport clubs,Luxembourg
LU,R9319,2024,Other sports activities,Luxembourg
LU,R9329,2021,Other amusement and recreation activities,Luxembourg
LU,R9329,2022,Other amusement and recreation activities,Luxembourg
LU,R9329,2023,Other amusement and recreation activities,Luxembourg
LU,R9329,2024,Other amusement and recreation activities,Luxembourg
LU,S9512,2021,Repair of communication equipment,Luxembourg
LU,S9512,2022,Repair of communication equipment,Luxembourg
LU,S9512,2023,Repair of communication equipment,Luxembourg
LU,S9512,2024,Repair of communication equipment,Luxembourg
LU,S9521,2021,Repair of consumer electronics,Luxembourg
LU,S9521,2022,Repair of consumer electronics,Luxembourg
LU,S9522,2021,Repair of household appliances and home and garden equipment,Luxembourg
LU,S9522,2022,Repair of household appliances and home and garden equipment,Luxembourg
LU,S9522,2023,Repair of household appliances and home and garden equipment,Luxembourg
LU,S9522,2024,Repair of household appliances and home and garden equipment,Luxembourg
LU,S9525,2021,"Repair of watches, clocks and jewellery",Luxembourg
LU,S9525,2022,"Repair of watches, clocks and jewellery",Luxembourg
LU,S9525,2023,"Repair of watches, clocks and jewellery",Luxembourg
LU,S9525,2024,"Repair of watches, clocks and jewellery",Luxembourg
LV,B0610,2021,Extraction of crude petroleum,Latvia
LV,B0610,2022,Extraction of crude petroleum,Latvia
LV,B0610,2023,Extraction of crude petroleum,Latvia
LV,B0610,2024,Extraction of crude petroleum,Latvia
LV,B0620,2024,Extraction of natural gas,Latvia
LV,B0811,2023,"Quarrying of ornamental and building stone, limestone, gypsum, chalk and slate",Latvia
LV,B0812,2023,"""Operation of gravel and sand pits; mining of clays and kaolin""",Latvia
LV,B0891,2021,Mining of chemical and fertiliser minerals,Latvia
LV,B0892,2021,Extraction of peat,Latvia
LV,B0892,2022,Extraction of peat,Latvia
LV,B0892,2023,Extraction of peat,Latvia
LV,B0892,2024,Extraction of peat,Latvia
LV,B0899,2021,Other mining and quarrying n.e.c.,Latvia
LV,B0899,2022,Other mining and quarrying n.e.c.,Latvia
LV,B0899,2023,Other mining and quarrying n.e.c.,Latvia
LV,B0899,2024,Other mining and quarrying n.e.c.,Latvia
LV,B0910,2024,Support activities for petroleum and natural gas extraction,Latvia
LV,B0990,2021,Support activities for other mining and quarrying,Latvia
LV,B0990,2022,Support activities for other mining and quarrying,Latvia
LV,B0990,2023,Support activities for other mining and quarrying,Latvia
LV,B0990,2024,Support activities for other mining and quarrying,Latvia
LV,C1012,2021,Processing and preserving of poultry meat,Latvia
LV,C1012,2022,Processing and preserving of poultry meat,Latvia
LV,C1012,2023,Processing and preserving of poultry meat,Latvia
LV,C1012,2024,Processing and preserving of poultry meat,Latvia
LV,C1013,2021,Production of meat and poultry meat products,Latvia
LV,C1013,2022,Production of meat and poultry meat products,Latvia
LV,C1013,2023,Production of meat and poultry meat products,Latvia
LV,C1013,2024,Production of meat and poultry meat products,Latvia
LV,C1031,2021,Processing and preserving of potatoes,Latvia
LV,C1031,2022,Processing and preserving of potatoes,Latvia
LV,C1031,2023,Processing and preserving of potatoes,Latvia
LV,C1031,2024,Processing and preserving of potatoes,Latvia
LV,C1039,2021,Other processing and preserving of fruit and vegetables,Latvia
LV,C1039,2022,Other processing and preserving of fruit and vegetables,Latvia
LV,C1039,2023,Other processing and preserving of fruit and vegetables,Latvia
LV,C1039,2024,Other processing and preserving of fruit and vegetables,Latvia
LV,C1041,2021,Manufacture of oils and fats,Latvia
LV,C1041,2022,Manufacture of oils and fats,Latvia
LV,C1041,2023,Manufacture of oils and fats,Latvia
LV,C1041,2024,Manufacture of oils and fats,Latvia
LV,C1042,2021,Manufacture of margarine and similar edible fats,Latvia
LV,C1042,2022,Manufacture of margarine and similar edible fats,Latvia
LV,C1042,2023,Manufacture of margarine and similar edible fats,Latvia
LV,C1042,2024,Manufacture of margarine and similar edible fats,Latvia
LV,C1061,2021,Manufacture of grain mill products,Latvia
LV,C1061,2022,Manufacture of grain mill products,Latvia
LV,C1061,2023,Manufacture of grain mill products,Latvia
LV,C1061,2024,Manufacture of grain mill products,Latvia
LV,C1062,2021,Manufacture of starches and starch products,Latvia
LV,C1062,2022,Manufacture of starches and starch products,Latvia
LV,C1062,2023,Manufacture of starches and starch products,Latvia
LV,C1062,2024,Manufacture of starches and starch products,Latvia
LV,C1071,2021,Manufacture of bread; manufacture of fresh pastry goods and cakes,Latvia
LV,C1072,2021,Manufacture of rusks and biscuits; manufacture of preserved pastry goods and cakes,Latvia
LV,C1072,2022,Manufacture of rusks and biscuits; manufacture of preserved pastry goods and cakes,Latvia
LV,C1072,2023,Manufacture of rusks and biscuits; manufacture of preserved pastry goods and cakes,Latvia
LV,C1072,2024,Manufacture of rusks and biscuits; manufacture of preserved pastry goods and cakes,Latvia
LV,C1073,2021,"Manufacture of macaroni, noodles, couscous and similar farinaceous products",Latvia
LV,C1073,2022,"Manufacture of macaroni, noodles, couscous and similar farinaceous products",Latvia
LV,C1073,2023,"Manufacture of macaroni, noodles, couscous and similar farinaceous products",Latvia
LV,C1073,2024,"Manufacture of macaroni, noodles, couscous and similar farinaceous products",Latvia
LV,C1081,2021,Manufacture of sugar,Latvia
LV,C1084,2021,Manufacture of condiments and seasonings,Latvia
LV,C1084,2022,Manufacture of condiments and seasonings,Latvia
LV,C1084,2023,Manufacture of condiments and seasonings,Latvia
LV,C1084,2024,Manufacture of condiments and seasonings,Latvia
LV,C1086,2021,Manufacture of homogenised food preparations and dietetic food,Latvia
LV,C1086,2022,Manufacture of homogenised food preparations and dietetic food,Latvia
LV,C1086,2023,Manufacture of homogenised food preparations and dietetic food,Latvia
LV,C1086,2024,Manufacture of homogenised food preparations and dietetic food,Latvia
LV,C1101,2021,"Distilling, rectifying and blending of spirits",Latvia
LV,C1101,2022,"Distilling, rectifying and blending of spirits",Latvia
LV,C1101,2023,"Distilling, rectifying and blending of spirits",Latvia
LV,C1101,2024,"Distilling, rectifying and blending of spirits",Latvia
LV,C1104,2021,Manufacture of other non-distilled fermented beverages,Latvia
LV,C1104,2022,Manufacture of other non-distilled fermented beverages,Latvia
LV,C1104,2023,Manufacture of other non-distilled fermented beverages,Latvia
LV,C1104,2024,Manufacture of other non-distilled fermented beverages,Latvia
LV,C1106,2021,Manufacture of malt,Latvia
LV,C1106,2022,Manufacture of malt,Latvia
LV,C1106,2023,Manufacture of malt,Latvia
LV,C1106,2024,Manufacture of malt,Latvia
LV,C1107,2021,Manufacture of soft drinks; production of mineral waters and other bottled waters,Latvia
LV,C1107,2022,Manufacture of soft drinks; production of mineral waters and other bottled waters,Latvia
LV,C1107,2023,Manufacture of soft drinks; production of mineral waters and other bottled waters,Latvia
LV,C1107,2024,Manufacture of soft drinks; production of mineral waters and other bottled waters,Latvia
LV,C1200,2021,Manufacture of tobacco products,Latvia
LV,C1200,2022,Manufacture of tobacco products,Latvia
LV,C1200,2023,Manufacture of tobacco products,Latvia
LV,C1200,2024,Manufacture of tobacco products,Latvia
LV,C1310,2023,Preparation and spinning of textile fibres,Latvia
LV,C1310,2024,Preparation and spinning of textile fibres,Latvia
LV,C1320,2021,Weaving of textiles,Latvia
LV,C1320,2022,Weaving of textiles,Latvia
LV,C1320,2023,Weaving of textiles,Latvia
LV,C1391,2021,Manufacture of knitted and crocheted fabrics,Latvia
LV,C1391,2022,Manufacture of knitted and crocheted fabrics,Latvia
LV,C1391,2023,Manufacture of knitted and crocheted fabrics,Latvia
LV,C1391,2024,Manufacture of knitted and crocheted fabrics,Latvia
LV,C1393,2021,Manufacture of carpets and rugs,Latvia
LV,C1393,2022,Manufacture of carpets and rugs,Latvia
LV,C1393,2023,Manufacture of carpets and rugs,Latvia
LV,C1393,2024,Manufacture of carpets and rugs,Latvia
LV,C1394,2022,"Manufacture of cordage, rope, twine and netting",Latvia
LV,C1394,2023,"Manufacture of cordage, rope, twine and netting",Latvia
LV,C1394,2024,"Manufacture of cordage, rope, twine and netting",Latvia
LV,C1395,2021,"Manufacture of non-wovens and articles made from non-wovens, except apparel",Latvia
LV,C1395,2022,"Manufacture of non-wovens and articles made from non-wovens, except apparel",Latvia
LV,C1395,2023,"Manufacture of non-wovens and articles made from non-wovens, except apparel",Latvia
LV,C1395,2024,"Manufacture of non-wovens and articles made from non-wovens, except apparel",Latvia
LV,C1622,2021,Manufacture of assembled parquet floors,Latvia
LV,C1622,2022,Manufacture of assembled parquet floors,Latvia
LV,C1622,2023,Manufacture of assembled parquet floors,Latvia
LV,C1622,2024,Manufacture of assembled parquet floors,Latvia
LV,C1624,2021,Manufacture of wooden containers,Latvia
LV,C1624,2022,Manufacture of wooden containers,Latvia
LV,C1624,2023,Manufacture of wooden containers,Latvia
LV,C1624,2024,Manufacture of wooden containers,Latvia
LV,C1711,2021,Manufacture of pulp,Latvia
LV,C1711,2022,Manufacture of pulp,Latvia
LV,C1711,2023,Manufacture of pulp,Latvia
LV,C1711,2024,Manufacture of pulp,Latvia
LV,C1712,2021,Manufacture of paper and paperboard,Latvia
LV,C1712,2022,Manufacture of paper and paperboard,Latvia
LV,C1712,2023,Manufacture of paper and paperboard,Latvia
LV,C1712,2024,Manufacture of paper and paperboard,Latvia
LV,C1722,2022,Manufacture of household and sanitary goods and of toilet requisites,Latvia
LV,C1722,2023,Manufacture of household and sanitary goods and of toilet requisites,Latvia
LV,C1722,2024,Manufacture of household and sanitary goods and of toilet requisites,Latvia
LV,C1723,2021,Manufacture of paper stationery,Latvia
LV,C1724,2021,Manufacture of wallpaper,Latvia
LV,C1724,2022,Manufacture of wallpaper,Latvia
LV,C1724,2023,Manufacture of wallpaper,Latvia
LV,C1724,2024,Manufacture of wallpaper,Latvia
LV,C1729,2023,Manufacture of other articles of paper and paperboard,Latvia
LV,C1729,2024,Manufacture of other articles of paper and paperboard,Latvia
LV,C1811,2021,Printing of newspapers,Latvia
LV,C1811,2022,Printing of newspapers,Latvia
LV,C1811,2023,Printing of newspapers,Latvia
LV,C1811,2024,Printing of newspapers,Latvia
LV,C1813,2024,Pre-press and pre-media services,Latvia
LV,C1814,2022,Binding and related services,Latvia
LV,C1814,2023,Binding and related services,Latvia
LV,C1820,2021,Reproduction of recorded media,Latvia
LV,C1910,2021,Manufacture of coke oven products,Latvia
LV,C1910,2022,Manufacture of coke oven products,Latvia
LV,C1910,2023,Manufacture of coke oven products,Latvia
LV,C1910,2024,Manufacture of coke oven products,Latvia
LV,C1920,2021,Manufacture of refined petroleum products,Latvia
LV,C1920,2022,Manufacture of refined petroleum products,Latvia
LV,C1920,2023,Manufacture of refined petroleum products,Latvia
LV,C1920,2024,Manufacture of refined petroleum products,Latvia
LV,C2011,2021,Manufacture of industrial gases,Latvia
LV,C2011,2022,Manufacture of industrial gases,Latvia
LV,C2011,2023,Manufacture of industrial gases,Latvia
LV,C2011,2024,Manufacture of industrial gases,Latvia
LV,C2013,2021,Manufacture of other inorganic basic chemicals,Latvia
LV,C2013,2022,Manufacture of other inorganic basic chemicals,Latvia
LV,C2013,2023,Manufacture of other inorganic basic chemicals,Latvia
LV,C2013,2024,Manufacture of other inorganic basic chemicals,Latvia
LV,C2014,2023,Manufacture of other organic basic chemicals,Latvia
LV,C2014,2024,Manufacture of other organic basic chemicals,Latvia
LV,C2016,2021,Manufacture of plastics in primary forms,Latvia
LV,C2016,2022,Manufacture of plastics in primary forms,Latvia
LV,C2016,2024,Manufacture of plastics in primary forms,Latvia
LV,C2030,2023,"Manufacture of paints, varnishes and similar coatings, printing ink and mastics",Latvia
LV,C2030,2024,"Manufacture of paints, varnishes and similar coatings, printing ink and mastics",Latvia
LV,C2041,2021,"Manufacture of soap and detergents, cleaning and polishing preparations",Latvia
LV,C2051,2021,Manufacture of explosives,Latvia
LV,C2051,2022,Manufacture of explosives,Latvia
LV,C2051,2023,Manufacture of explosives,Latvia
LV,C2051,2024,Manufacture of explosives,Latvia
LV,C2052,2021,Manufacture of glues,Latvia
LV,C2052,2022,Manufacture of glues,Latvia
LV,C2052,2023,Manufacture of glues,Latvia
LV,C2052,2024,Manufacture of glues,Latvia
LV,C2053,2021,Manufacture of essential oils,Latvia
LV,C2053,2022,Manufacture of essential oils,Latvia
LV,C2053,2023,Manufacture of essential oils,Latvia
LV,C2053,2024,Manufacture of essential oils,Latvia
LV,C2059,2021,Manufacture of other chemical products n.e.c.,Latvia
LV,C2059,2022,Manufacture of other chemical products n.e.c.,Latvia
LV,C2059,2023,Manufacture of other chemical products n.e.c.,Latvia
LV,C2059,2024,Manufacture of other chemical products n.e.c.,Latvia
LV,C2060,2021,Manufacture of man-made fibres,Latvia
LV,C2060,2022,Manufacture of man-made fibres,Latvia
LV,C2060,2023,Manufacture of man-made fibres,Latvia
LV,C2060,2024,Manufacture of man-made fibres,Latvia
LV,C2110,2021,Manufacture of basic pharmaceutical products,Latvia
LV,C2110,2022,Manufacture of basic pharmaceutical products,Latvia
LV,C2110,2023,Manufacture of basic pharmaceutical products,Latvia
LV,C2110,2024,Manufacture of basic pharmaceutical products,Latvia
LV,C2120,2021,Manufacture of pharmaceutical preparations,Latvia
LV,C2120,2022,Manufacture of pharmaceutical preparations,Latvia
LV,C2120,2023,Manufacture of pharmaceutical preparations,Latvia
LV,C2120,2024,Manufacture of pharmaceutical preparations,Latvia
LV,C2211,2021,"""Manufacture of rubber tyres and tubes; retreading and rebuilding of rubber tyres""",Latvia
LV,C2211,2022,"""Manufacture of rubber tyres and tubes; retreading and rebuilding of rubber tyres""",Latvia
LV,C2211,2023,"""Manufacture of rubber tyres and tubes; retreading and rebuilding of rubber tyres""",Latvia
LV,C2211,2024,"""Manufacture of rubber tyres and tubes; retreading and rebuilding of rubber tyres""",Latvia
LV,C2219,2021,Manufacture of other rubber products,Latvia
LV,C2219,2022,Manufacture of other rubber products,Latvia
LV,C2219,2023,Manufacture of other rubber products,Latvia
LV,C2219,2024,Manufacture of other rubber products,Latvia
LV,C2311,2021,Manufacture of flat glass,Latvia
LV,C2311,2022,Manufacture of flat glass,Latvia
LV,C2311,2023,Manufacture of flat glass,Latvia
LV,C2313,2021,Manufacture of hollow glass,Latvia
LV,C2313,2022,Manufacture of hollow glass,Latvia
LV,C2313,2023,Manufacture of hollow glass,Latvia
LV,C2313,2024,Manufacture of hollow glass,Latvia
LV,C2314,2021,Manufacture of glass fibres,Latvia
LV,C2314,2022,Manufacture of glass fibres,Latvia
LV,C2314,2024,Manufacture of glass fibres,Latvia
LV,C2320,2021,Manufacture of refractory products,Latvia
LV,C2320,2022,Manufacture of refractory products,Latvia
LV,C2320,2023,Manufacture of refractory products,Latvia
LV,C2320,2024,Manufacture of refractory products,Latvia
LV,C2331,2021,Manufacture of ceramic tiles and flags,Latvia
LV,C2331,2022,Manufacture of ceramic tiles and flags,Latvia
LV,C2331,2023,Manufacture of ceramic tiles and flags,Latvia
LV,C2331,2024,Manufacture of ceramic tiles and flags,Latvia
LV,C2332,2021,"Manufacture of bricks, tiles and construction products, in baked clay",Latvia
LV,C2332,2022,"Manufacture of bricks, tiles and construction products, in baked clay",Latvia
LV,C2332,2023,"Manufacture of bricks, tiles and construction products, in baked clay",Latvia
LV,C2332,2024,"Manufacture of bricks, tiles and construction products, in baked clay",Latvia
LV,C2341,2024,Manufacture of ceramic household and ornamental articles,Latvia
LV,C2342,2024,Manufacture of ceramic sanitary fixtures,Latvia
LV,C2351,2021,Manufacture of cement,Latvia
LV,C2351,2022,Manufacture of cement,Latvia
LV,C2351,2023,Manufacture of cement,Latvia
LV,C2351,2024,Manufacture of cement,Latvia
LV,C2352,2021,Manufacture of lime and plaster,Latvia
LV,C2352,2022,Manufacture of lime and plaster,Latvia
LV,C2352,2023,Manufacture of lime and plaster,Latvia
LV,C2352,2024,Manufacture of lime and plaster,Latvia
LV,C2362,2021,Manufacture of plaster products for construction purposes,Latvia
LV,C2362,2022,Manufacture of plaster products for construction purposes,Latvia
LV,C2362,2023,Manufacture of plaster products for construction purposes,Latvia
LV,C2362,2024,Manufacture of plaster products for construction purposes,Latvia
LV,C2363,2021,Manufacture of ready-mixed concrete,Latvia
LV,C2363,2022,Manufacture of ready-mixed concrete,Latvia
LV,C2363,2023,Manufacture of ready-mixed concrete,Latvia
LV,C2363,2024,Manufacture of ready-mixed concrete,Latvia
LV,C2364,2021,Manufacture of mortars,Latvia
LV,C2364,2022,Manufacture of mortars,Latvia
LV,C2364,2023,Manufacture of mortars,Latvia
LV,C2364,2024,Manufacture of mortars,Latvia
LV,C2365,2021,Manufacture of fibre cement,Latvia
LV,C2365,2022,Manufacture of fibre cement,Latvia
LV,C2365,2023,Manufacture of fibre cement,Latvia
LV,C2365,2024,Manufacture of fibre cement,Latvia
LV,C2391,2021,Production of abrasive products,Latvia
LV,C2391,2022,Production of abrasive products,Latvia
LV,C2391,2023,Production of abrasive products,Latvia
LV,C2391,2024,Production of abrasive products,Latvia
LV,C2399,2021,Manufacture of other non-metallic mineral products n.e.c.,Latvia
LV,C2399,2022,Manufacture of other non-metallic mineral products n.e.c.,Latvia
LV,C2399,2023,Manufacture of other non-metallic mineral products n.e.c.,Latvia
LV,C2399,2024,Manufacture of other non-metallic mineral products n.e.c.,Latvia
LV,C2410,2021,Manufacture of basic iron and steel and of ferro-alloys,Latvia
LV,C2410,2022,Manufacture of basic iron and steel and of ferro-alloys,Latvia
LV,C2410,2023,Manufacture of basic iron and steel and of ferro-alloys,Latvia
LV,C2410,2024,Manufacture of basic iron and steel and of ferro-alloys,Latvia
LV,C2420,2023,"Manufacture of tubes, pipes, hollow profiles and related fittings, of steel",Latvia
LV,C2420,2024,"Manufacture of tubes, pipes, hollow profiles and related fittings, of steel",Latvia
LV,C2433,2023,Cold forming or folding,Latvia
LV,C2433,2024,Cold forming or folding,Latvia
LV,C2441,2021,Precious metals production,Latvia
LV,C2441,2022,Precious metals production,Latvia
LV,C2441,2023,Precious metals production,Latvia
LV,C2441,2024,Precious metals production,Latvia
LV,C2442,2021,Aluminium production,Latvia
LV,C2442,2022,Aluminium production,Latvia
LV,C2442,2023,Aluminium production,Latvia
LV,C2442,2024,Aluminium production,Latvia
LV,C2443,2024,"Lead, zinc and tin production",Latvia
LV,C2444,2021,Copper production,Latvia
LV,C2444,2022,Copper production,Latvia
LV,C2444,2023,Copper production,Latvia
LV,C2444,2024,Copper production,Latvia
LV,C2445,2021,Other non-ferrous metal production,Latvia
LV,C2445,2022,Other non-ferrous metal production,Latvia
LV,C2445,2023,Other non-ferrous metal production,Latvia
LV,C2445,2024,Other non-ferrous metal production,Latvia
LV,C2451,2021,Casting of iron,Latvia
LV,C2451,2022,Casting of iron,Latvia
LV,C2451,2023,Casting of iron,Latvia
LV,C2451,2024,Casting of iron,Latvia
LV,C2453,2021,Casting of light metals,Latvia
LV,C2453,2023,Casting of light metals,Latvia
LV,C2453,2024,Casting of light metals,Latvia
LV,C2454,2021,Casting of other non-ferrous metals,Latvia
LV,C2454,2022,Casting of other non-ferrous metals,Latvia
LV,C2454,2023,Casting of other non-ferrous metals,Latvia
LV,C2540,2021,Manufacture of weapons and ammunition,Latvia
LV,C2540,2022,Manufacture of weapons and ammunition,Latvia
LV,C2540,2023,Manufacture of weapons and ammunition,Latvia
LV,C2540,2024,Manufacture of weapons and ammunition,Latvia
LV,C2550,2023,"Forging, pressing, stamping and roll-forming of metal; powder metallurgy",Latvia
LV,C2550,2024,"Forging, pressing, stamping and roll-forming of metal; powder metallurgy",Latvia
LV,C2571,2021,Manufacture of cutlery,Latvia
LV,C2571,2022,Manufacture of cutlery,Latvia
LV,C2571,2023,Manufacture of cutlery,Latvia
LV,C2571,2024,Manufacture of cutlery,Latvia
LV,C2573,2021,Manufacture of tools,Latvia
LV,C2573,2023,Manufacture of tools,Latvia
LV,C2573,2024,Manufacture of tools,Latvia
LV,C2591,2021,Manufacture of steel drums and similar containers,Latvia
LV,C2591,2022,Manufacture of steel drums and similar containers,Latvia
LV,C2591,2023,Manufacture of steel drums and similar containers,Latvia
LV,C2591,2024,Manufacture of steel drums and similar containers,Latvia
LV,C2592,2022,Manufacture of light metal packaging,Latvia
LV,C2592,2023,Manufacture of light metal packaging,Latvia
LV,C2592,2024,Manufacture of light metal packaging,Latvia
LV,C2594,2021,Manufacture of fasteners and screw machine products,Latvia
LV,C2594,2022,Manufacture of fasteners and screw machine products,Latvia
LV,C2594,2023,Manufacture of fasteners and screw machine products,Latvia
LV,C2594,2024,Manufacture of fasteners and screw machine products,Latvia
LV,C2611,2023,Manufacture of electronic components,Latvia
LV,C2611,2024,Manufacture of electronic components,Latvia
LV,C2612,2023,Manufacture of loaded electronic boards,Latvia
LV,C2612,2024,Manufacture of loaded electronic boards,Latvia
LV,C2630,2021,Manufacture of communication equipment,Latvia
LV,C2630,2022,Manufacture of communication equipment,Latvia
LV,C2630,2023,Manufacture of communication equipment,Latvia
LV,C2630,2024,Manufacture of communication equipment,Latvia
LV,C2640,2021,Manufacture of consumer electronics,Latvia
LV,C2640,2022,Manufacture of consumer electronics,Latvia
LV,C2640,2023,Manufacture of consumer electronics,Latvia
LV,C2640,2024,Manufacture of consumer electronics,Latvia
LV,C2651,2022,"Manufacture of instruments and appliances for measuring, testing and navigation",Latvia
LV,C2651,2023,"Manufacture of instruments and appliances for measuring, testing and navigation",Latvia
LV,C2651,2024,"Manufacture of instruments and appliances for measuring, testing and navigation",Latvia
LV,C2652,2022,Manufacture of watches and clocks,Latvia
LV,C2652,2023,Manufacture of watches and clocks,Latvia
LV,C2652,2024,Manufacture of watches and clocks,Latvia
LV,C2660,2021,"Manufacture of irradiation, electromedical and electrotherapeutic equipment",Latvia
LV,C2660,2023,"Manufacture of irradiation, electromedical and electrotherapeutic equipment",Latvia
LV,C2660,2024,"Manufacture of irradiation, electromedical and electrotherapeutic equipment",Latvia
LV,C2670,2021,Manufacture of optical instruments and photographic equipment,Latvia
LV,C2670,2022,Manufacture of optical instruments and photographic equipment,Latvia
LV,C2670,2023,Manufacture of optical instruments and photographic equipment,Latvia
LV,C2670,2024,Manufacture of optical instruments and photographic equipment,Latvia
LV,C2720,2021,Manufacture of batteries and accumulators,Latvia
LV,C2720,2022,Manufacture of batteries and accumulators,Latvia
LV,C2720,2023,Manufacture of batteries and accumulators,Latvia
LV,C2720,2024,Manufacture of batteries and accumulators,Latvia
LV,C2731,2021,Manufacture of fibre optic cables,Latvia
LV,C2731,2022,Manufacture of fibre optic cables,Latvia
LV,C2731,2023,Manufacture of fibre optic cables,Latvia
LV,C2731,2024,Manufacture of fibre optic cables,Latvia
LV,C2732,2021,Manufacture of other electronic and electric wires and cables,Latvia
LV,C2732,2022,Manufacture of other electronic and electric wires and cables,Latvia
LV,C2732,2023,Manufacture of other electronic and electric wires and cables,Latvia
LV,C2732,2024,Manufacture of other electronic and electric wires and cables,Latvia
LV,C2733,2021,Manufacture of wiring devices,Latvia
LV,C2733,2022,Manufacture of wiring devices,Latvia
LV,C2733,2023,Manufacture of wiring devices,Latvia
LV,C2733,2024,Manufacture of wiring devices,Latvia
LV,C2751,2021,Manufacture of electric domestic appliances,Latvia
LV,C2751,2022,Manufacture of electric domestic appliances,Latvia
LV,C2751,2023,Manufacture of electric domestic appliances,Latvia
LV,C2752,2021,Manufacture of non-electric domestic appliances,Latvia
LV,C2752,2022,Manufacture of non-electric domestic appliances,Latvia
LV,C2752,2023,Manufacture of non-electric domestic appliances,Latvia
LV,C2752,2024,Manufacture of non-electric domestic appliances,Latvia
LV,C2790,2021,Manufacture of other electrical equipment,Latvia
LV,C2790,2022,Manufacture of other electrical equipment,Latvia
LV,C2790,2023,Manufacture of other electrical equipment,Latvia
LV,C2811,2021,"Manufacture of engines and turbines, except aircraft, vehicle and cycle engines",Latvia
LV,C2811,2022,"Manufacture of engines and turbines, except aircraft, vehicle and cycle engines",Latvia
LV,C2811,2023,"Manufacture of engines and turbines, except aircraft, vehicle and cycle engines",Latvia
LV,C2812,2021,Manufacture of fluid power equipment,Latvia
LV,C2812,2022,Manufacture of fluid power equipment,Latvia
LV,C2813,2023,Manufacture of other pumps and compressors,Latvia
LV,C2813,2024,Manufacture of other pumps and compressors,Latvia
LV,C2814,2021,Manufacture of other taps and valves,Latvia
LV,C2814,2022,Manufacture of other taps and valves,Latvia
LV,C2814,2023,Manufacture of other taps and valves,Latvia
LV,C2814,2024,Manufacture of other taps and valves,Latvia
LV,C2815,2021,"Manufacture of bearings, gears, gearing and driving elements",Latvia
LV,C2815,2022,"Manufacture of bearings, gears, gearing and driving elements",Latvia
LV,C2815,2023,"Manufacture of bearings, gears, gearing and driving elements",Latvia
LV,C2815,2024,"Manufacture of bearings, gears, gearing and driving elements",Latvia
LV,C2821,2021,"Manufacture of ovens, furnaces and furnace burners",Latvia
LV,C2821,2022,"Manufacture of ovens, furnaces and furnace burners",Latvia
LV,C2823,2021,Manufacture of office machinery and equipment (except computers and peripheral equipment),Latvia
LV,C2823,2022,Manufacture of office machinery and equipment (except computers and peripheral equipment),Latvia
LV,C2823,2023,Manufacture of office machinery and equipment (except computers and peripheral equipment),Latvia
LV,C2823,2024,Manufacture of office machinery and equipment (except computers and peripheral equipment),Latvia
LV,C2824,2021,Manufacture of power-driven hand tools,Latvia
LV,C2824,2022,Manufacture of power-driven hand tools,Latvia
LV,C2824,2023,Manufacture of power-driven hand tools,Latvia
LV,C2824,2024,Manufacture of power-driven hand tools,Latvia
LV,C2825,2024,Manufacture of non-domestic cooling and ventilation equipment,Latvia
LV,C2829,2022,Manufacture of other general-purpose machinery n.e.c.,Latvia
LV,C2829,2023,Manufacture of other general-purpose machinery n.e.c.,Latvia
LV,C2892,2021,"Manufacture of machinery for mining, quarrying and construction",Latvia
LV,C2892,2022,"Manufacture of machinery for mining, quarrying and construction",Latvia
LV,C2893,2021,"Manufacture of machinery for food, beverage and tobacco processing",Latvia
LV,C2893,2022,"Manufacture of machinery for food, beverage and tobacco processing",Latvia
LV,C2893,2023,"Manufacture of machinery for food, beverage and tobacco processing",Latvia
LV,C2893,2024,"Manufacture of machinery for food, beverage and tobacco processing",Latvia
LV,C2894,2021,"Manufacture of machinery for textile, apparel and leather production",Latvia
LV,C2894,2022,"Manufacture of machinery for textile, apparel and leather production",Latvia
LV,C2894,2023,"Manufacture of machinery for textile, apparel and leather production",Latvia
LV,C2894,2024,"Manufacture of machinery for textile, apparel and leather production",Latvia
LV,C2896,2021,Manufacture of plastics and rubber machinery,Latvia
LV,C2896,2022,Manufacture of plastics and rubber machinery,Latvia
LV,C2896,2023,Manufacture of plastics and rubber machinery,Latvia
LV,C2896,2024,Manufacture of plastics and rubber machinery,Latvia
LV,C2910,2021,Manufacture of motor vehicles,Latvia
LV,C2910,2022,Manufacture of motor vehicles,Latvia
LV,C2910,2023,Manufacture of motor vehicles,Latvia
LV,C2910,2024,Manufacture of motor vehicles,Latvia
LV,C2920,2021,Manufacture of bodies (coachwork) for motor vehicles; manufacture of trailers and semi-trailers,Latvia
LV,C2920,2022,Manufacture of bodies (coachwork) for motor vehicles; manufacture of trailers and semi-trailers,Latvia
LV,C2920,2023,Manufacture of bodies (coachwork) for motor vehicles; manufacture of trailers and semi-trailers,Latvia
LV,C2920,2024,Manufacture of bodies (coachwork) for motor vehicles; manufacture of trailers and semi-trailers,Latvia
LV,C2931,2021,Manufacture of electrical and electronic equipment for motor vehicles,Latvia
LV,C2931,2022,Manufacture of electrical and electronic equipment for motor vehicles,Latvia
LV,C2931,2023,Manufacture of electrical and electronic equipment for motor vehicles,Latvia
LV,C2931,2024,Manufacture of electrical and electronic equipment for motor vehicles,Latvia
LV,C2932,2021,Manufacture of other parts and accessories for motor vehicles,Latvia
LV,C2932,2022,Manufacture of other parts and accessories for motor vehicles,Latvia
LV,C2932,2023,Manufacture of other parts and accessories for motor vehicles,Latvia
LV,C2932,2024,Manufacture of other parts and accessories for motor vehicles,Latvia
LV,C3012,2022,Building of pleasure and sporting boats,Latvia
LV,C3020,2021,Manufacture of railway locomotives and rolling stock,Latvia
LV,C3020,2022,Manufacture of railway locomotives and rolling stock,Latvia
LV,C3020,2023,Manufacture of railway locomotives and rolling stock,Latvia
LV,C3020,2024,Manufacture of railway locomotives and rolling stock,Latvia
LV,C3030,2022,Manufacture of air and spacecraft and related machinery,Latvia
LV,C3030,2023,Manufacture of air and spacecraft and related machinery,Latvia
LV,C3030,2024,Manufacture of air and spacecraft and related machinery,Latvia
LV,C3040,2021,Manufacture of military fighting vehicles,Latvia
LV,C3040,2022,Manufacture of military fighting vehicles,Latvia
LV,C3040,2023,Manufacture of military fighting vehicles,Latvia
LV,C3040,2024,Manufacture of military fighting vehicles,Latvia
LV,C3091,2021,Manufacture of motorcycles,Latvia
LV,C3092,2021,Manufacture of bicycles and invalid carriages,Latvia
LV,C3092,2022,Manufacture of bicycles and invalid carriages,Latvia
LV,C3092,2023,Manufacture of bicycles and invalid carriages,Latvia
LV,C3092,2024,Manufacture of bicycles and invalid carriages,Latvia
LV,C3099,2021,Manufacture of other transport equipment n.e.c.,Latvia
LV,C3211,2024,Striking of coins,Latvia
LV,C3213,2021,Manufacture of imitation jewellery and related articles,Latvia
LV,C3213,2022,Manufacture of imitation jewellery and related articles,Latvia
LV,C3213,2023,Manufacture of imitation jewellery and related articles,Latvia
LV,C3213,2024,Manufacture of imitation jewellery and related articles,Latvia
LV,C3220,2021,Manufacture of musical instruments,Latvia
LV,C3220,2022,Manufacture of musical instruments,Latvia
LV,C3220,2023,Manufacture of musical instruments,Latvia
LV,C3250,2022,Manufacture of medical and dental instruments and supplies,Latvia
LV,C3291,2021,Manufacture of brooms and brushes,Latvia
LV,C3291,2022,Manufacture of brooms and brushes,Latvia
LV,C3291,2023,Manufacture of brooms and brushes,Latvia
LV,C3291,2024,Manufacture of brooms and brushes,Latvia
LV,C3299,2021,Other manufacturing n.e.c.,Latvia
LV,C3299,2022,Other manufacturing n.e.c.,Latvia
LV,C3299,2023,Other manufacturing n.e.c.,Latvia
LV,C3299,2024,Other manufacturing n.e.c.,Latvia
LV,C3314,2022,Repair of electrical equipment,Latvia
LV,C3314,2024,Repair of electrical equipment,Latvia
LV,C3316,2021,Repair and maintenance of aircraft and spacecraft,Latvia
LV,C3316,2022,Repair and maintenance of aircraft and spacecraft,Latvia
LV,C3317,2021,Repair and maintenance of other transport equipment,Latvia
LV,C3317,2024,Repair and maintenance of other transport equipment,Latvia
LV,D3511,2022,Production of electricity,Latvia
LV,D3511,2023,Production of electricity,Latvia
LV,D3511,2024,Production of electricity,Latvia
LV,D3512,2021,Transmission of electricity,Latvia
LV,D3512,2022,Transmission of electricity,Latvia
LV,D3512,2023,Transmission of electricity,Latvia
LV,D3512,2024,Transmission of electricity,Latvia
LV,D3513,2021,Distribution of electricity,Latvia
LV,D3514,2022,Trade of electricity,Latvia
LV,D3514,2024,Trade of electricity,Latvia
LV,D3521,2021,Manufacture of gas,Latvia
LV,D3521,2022,Manufacture of gas,Latvia
LV,D3521,2023,Manufacture of gas,Latvia
LV,D3522,2021,Distribution of gaseous fuels through mains,Latvia
LV,D3522,2022,Distribution of gaseous fuels through mains,Latvia
LV,D3522,2023,Distribution of gaseous fuels through mains,Latvia
LV,D3522,2024,Distribution of gaseous fuels through mains,Latvia
LV,D3523,2021,Trade of gas through mains,Latvia
LV,D3523,2022,Trade of gas through mains,Latvia
LV,D3523,2023,Trade of gas through mains,Latvia
LV,D3523,2024,Trade of gas through mains,Latvia
LV,D3530,2021,Steam and air conditioning supply,Latvia
LV,D3530,2022,Steam and air conditioning supply,Latvia
LV,E3600,2023,"Water collection, treatment and supply",Latvia
LV,E3821,2021,Treatment and disposal of non-hazardous waste,Latvia
LV,E3821,2022,Treatment and disposal of non-hazardous waste,Latvia
LV,E3821,2023,Treatment and disposal of non-hazardous waste,Latvia
LV,E3821,2024,Treatment and disposal of non-hazardous waste,Latvia
LV,E3822,2021,Treatment and disposal of hazardous waste,Latvia
LV,E3822,2022,Treatment and disposal of hazardous waste,Latvia
LV,E3822,2023,Treatment and disposal of hazardous waste,Latvia
LV,E3822,2024,Treatment and disposal of hazardous waste,Latvia
LV,E3900,2023,Remediation activities and other waste management services,Latvia
LV,G4612,2021,"Agents involved in the sale of fuels, ores, metals and industrial chemicals",Latvia
LV,G4612,2022,"Agents involved in the sale of fuels, ores, metals and industrial chemicals",Latvia
LV,G4623,2024,Wholesale of live animals,Latvia
LV,G4624,2024,"Wholesale of hides, skins and leather",Latvia
LV,G4635,2021,Wholesale of tobacco products,Latvia
LV,G4635,2022,Wholesale of tobacco products,Latvia
LV,G4636,2021,Wholesale of sugar and chocolate and sugar confectionery,Latvia
LV,G4636,2022,Wholesale of sugar and chocolate and sugar confectionery,Latvia
LV,G4672,2021,Wholesale of metals and metal ores,Latvia
LV,G4674,2021,"Wholesale of hardware, plumbing and heating equipment and supplies",Latvia
LV,G4690,2021,Non-specialised wholesale trade,Latvia
LV,G4690,2022,Non-specialised wholesale trade,Latvia
LV,G4753,2023,"Retail sale of carpets, rugs, wall and floor coverings in specialised stores",Latvia
LV,G4759,2023,"Retail sale of furniture, lighting equipment and other household articles in specialised stores",Latvia
LV,G4762,2022,Retail sale of newspapers and stationery in specialised stores,Latvia
LV,G4762,2023,Retail sale of newspapers and stationery in specialised stores,Latvia
LV,G4762,2024,Retail sale of newspapers and stationery in specialised stores,Latvia
LV,G4763,2022,Retail sale of music and video recordings in specialised stores,Latvia
LV,G4763,2023,Retail sale of music and video recordings in specialised stores,Latvia
LV,G4763,2024,Retail sale of music and video recordings in specialised stores,Latvia
LV,H4910,2021,"Passenger rail transport, interurban",Latvia
LV,H4910,2022,"Passenger rail transport, interurban",Latvia
LV,H4910,2023,"Passenger rail transport, interurban",Latvia
LV,H4910,2024,"Passenger rail transport, interurban",Latvia
LV,H4920,2021,Freight rail transport,Latvia
LV,H4920,2022,Freight rail transport,Latvia
LV,H4920,2023,Freight rail transport,Latvia
LV,H4932,2021,Taxi operation,Latvia
LV,H4932,2022,Taxi operation,Latvia
LV,H4939,2023,Other passenger land transport n.e.c.,Latvia
LV,H4939,2024,Other passenger land transport n.e.c.,Latvia
LV,H4950,2021,Transport via pipeline,Latvia
LV,H4950,2022,Transport via pipeline,Latvia
LV,H4950,2023,Transport via pipeline,Latvia
LV,H4950,2024,Transport via pipeline,Latvia
LV,H5010,2021,Sea and coastal passenger water transport,Latvia
LV,H5010,2022,Sea and coastal passenger water transport,Latvia
LV,H5010,2023,Sea and coastal passenger water transport,Latvia
LV,H5010,2024,Sea and coastal passenger water transport,Latvia
LV,H5020,2024,Sea and coastal freight water transport,Latvia
LV,H5030,2021,Inland passenger water transport,Latvia
LV,H5030,2022,Inland passenger water transport,Latvia
LV,H5030,2023,Inland passenger water transport,Latvia
LV,H5030,2024,Inland passenger water transport,Latvia
LV,H5040,2021,Inland freight water transport,Latvia
LV,H5040,2022,Inland freight water transport,Latvia
LV,H5040,2023,Inland freight water transport,Latvia
LV,H5040,2024,Inland freight water transport,Latvia
LV,H5110,2021,Passenger air transport,Latvia
LV,H5110,2022,Passenger air transport,Latvia
LV,H5110,2023,Passenger air transport,Latvia
LV,H5110,2024,Passenger air transport,Latvia
LV,H5121,2021,Freight air transport,Latvia
LV,H5121,2022,Freight air transport,Latvia
LV,H5121,2023,Freight air transport,Latvia
LV,H5121,2024,Freight air transport,Latvia
LV,H5122,2021,Space transport,Latvia
LV,H5122,2022,Space transport,Latvia
LV,H5310,2021,Postal activities under universal service obligation,Latvia
LV,H5310,2022,Postal activities under universal service obligation,Latvia
LV,H5310,2023,Postal activities under universal service obligation,Latvia
LV,H5310,2024,Postal activities under universal service obligation,Latvia
LV,H5320,2024,Other postal and courier activities,Latvia
LV,I5520,2021,Holiday and other short-stay accommodation,Latvia
LV,I5520,2022,Holiday and other short-stay accommodation,Latvia
LV,I5520,2023,Holiday and other short-stay accommodation,Latvia
LV,I5520,2024,Holiday and other short-stay accommodation,Latvia
LV,I5530,2021,"Camping grounds, recreational vehicle parks and trailer parks",Latvia
LV,I5530,2022,"Camping grounds, recreational vehicle parks and trailer parks",Latvia
LV,I5530,2023,"Camping grounds, recreational vehicle parks and trailer parks",Latvia
LV,I5530,2024,"Camping grounds, recreational vehicle parks and trailer parks",Latvia
LV,J5812,2021,Publishing of directories and mailing lists,Latvia
LV,J5812,2022,Publishing of directories and mailing lists,Latvia
LV,J5812,2023,Publishing of directories and mailing lists,Latvia
LV,J5812,2024,Publishing of directories and mailing lists,Latvia
LV,J5813,2024,Publishing of newspapers,Latvia
LV,J5819,2021,Other publishing activities,Latvia
LV,J5819,2022,Other publishing activities,Latvia
LV,J5819,2023,Other publishing activities,Latvia
LV,J5821,2021,Publishing of computer games,Latvia
LV,J5821,2022,Publishing of computer games,Latvia
LV,J5821,2023,Publishing of computer games,Latvia
LV,J5829,2021,Other software publishing,Latvia
LV,J5829,2022,Other software publishing,Latvia
LV,J5829,2023,Other software publishing,Latvia
LV,J5912,2023,"Motion picture, video and television programme post-production activities",Latvia
LV,J5912,2024,"Motion picture, video and television programme post-production activities",Latvia
LV,J5920,2023,Sound recording and music publishing activities,Latvia
LV,J5920,2024,Sound recording and music publishing activities,Latvia
LV,J6110,2021,Wired telecommunications activities,Latvia
LV,J6110,2022,Wired telecommunications activities,Latvia
LV,J6110,2023,Wired telecommunications activities,Latvia
LV,J6110,2024,Wired telecommunications activities,Latvia
LV,J6130,2021,Satellite telecommunications activities,Latvia
LV,J6130,2022,Satellite telecommunications activities,Latvia
LV,J6130,2023,Satellite telecommunications activities,Latvia
LV,J6130,2024,Satellite telecommunications activities,Latvia
LV,J6190,2021,Other telecommunications activities,Latvia
LV,J6190,2022,Other telecommunications activities,Latvia
LV,J6190,2023,Other telecommunications activities,Latvia
LV,J6190,2024,Other telecommunications activities,Latvia
LV,J6391,2021,News agency activities,Latvia
LV,J6391,2022,News agency activities,Latvia
LV,J6391,2023,News agency activities,Latvia
LV,J6391,2024,News agency activities,Latvia
LV,J6399,2021,Other information service activities n.e.c.,Latvia
LV,J6399,2022,Other information service activities n.e.c.,Latvia
LV,J6399,2023,Other information service activities n.e.c.,Latvia
LV,J6399,2024,Other information service activities n.e.c.,Latvia
LV,K6411,2021,Central banking,Latvia
LV,K6411,2022,Central banking,Latvia
LV,K6411,2023,Central banking,Latvia
LV,K6411,2024,Central banking,Latvia
LV,K6419,2021,Other monetary intermediation,Latvia
LV,K6419,2022,Other monetary intermediation,Latvia
LV,K6419,2023,Other monetary intermediation,Latvia
LV,K6419,2024,Other monetary intermediation,Latvia
LV,K6511,2021,Life insurance,Latvia
LV,K6511,2022,Life insurance,Latvia
LV,K6511,2023,Life insurance,Latvia
LV,K6511,2024,Life insurance,Latvia
LV,K6512,2021,Non-life insurance,Latvia
LV,K6512,2022,Non-life insurance,Latvia
LV,K6512,2023,Non-life insurance,Latvia
LV,K6512,2024,Non-life insurance,Latvia
LV,M7211,2021,Research and experimental development on biotechnology,Latvia
LV,M7211,2022,Research and experimental development on biotechnology,Latvia
LV,M7219,2022,Other research and experimental development on natural sciences and engineering,Latvia
LV,M7220,2021,Research and experimental development on social sciences and humanities,Latvia
LV,N7712,2022,Renting and leasing of trucks,Latvia
LV,N7712,2023,Renting and leasing of trucks,Latvia
LV,N7712,2024,Renting and leasing of trucks,Latvia
LV,N7721,2022,Renting and leasing of recreational and sports goods,Latvia
LV,N7721,2023,Renting and leasing of recreational and sports goods,Latvia
LV,N7721,2024,Renting and leasing of recreational and sports goods,Latvia
LV,N7722,2021,Renting of video tapes and disks,Latvia
LV,N7722,2022,Renting of video tapes and disks,Latvia
LV,N7722,2023,Renting of video tapes and disks,Latvia
LV,N7722,2024,Renting of video tapes and disks,Latvia
LV,N7729,2021,Renting and leasing of other personal and household goods,Latvia
LV,N7733,2021,Renting and leasing of office machinery and equipment (including computers),Latvia
LV,N7733,2022,Renting and leasing of office machinery and equipment (including computers),Latvia
LV,N7733,2023,Renting and leasing of office machinery and equipment (including computers),Latvia
LV,N7734,2023,Renting and leasing of water transport equipment,Latvia
LV,N7734,2024,Renting and leasing of water transport equipment,Latvia
LV,N7735,2021,Renting and leasing of air transport equipment,Latvia
LV,N7735,2022,Renting and leasing of air transport equipment,Latvia
LV,N7735,2023,Renting and leasing of air transport equipment,Latvia
LV,N7735,2024,Renting and leasing of air transport equipment,Latvia
LV,N7740,2022,"Leasing of intellectual property and similar products, except copyrighted works",Latvia
LV,N7740,2023,"Leasing of intellectual property and similar products, except copyrighted works",Latvia
LV,N7740,2024,"Leasing of intellectual property and similar products, except copyrighted works",Latvia
LV,Q8710,2021,Residential nursing care activities,Latvia
LV,Q8720,2024,"Residential care activities for mental retardation, mental health and substance abuse",Latvia
LV,Q8790,2021,Other residential care activities,Latvia
LV,Q8790,2024,Other residential care activities,Latvia
LV,R9004,2022,Operation of arts facilities,Latvia
LV,R9102,2022,Museums activities,Latvia
LV,R9103,2021,Operation of historical sites and buildings and similar visitor attractions,Latvia
LV,R9103,2023,Operation of historical sites and buildings and similar visitor attractions,Latvia
LV,R9104,2021,Botanical and zoological gardens and nature reserves activities,Latvia
LV,R9104,2022,Botanical and zoological gardens and nature reserves activities,Latvia
LV,R9104,2023,Botanical and zoological gardens and nature reserves activities,Latvia
MK,B0510,2021,Mining of hard coal,North Macedonia
MK,B0510,2022,Mining of hard coal,North Macedonia
MK,B0510,2023,Mining of hard coal,North Macedonia
MK,B0520,2021,Mining of lignite,North Macedonia
MK,B0520,2022,Mining of lignite,North Macedonia
MK,B0520,2023,Mining of lignite,North Macedonia
MK,B0620,2021,Extraction of natural gas,North Macedonia
MK,B0620,2022,Extraction of natural gas,North Macedonia
MK,B0620,2023,Extraction of natural gas,North Macedonia
MK,B0620,2024,Extraction of natural gas,North Macedonia
MK,B0710,2021,Mining of iron ores,North Macedonia
MK,B0710,2022,Mining of iron ores,North Macedonia
MK,B0729,2021,Mining of other non-ferrous metal ores,North Macedonia
MK,B0729,2022,Mining of other non-ferrous metal ores,North Macedonia
MK,B0891,2021,Mining of chemical and fertiliser minerals,North Macedonia
MK,B0891,2022,Mining of chemical and fertiliser minerals,North Macedonia
MK,B0891,2023,Mining of chemical and fertiliser minerals,North Macedonia
MK,B0891,2024,Mining of chemical and fertiliser minerals,North Macedonia
MK,B0892,2021,Extraction of peat,North Macedonia
MK,B0892,2022,Extraction of peat,North Macedonia
MK,B0892,2023,Extraction of peat,North Macedonia
MK,B0892,2024,Extraction of peat,North Macedonia
MK,B0910,2021,Support activities for petroleum and natural gas extraction,North Macedonia
MK,B0990,2022,Support activities for other mining and quarrying,North Macedonia
MK,B0990,2023,Support activities for other mining and quarrying,North Macedonia
MK,B0990,2024,Support activities for other mining and quarrying,North Macedonia
MK,C1020,2021,"Processing and preserving of fish, crustaceans and molluscs",North Macedonia
MK,C1020,2022,"Processing and preserving of fish, crustaceans and molluscs",North Macedonia
MK,C1020,2023,"Processing and preserving of fish, crustaceans and molluscs",North Macedonia
MK,C1020,2024,"Processing and preserving of fish, crustaceans and molluscs",North Macedonia
MK,C1041,2021,Manufacture of oils and fats,North Macedonia
MK,C1041,2022,Manufacture of oils and fats,North Macedonia
MK,C1041,2023,Manufacture of oils and fats,North Macedonia
MK,C1041,2024,Manufacture of oils and fats,North Macedonia
MK,C1042,2021,Manufacture of margarine and similar edible fats,North Macedonia
MK,C1042,2022,Manufacture of margarine and similar edible fats,North Macedonia
MK,C1042,2023,Manufacture of margarine and similar edible fats,North Macedonia
MK,C1042,2024,Manufacture of margarine and similar edible fats,North Macedonia
MK,C1051,2024,Operation of dairies and cheese making,North Macedonia
MK,C1052,2024,Manufacture of ice cream,North Macedonia
MK,C1061,2021,Manufacture of grain mill products,North Macedonia
MK,C1061,2022,Manufacture of grain mill products,North Macedonia
MK,C1061,2024,Manufacture of grain mill products,North Macedonia
MK,C1062,2021,Manufacture of starches and starch products,North Macedonia
MK,C1062,2022,Manufacture of starches and starch products,North Macedonia
MK,C1062,2024,Manufacture of starches and starch products,North Macedonia
MK,C1081,2021,Manufacture of sugar,North Macedonia
MK,C1081,2022,Manufacture of sugar,North Macedonia
MK,C1081,2023,Manufacture of sugar,North Macedonia
MK,C1081,2024,Manufacture of sugar,North Macedonia
MK,C1084,2024,Manufacture of condiments and seasonings,North Macedonia
MK,C1086,2021,Manufacture of homogenised food preparations and dietetic food,North Macedonia
MK,C1086,2022,Manufacture of homogenised food preparations and dietetic food,North Macedonia
MK,C1086,2023,Manufacture of homogenised food preparations and dietetic food,North Macedonia
MK,C1092,2021,Manufacture of prepared pet foods,North Macedonia
MK,C1092,2022,Manufacture of prepared pet foods,North Macedonia
MK,C1092,2023,Manufacture of prepared pet foods,North Macedonia
MK,C1092,2024,Manufacture of prepared pet foods,North Macedonia
MK,C1103,2022,Manufacture of cider and other fruit wines,North Macedonia
MK,C1103,2024,Manufacture of cider and other fruit wines,North Macedonia
MK,C1104,2023,Manufacture of other non-distilled fermented beverages,North Macedonia
MK,C1104,2024,Manufacture of other non-distilled fermented beverages,North Macedonia
MK,C1105,2021,Manufacture of beer,North Macedonia
MK,C1105,2022,Manufacture of beer,North Macedonia
MK,C1105,2023,Manufacture of beer,North Macedonia
MK,C1105,2024,Manufacture of beer,North Macedonia
MK,C1106,2021,Manufacture of malt,North Macedonia
MK,C1106,2022,Manufacture of malt,North Macedonia
MK,C1106,2023,Manufacture of malt,North Macedonia
MK,C1310,2021,Preparation and spinning of textile fibres,North Macedonia
MK,C1310,2022,Preparation and spinning of textile fibres,North Macedonia
MK,C1310,2023,Preparation and spinning of textile fibres,North Macedonia
MK,C1310,2024,Preparation and spinning of textile fibres,North Macedonia
MK,C1320,2024,Weaving of textiles,North Macedonia
MK,C1330,2021,Finishing of textiles,North Macedonia
MK,C1330,2022,Finishing of textiles,North Macedonia
MK,C1330,2023,Finishing of textiles,North Macedonia
MK,C1391,2021,Manufacture of knitted and crocheted fabrics,North Macedonia
MK,C1391,2022,Manufacture of knitted and crocheted fabrics,North Macedonia
MK,C1391,2023,Manufacture of knitted and crocheted fabrics,North Macedonia
MK,C1391,2024,Manufacture of knitted and crocheted fabrics,North Macedonia
MK,C1392,2023,"Manufacture of made-up textile articles, except apparel",North Macedonia
MK,C1393,2021,Manufacture of carpets and rugs,North Macedonia
MK,C1393,2022,Manufacture of carpets and rugs,North Macedonia
MK,C1393,2023,Manufacture of carpets and rugs,North Macedonia
MK,C1393,2024,Manufacture of carpets and rugs,North Macedonia
MK,C1395,2021,"Manufacture of non-wovens and articles made from non-wovens, except apparel",North Macedonia
MK,C1395,2022,"Manufacture of non-wovens and articles made from non-wovens, except apparel",North Macedonia
MK,C1395,2023,"Manufacture of non-wovens and articles made from non-wovens, except apparel",North Macedonia
MK,C1395,2024,"Manufacture of non-wovens and articles made from non-wovens, except apparel",North Macedonia
MK,C1399,2021,Manufacture of other textiles n.e.c.,North Macedonia
MK,C1399,2024,Manufacture of other textiles n.e.c.,North Macedonia
MK,C1411,2023,Manufacture of leather clothes,North Macedonia
MK,C1411,2024,Manufacture of leather clothes,North Macedonia
MK,C1419,2023,Manufacture of other wearing apparel and accessories,North Macedonia
MK,C1419,2024,Manufacture of other wearing apparel and accessories,North Macedonia
MK,C1420,2021,Manufacture of articles of fur,North Macedonia
MK,C1420,2022,Manufacture of articles of fur,North Macedonia
MK,C1420,2023,Manufacture of articles of fur,North Macedonia
MK,C1420,2024,Manufacture of articles of fur,North Macedonia
MK,C1431,2023,Manufacture of knitted and crocheted hosiery,North Macedonia
MK,C1439,2021,Manufacture of other knitted and crocheted apparel,North Macedonia
MK,C1439,2022,Manufacture of other knitted and crocheted apparel,North Macedonia
MK,C1439,2023,Manufacture of other knitted and crocheted apparel,North Macedonia
MK,C1439,2024,Manufacture of other knitted and crocheted apparel,North Macedonia
MK,C1622,2024,Manufacture of assembled parquet floors,North Macedonia
MK,C1624,2021,Manufacture of wooden containers,North Macedonia
MK,C1624,2024,Manufacture of wooden containers,North Macedonia
MK,C1629,2021,"Manufacture of other products of wood; manufacture of articles of cork, straw and plaiting materials",North Macedonia
MK,C1711,2021,Manufacture of pulp,North Macedonia
MK,C1711,2022,Manufacture of pulp,North Macedonia
MK,C1711,2023,Manufacture of pulp,North Macedonia
MK,C1711,2024,Manufacture of pulp,North Macedonia
MK,C1712,2021,Manufacture of paper and paperboard,North Macedonia
MK,C1712,2022,Manufacture of paper and paperboard,North Macedonia
MK,C1712,2023,Manufacture of paper and paperboard,North Macedonia
MK,C1712,2024,Manufacture of paper and paperboard,North Macedonia
MK,C2011,2023,Manufacture of industrial gases,North Macedonia
MK,C2012,2022,Manufacture of dyes and pigments,North Macedonia
MK,C2012,2023,Manufacture of dyes and pigments,North Macedonia
MK,C2012,2024,Manufacture of dyes and pigments,North Macedonia
MK,C2013,2022,Manufacture of other inorganic basic chemicals,North Macedonia
MK,C2013,2023,Manufacture of other inorganic basic chemicals,North Macedonia
MK,C2013,2024,Manufacture of other inorganic basic chemicals,North Macedonia
MK,C2015,2021,Manufacture of fertilisers and nitrogen compounds,North Macedonia
MK,C2015,2022,Manufacture of fertilisers and nitrogen compounds,North Macedonia
MK,C2015,2023,Manufacture of fertilisers and nitrogen compounds,North Macedonia
MK,C2015,2024,Manufacture of fertilisers and nitrogen compounds,North Macedonia
MK,C2016,2021,Manufacture of plastics in primary forms,North Macedonia
MK,C2016,2022,Manufacture of plastics in primary forms,North Macedonia
MK,C2016,2023,Manufacture of plastics in primary forms,North Macedonia
MK,C2016,2024,Manufacture of plastics in primary forms,North Macedonia
MK,C2020,2021,Manufacture of pesticides and other agrochemical products,North Macedonia
MK,C2020,2022,Manufacture of pesticides and other agrochemical products,North Macedonia
MK,C2020,2023,Manufacture of pesticides and other agrochemical products,North Macedonia
MK,C2020,2024,Manufacture of pesticides and other agrochemical products,North Macedonia
MK,C2030,2021,"Manufacture of paints, varnishes and similar coatings, printing ink and mastics",North Macedonia
MK,C2030,2022,"Manufacture of paints, varnishes and similar coatings, printing ink and mastics",North Macedonia
MK,C2030,2023,"Manufacture of paints, varnishes and similar coatings, printing ink and mastics",North Macedonia
MK,C2030,2024,"Manufacture of paints, varnishes and similar coatings, printing ink and mastics",North Macedonia
MK,C2052,2021,Manufacture of glues,North Macedonia
MK,C2052,2022,Manufacture of glues,North Macedonia
MK,C2052,2023,Manufacture of glues,North Macedonia
MK,C2052,2024,Manufacture of glues,North Macedonia
MK,C2053,2021,Manufacture of essential oils,North Macedonia
MK,C2053,2022,Manufacture of essential oils,North Macedonia
MK,C2053,2023,Manufacture of essential oils,North Macedonia
MK,C2053,2024,Manufacture of essential oils,North Macedonia
MK,C2110,2021,Manufacture of basic pharmaceutical products,North Macedonia
MK,C2110,2022,Manufacture of basic pharmaceutical products,North Macedonia
MK,C2110,2023,Manufacture of basic pharmaceutical products,North Macedonia
MK,C2110,2024,Manufacture of basic pharmaceutical products,North Macedonia
MK,C2120,2021,Manufacture of pharmaceutical preparations,North Macedonia
MK,C2120,2022,Manufacture of pharmaceutical preparations,North Macedonia
MK,C2120,2023,Manufacture of pharmaceutical preparations,North Macedonia
MK,C2120,2024,Manufacture of pharmaceutical preparations,North Macedonia
MK,C2219,2024,Manufacture of other rubber products,North Macedonia
MK,C2221,2024,"Manufacture of plastic plates, sheets, tubes and profiles",North Macedonia
MK,C2311,2021,Manufacture of flat glass,North Macedonia
MK,C2311,2022,Manufacture of flat glass,North Macedonia
MK,C2311,2023,Manufacture of flat glass,North Macedonia
MK,C2311,2024,Manufacture of flat glass,North Macedonia
MK,C2314,2021,Manufacture of glass fibres,North Macedonia
MK,C2314,2022,Manufacture of glass fibres,North Macedonia
MK,C2314,2023,Manufacture of glass fibres,North Macedonia
MK,C2314,2024,Manufacture of glass fibres,North Macedonia
MK,C2319,2021,"Manufacture and processing of other glass, including technical glassware",North Macedonia
MK,C2320,2024,Manufacture of refractory products,North Macedonia
MK,C2331,2021,Manufacture of ceramic tiles and flags,North Macedonia
MK,C2331,2022,Manufacture of ceramic tiles and flags,North Macedonia
MK,C2331,2023,Manufacture of ceramic tiles and flags,North Macedonia
MK,C2331,2024,Manufacture of ceramic tiles and flags,North Macedonia
MK,C2332,2021,"Manufacture of bricks, tiles and construction products, in baked clay",North Macedonia
MK,C2332,2022,"Manufacture of bricks, tiles and construction products, in baked clay",North Macedonia
MK,C2332,2023,"Manufacture of bricks, tiles and construction products, in baked clay",North Macedonia
MK,C2332,2024,"Manufacture of bricks, tiles and construction products, in baked clay",North Macedonia
MK,C2341,2021,Manufacture of ceramic household and ornamental articles,North Macedonia
MK,C2341,2022,Manufacture of ceramic household and ornamental articles,North Macedonia
MK,C2341,2023,Manufacture of ceramic household and ornamental articles,North Macedonia
MK,C2341,2024,Manufacture of ceramic household and ornamental articles,North Macedonia
MK,C2342,2024,Manufacture of ceramic sanitary fixtures,North Macedonia
MK,C2344,2021,Manufacture of other technical ceramic products,North Macedonia
MK,C2344,2022,Manufacture of other technical ceramic products,North Macedonia
MK,C2344,2023,Manufacture of other technical ceramic products,North Macedonia
MK,C2344,2024,Manufacture of other technical ceramic products,North Macedonia
MK,C2351,2021,Manufacture of cement,North Macedonia
MK,C2351,2022,Manufacture of cement,North Macedonia
MK,C2351,2023,Manufacture of cement,North Macedonia
MK,C2351,2024,Manufacture of cement,North Macedonia
MK,C2352,2021,Manufacture of lime and plaster,North Macedonia
MK,C2352,2022,Manufacture of lime and plaster,North Macedonia
MK,C2352,2023,Manufacture of lime and plaster,North Macedonia
MK,C2352,2024,Manufacture of lime and plaster,North Macedonia
MK,C2362,2021,Manufacture of plaster products for construction purposes,North Macedonia
MK,C2362,2022,Manufacture of plaster products for construction purposes,North Macedonia
MK,C2362,2023,Manufacture of plaster products for construction purposes,North Macedonia
MK,C2362,2024,Manufacture of plaster products for construction purposes,North Macedonia
MK,C2369,2021,"Manufacture of other articles of concrete, plaster and cement",North Macedonia
MK,C2369,2022,"Manufacture of other articles of concrete, plaster and cement",North Macedonia
MK,C2369,2023,"Manufacture of other articles of concrete, plaster and cement",North Macedonia
MK,C2369,2024,"Manufacture of other articles of concrete, plaster and cement",North Macedonia
MK,C2420,2023,"Manufacture of tubes, pipes, hollow profiles and related fittings, of steel",North Macedonia
MK,C2420,2024,"Manufacture of tubes, pipes, hollow profiles and related fittings, of steel",North Macedonia
MK,C2432,2021,Cold rolling of narrow strip,North Macedonia
MK,C2433,2022,Cold forming or folding,North Macedonia
MK,C2433,2024,Cold forming or folding,North Macedonia
MK,C2442,2023,Aluminium production,North Macedonia
MK,C2442,2024,Aluminium production,North Macedonia
MK,C2445,2021,Other non-ferrous metal production,North Macedonia
MK,C2445,2022,Other non-ferrous metal production,North Macedonia
MK,C2445,2023,Other non-ferrous metal production,North Macedonia
MK,C2445,2024,Other non-ferrous metal production,North Macedonia
MK,C2451,2021,Casting of iron,North Macedonia
MK,C2451,2022,Casting of iron,North Macedonia
MK,C2451,2023,Casting of iron,North Macedonia
MK,C2451,2024,Casting of iron,North Macedonia
MK,C2452,2021,Casting of steel,North Macedonia
MK,C2452,2022,Casting of steel,North Macedonia
MK,C2452,2023,Casting of steel,North Macedonia
MK,C2452,2024,Casting of steel,North Macedonia
MK,C2453,2021,Casting of light metals,North Macedonia
MK,C2453,2022,Casting of light metals,North Macedonia
MK,C2453,2023,Casting of light metals,North Macedonia
MK,C2453,2024,Casting of light metals,North Macedonia
MK,C2454,2021,Casting of other non-ferrous metals,North Macedonia
MK,C2454,2022,Casting of other non-ferrous metals,North Macedonia
MK,C2454,2023,Casting of other non-ferrous metals,North Macedonia
MK,C2454,2024,Casting of other non-ferrous metals,North Macedonia
MK,C2530,2021,"Manufacture of steam generators, except central heating hot water boilers",North Macedonia
MK,C2530,2022,"Manufacture of steam generators, except central heating hot water boilers",North Macedonia
MK,C2530,2023,"Manufacture of steam generators, except central heating hot water boilers",North Macedonia
MK,C2530,2024,"Manufacture of steam generators, except central heating hot water boilers",North Macedonia
MK,C2561,2024,Treatment and coating of metals,North Macedonia
MK,C2562,2024,Machining,North Macedonia
MK,C2571,2021,Manufacture of cutlery,North Macedonia
MK,C2571,2022,Manufacture of cutlery,North Macedonia
MK,C2571,2023,Manufacture of cutlery,North Macedonia
MK,C2571,2024,Manufacture of cutlery,North Macedonia
MK,C2591,2021,Manufacture of steel drums and similar containers,North Macedonia
MK,C2591,2022,Manufacture of steel drums and similar containers,North Macedonia
MK,C2592,2021,Manufacture of light metal packaging,North Macedonia
MK,C2592,2022,Manufacture of light metal packaging,North Macedonia
MK,C2592,2024,Manufacture of light metal packaging,North Macedonia
MK,C2594,2024,Manufacture of fasteners and screw machine products,North Macedonia
MK,C2611,2021,Manufacture of electronic components,North Macedonia
MK,C2611,2022,Manufacture of electronic components,North Macedonia
MK,C2611,2024,Manufacture of electronic components,North Macedonia
MK,C2640,2021,Manufacture of consumer electronics,North Macedonia
MK,C2640,2022,Manufacture of consumer electronics,North Macedonia
MK,C2640,2024,Manufacture of consumer electronics,North Macedonia
MK,C2660,2022,"Manufacture of irradiation, electromedical and electrotherapeutic equipment",North Macedonia
MK,C2720,2021,Manufacture of batteries and accumulators,North Macedonia
MK,C2720,2022,Manufacture of batteries and accumulators,North Macedonia
MK,C2720,2023,Manufacture of batteries and accumulators,North Macedonia
MK,C2720,2024,Manufacture of batteries and accumulators,North Macedonia
MK,C2732,2023,Manufacture of other electronic and electric wires and cables,North Macedonia
MK,C2733,2023,Manufacture of wiring devices,North Macedonia
MK,C2740,2021,Manufacture of electric lighting equipment,North Macedonia
MK,C2740,2022,Manufacture of electric lighting equipment,North Macedonia
MK,C2740,2023,Manufacture of electric lighting equipment,North Macedonia
MK,C2740,2024,Manufacture of electric lighting equipment,North Macedonia
MK,C2751,2021,Manufacture of electric domestic appliances,North Macedonia
MK,C2751,2022,Manufacture of electric domestic appliances,North Macedonia
MK,C2751,2023,Manufacture of electric domestic appliances,North Macedonia
MK,C2751,2024,Manufacture of electric domestic appliances,North Macedonia
MK,C2752,2021,Manufacture of non-electric domestic appliances,North Macedonia
MK,C2752,2022,Manufacture of non-electric domestic appliances,North Macedonia
MK,C2752,2023,Manufacture of non-electric domestic appliances,North Macedonia
MK,C2752,2024,Manufacture of non-electric domestic appliances,North Macedonia
MK,C2811,2021,"Manufacture of engines and turbines, except aircraft, vehicle and cycle engines",North Macedonia
MK,C2811,2022,"Manufacture of engines and turbines, except aircraft, vehicle and cycle engines",North Macedonia
MK,C2811,2023,"Manufacture of engines and turbines, except aircraft, vehicle and cycle engines",North Macedonia
MK,C2811,2024,"Manufacture of engines and turbines, except aircraft, vehicle and cycle engines",North Macedonia
MK,C2812,2023,Manufacture of fluid power equipment,North Macedonia
MK,C2812,2024,Manufacture of fluid power equipment,North Macedonia
MK,C2813,2021,Manufacture of other pumps and compressors,North Macedonia
MK,C2813,2022,Manufacture of other pumps and compressors,North Macedonia
MK,C2813,2023,Manufacture of other pumps and compressors,North Macedonia
MK,C2813,2024,Manufacture of other pumps and compressors,North Macedonia
MK,C2814,2021,Manufacture of other taps and valves,North Macedonia
MK,C2814,2022,Manufacture of other taps and valves,North Macedonia
MK,C2814,2023,Manufacture of other taps and valves,North Macedonia
MK,C2814,2024,Manufacture of other taps and valves,North Macedonia
MK,C2822,2022,Manufacture of lifting and handling equipment,North Macedonia
MK,C2822,2023,Manufacture of lifting and handling equipment,North Macedonia
MK,C2822,2024,Manufacture of lifting and handling equipment,North Macedonia
MK,C2824,2021,Manufacture of power-driven hand tools,North Macedonia
MK,C2824,2022,Manufacture of power-driven hand tools,North Macedonia
MK,C2824,2023,Manufacture of power-driven hand tools,North Macedonia
MK,C2824,2024,Manufacture of power-driven hand tools,North Macedonia
MK,C2825,2021,Manufacture of non-domestic cooling and ventilation equipment,North Macedonia
MK,C2825,2022,Manufacture of non-domestic cooling and ventilation equipment,North Macedonia
MK,C2825,2023,Manufacture of non-domestic cooling and ventilation equipment,North Macedonia
MK,C2825,2024,Manufacture of non-domestic cooling and ventilation equipment,North Macedonia
MK,C2829,2024,Manufacture of other general-purpose machinery n.e.c.,North Macedonia
MK,C2830,2024,Manufacture of agricultural and forestry machinery,North Macedonia
MK,C2841,2021,Manufacture of metal forming machinery,North Macedonia
MK,C2841,2022,Manufacture of metal forming machinery,North Macedonia
MK,C2841,2023,Manufacture of metal forming machinery,North Macedonia
MK,C2841,2024,Manufacture of metal forming machinery,North Macedonia
MK,C2849,2021,Manufacture of other machine tools,North Macedonia
MK,C2849,2022,Manufacture of other machine tools,North Macedonia
MK,C2849,2023,Manufacture of other machine tools,North Macedonia
MK,C2849,2024,Manufacture of other machine tools,North Macedonia
MK,C2892,2021,"Manufacture of machinery for mining, quarrying and construction",North Macedonia
MK,C2892,2022,"Manufacture of machinery for mining, quarrying and construction",North Macedonia
MK,C2892,2023,"Manufacture of machinery for mining, quarrying and construction",North Macedonia
MK,C2892,2024,"Manufacture of machinery for mining, quarrying and construction",North Macedonia
MK,C2893,2021,"Manufacture of machinery for food, beverage and tobacco processing",North Macedonia
MK,C2894,2022,"Manufacture of machinery for textile, apparel and leather production",North Macedonia
MK,C2894,2023,"Manufacture of machinery for textile, apparel and leather production",North Macedonia
MK,C2894,2024,"Manufacture of machinery for textile, apparel and leather production",North Macedonia
MK,C2896,2023,Manufacture of plastics and rubber machinery,North Macedonia
MK,C2896,2024,Manufacture of plastics and rubber machinery,North Macedonia
MK,C2910,2021,Manufacture of motor vehicles,North Macedonia
MK,C2910,2022,Manufacture of motor vehicles,North Macedonia
MK,C2910,2023,Manufacture of motor vehicles,North Macedonia
MK,C2910,2024,Manufacture of motor vehicles,North Macedonia
MK,C2920,2021,Manufacture of bodies (coachwork) for motor vehicles; manufacture of trailers and semi-trailers,North Macedonia
MK,C2920,2022,Manufacture of bodies (coachwork) for motor vehicles; manufacture of trailers and semi-trailers,North Macedonia
MK,C2920,2023,Manufacture of bodies (coachwork) for motor vehicles; manufacture of trailers and semi-trailers,North Macedonia
MK,C2920,2024,Manufacture of bodies (coachwork) for motor vehicles; manufacture of trailers and semi-trailers,North Macedonia
MK,C3012,2024,Building of pleasure and sporting boats,North Macedonia
MK,C3020,2021,Manufacture of railway locomotives and rolling stock,North Macedonia
MK,C3020,2022,Manufacture of railway locomotives and rolling stock,North Macedonia
MK,C3020,2023,Manufacture of railway locomotives and rolling stock,North Macedonia
MK,C3020,2024,Manufacture of railway locomotives and rolling stock,North Macedonia
MK,C3030,2021,Manufacture of air and spacecraft and related machinery,North Macedonia
MK,C3030,2022,Manufacture of air and spacecraft and related machinery,North Macedonia
MK,C3030,2023,Manufacture of air and spacecraft and related machinery,North Macedonia
MK,C3030,2024,Manufacture of air and spacecraft and related machinery,North Macedonia
MK,C3092,2021,Manufacture of bicycles and invalid carriages,North Macedonia
MK,C3092,2022,Manufacture of bicycles and invalid carriages,North Macedonia
MK,C3092,2023,Manufacture of bicycles and invalid carriages,North Macedonia
MK,C3092,2024,Manufacture of bicycles and invalid carriages,North Macedonia
MK,C3211,2021,Striking of coins,North Macedonia
MK,C3211,2022,Striking of coins,North Macedonia
MK,C3211,2023,Striking of coins,North Macedonia
MK,C3211,2024,Striking of coins,North Macedonia
MK,C3213,2021,Manufacture of imitation jewellery and related articles,North Macedonia
MK,C3213,2022,Manufacture of imitation jewellery and related articles,North Macedonia
MK,C3213,2023,Manufacture of imitation jewellery and related articles,North Macedonia
MK,C3213,2024,Manufacture of imitation jewellery and related articles,North Macedonia
MK,C3220,2021,Manufacture of musical instruments,North Macedonia
MK,C3220,2022,Manufacture of musical instruments,North Macedonia
MK,C3220,2023,Manufacture of musical instruments,North Macedonia
MK,C3230,2021,Manufacture of sports goods,North Macedonia
MK,C3230,2022,Manufacture of sports goods,North Macedonia
MK,C3230,2023,Manufacture of sports goods,North Macedonia
MK,C3291,2021,Manufacture of brooms and brushes,North Macedonia
MK,C3291,2022,Manufacture of brooms and brushes,North Macedonia
MK,C3291,2023,Manufacture of brooms and brushes,North Macedonia
MK,C3291,2024,Manufacture of brooms and brushes,North Macedonia
MK,C3299,2021,Other manufacturing n.e.c.,North Macedonia
MK,C3299,2022,Other manufacturing n.e.c.,North Macedonia
MK,C3299,2023,Other manufacturing n.e.c.,North Macedonia
MK,C3299,2024,Other manufacturing n.e.c.,North Macedonia
MK,C3311,2021,Repair of fabricated metal products,North Macedonia
MK,C3315,2021,Repair and maintenance of ships and boats,North Macedonia
MK,C3315,2022,Repair and maintenance of ships and boats,North Macedonia
MK,C3315,2023,Repair and maintenance of ships and boats,North Macedonia
MK,C3315,2024,Repair and maintenance of ships and boats,North Macedonia
MK,C3316,2021,Repair and maintenance of aircraft and spacecraft,North Macedonia
MK,C3316,2022,Repair and maintenance of aircraft and spacecraft,North Macedonia
MK,C3316,2023,Repair and maintenance of aircraft and spacecraft,North Macedonia
MK,C3316,2024,Repair and maintenance of aircraft and spacecraft,North Macedonia
MK,C3320,2024,Installation of industrial machinery and equipment,North Macedonia
MK,D3512,2021,Transmission of electricity,North Macedonia
MK,D3512,2022,Transmission of electricity,North Macedonia
MK,D3512,2023,Transmission of electricity,North Macedonia
MK,D3512,2024,Transmission of electricity,North Macedonia
MK,D3513,2021,Distribution of electricity,North Macedonia
MK,D3513,2022,Distribution of electricity,North Macedonia
MK,D3513,2023,Distribution of electricity,North Macedonia
MK,D3513,2024,Distribution of electricity,North Macedonia
MK,D3521,2021,Manufacture of gas,North Macedonia
MK,D3521,2022,Manufacture of gas,North Macedonia
MK,D3521,2023,Manufacture of gas,North Macedonia
MK,D3521,2024,Manufacture of gas,North Macedonia
MK,D3522,2021,Distribution of gaseous fuels through mains,North Macedonia
MK,D3522,2022,Distribution of gaseous fuels through mains,North Macedonia
MK,D3522,2023,Distribution of gaseous fuels through mains,North Macedonia
MK,D3522,2024,Distribution of gaseous fuels through mains,North Macedonia
MK,F4110,2021,Development of building projects,North Macedonia
MK,F4120,2021,Construction of residential and non-residential buildings,North Macedonia
MK,F4291,2021,Construction of water projects,North Macedonia
MK,F4332,2021,Joinery installation,North Macedonia
MK,F4391,2021,Roofing activities,North Macedonia
MK,F4399,2021,Other specialised construction activities n.e.c.,North Macedonia
MK,G4612,2022,"Agents involved in the sale of fuels, ores, metals and industrial chemicals",North Macedonia
MK,G4612,2023,"Agents involved in the sale of fuels, ores, metals and industrial chemicals",North Macedonia
MK,G4612,2024,"Agents involved in the sale of fuels, ores, metals and industrial chemicals",North Macedonia
MK,G4615,2022,"Agents involved in the sale of furniture, household goods, hardware and ironmongery",North Macedonia
MK,G4615,2023,"Agents involved in the sale of furniture, household goods, hardware and ironmongery",North Macedonia
MK,G4615,2024,"Agents involved in the sale of furniture, household goods, hardware and ironmongery",North Macedonia
MK,G4623,2021,Wholesale of live animals,North Macedonia
MK,G4624,2021,"Wholesale of hides, skins and leather",North Macedonia
MK,G4647,2021,"Wholesale of furniture, carpets and lighting equipment",North Macedonia
MK,G4648,2021,Wholesale of watches and jewellery,North Macedonia
MK,G4663,2021,"Wholesale of mining, construction and civil engineering machinery",North Macedonia
MK,G4664,2021,Wholesale of machinery for the textile industry and of sewing and knitting machines,North Macedonia
MK,G4791,2021,Retail sale via mail order houses or via Internet,North Macedonia
MK,G4799,2021,"Other retail sale not in stores, stalls or markets",North Macedonia
MK,H4910,2021,"Passenger rail transport, interurban",North Macedonia
MK,H4910,2022,"Passenger rail transport, interurban",North Macedonia
MK,H4910,2023,"Passenger rail transport, interurban",North Macedonia
MK,H4910,2024,"Passenger rail transport, interurban",North Macedonia
MK,H4920,2021,Freight rail transport,North Macedonia
MK,H4920,2022,Freight rail transport,North Macedonia
MK,H4920,2023,Freight rail transport,North Macedonia
MK,H4920,2024,Freight rail transport,North Macedonia
MK,H4931,2021,Urban and suburban passenger land transport,North Macedonia
MK,H4931,2022,Urban and suburban passenger land transport,North Macedonia
MK,H4931,2024,Urban and suburban passenger land transport,North Macedonia
MK,H4932,2021,Taxi operation,North Macedonia
MK,H4932,2023,Taxi operation,North Macedonia
MK,H4932,2024,Taxi operation,North Macedonia
MK,H4939,2022,Other passenger land transport n.e.c.,North Macedonia
MK,H4939,2023,Other passenger land transport n.e.c.,North Macedonia
MK,H4942,2023,Removal services,North Macedonia
MK,H5020,2021,Sea and coastal freight water transport,North Macedonia
MK,H5020,2022,Sea and coastal freight water transport,North Macedonia
MK,H5020,2023,Sea and coastal freight water transport,North Macedonia
MK,H5020,2024,Sea and coastal freight water transport,North Macedonia
MK,H5110,2021,Passenger air transport,North Macedonia
MK,H5110,2022,Passenger air transport,North Macedonia
MK,H5110,2023,Passenger air transport,North Macedonia
MK,H5110,2024,Passenger air transport,North Macedonia
MK,H5210,2021,Warehousing and storage,North Macedonia
MK,H5222,2021,Service activities incidental to water transportation,North Macedonia
MK,H5222,2022,Service activities incidental to water transportation,North Macedonia
MK,H5222,2023,Service activities incidental to water transportation,North Macedonia
MK,H5222,2024,Service activities incidental to water transportation,North Macedonia
MK,H5224,2021,Cargo handling,North Macedonia
MK,H5224,2022,Cargo handling,North Macedonia
MK,H5224,2023,Cargo handling,North Macedonia
MK,H5224,2024,Cargo handling,North Macedonia
MK,H5310,2021,Postal activities under universal service obligation,North Macedonia
MK,H5310,2022,Postal activities under universal service obligation,North Macedonia
MK,H5310,2023,Postal activities under universal service obligation,North Macedonia
MK,H5310,2024,Postal activities under universal service obligation,North Macedonia
MK,H5320,2021,Other postal and courier activities,North Macedonia
MK,H5320,2022,Other postal and courier activities,North Macedonia
MK,H5320,2023,Other postal and courier activities,North Macedonia
MK,H5320,2024,Other postal and courier activities,North Macedonia
MK,I5520,2021,Holiday and other short-stay accommodation,North Macedonia
MK,I5530,2021,"Camping grounds, recreational vehicle parks and trailer parks",North Macedonia
MK,I5590,2021,Other accommodation,North Macedonia
MK,I5610,2021,Restaurants and mobile food service activities,North Macedonia
MK,I5630,2021,Beverage serving activities,North Macedonia
MK,J5812,2021,Publishing of directories and mailing lists,North Macedonia
MK,J5812,2022,Publishing of directories and mailing lists,North Macedonia
MK,J5812,2023,Publishing of directories and mailing lists,North Macedonia
MK,J5812,2024,Publishing of directories and mailing lists,North Macedonia
MK,J5814,2021,Publishing of journals and periodicals,North Macedonia
MK,J5814,2022,Publishing of journals and periodicals,North Macedonia
MK,J5814,2023,Publishing of journals and periodicals,North Macedonia
MK,J5814,2024,Publishing of journals and periodicals,North Macedonia
MK,J5912,2021,"Motion picture, video and television programme post-production activities",North Macedonia
MK,J5912,2022,"Motion picture, video and television programme post-production activities",North Macedonia
MK,J5912,2023,"Motion picture, video and television programme post-production activities",North Macedonia
MK,J5912,2024,"Motion picture, video and television programme post-production activities",North Macedonia
MK,J5914,2021,Motion picture projection activities,North Macedonia
MK,J5914,2022,Motion picture projection activities,North Macedonia
MK,J5914,2023,Motion picture projection activities,North Macedonia
MK,J5914,2024,Motion picture projection activities,North Macedonia
MK,J5920,2021,Sound recording and music publishing activities,North Macedonia
MK,J5920,2023,Sound recording and music publishing activities,North Macedonia
MK,J6110,2023,Wired telecommunications activities,North Macedonia
MK,J6130,2021,Satellite telecommunications activities,North Macedonia
MK,J6190,2021,Other telecommunications activities,North Macedonia
MK,J6391,2021,News agency activities,North Macedonia
MK,K6411,2021,Central banking,North Macedonia
MK,K6411,2022,Central banking,North Macedonia
MK,K6411,2023,Central banking,North Macedonia
MK,K6411,2024,Central banking,North Macedonia
MK,K6419,2021,Other monetary intermediation,North Macedonia
MK,K6419,2022,Other monetary intermediation,North Macedonia
MK,K6419,2023,Other monetary intermediation,North Macedonia
MK,K6419,2024,Other monetary intermediation,North Macedonia
MK,K6530,2022,Pension funding,North Macedonia
MK,M7211,2024,Research and experimental development on biotechnology,North Macedonia
MK,M7219,2024,Other research and experimental development on natural sciences and engineering,North Macedonia
MK,M7220,2024,Research and experimental development on social sciences and humanities,North Macedonia
MK,N7711,2021,Renting and leasing of cars and light motor vehicles,North Macedonia
MK,N7711,2022,Renting and leasing of cars and light motor vehicles,North Macedonia
MK,N7711,2023,Renting and leasing of cars and light motor vehicles,North Macedonia
MK,N7712,2021,Renting and leasing of trucks,North Macedonia
MK,N7712,2022,Renting and leasing of trucks,North Macedonia
MK,N7712,2023,Renting and leasing of trucks,North Macedonia
MK,N7721,2023,Renting and leasing of recreational and sports goods,North Macedonia
MK,N7722,2021,Renting of video tapes and disks,North Macedonia
MK,N7722,2022,Renting of video tapes and disks,North Macedonia
MK,N7722,2023,Renting of video tapes and disks,North Macedonia
MK,N7722,2024,Renting of video tapes and disks,North Macedonia
MK,N7729,2021,Renting and leasing of other personal and household goods,North Macedonia
MK,N7732,2021,Renting and leasing of construction and civil engineering machinery and equipment,North Macedonia
MK,N7733,2021,Renting and leasing of office machinery and equipment (including computers),North Macedonia
MK,N7733,2023,Renting and leasing of office machinery and equipment (including computers),North Macedonia
MK,N7733,2024,Renting and leasing of office machinery and equipment (including computers),North Macedonia
MK,N7734,2023,Renting and leasing of water transport equipment,North Macedonia
MK,N7734,2024,Renting and leasing of water transport equipment,North Macedonia
MK,N7740,2021,"Leasing of intellectual property and similar products, except copyrighted works",North Macedonia
MK,N7740,2022,"Leasing of intellectual property and similar products, except copyrighted works",North Macedonia
MK,N7740,2023,"Leasing of intellectual property and similar products, except copyrighted works",North Macedonia
MK,N7740,2024,"Leasing of intellectual property and similar products, except copyrighted works",North Macedonia
MK,N7911,2022,Travel agency activities,North Macedonia
MK,N7911,2023,Travel agency activities,North Macedonia
MK,N7912,2024,Tour operator activities,North Macedonia
MK,N7990,2022,Other reservation service and related activities,North Macedonia
MK,N7990,2023,Other reservation service and related activities,North Macedonia
MK,N7990,2024,Other reservation service and related activities,North Macedonia
MK,P8510,2021,Pre-primary education,North Macedonia
MK,P8510,2022,Pre-primary education,North Macedonia
MK,P8510,2023,Pre-primary education,North Macedonia
MK,P8510,2024,Pre-primary education,North Macedonia
MK,P8520,2022,Primary education,North Macedonia
MK,P8531,2021,General secondary education,North Macedonia
MK,P8531,2022,General secondary education,North Macedonia
MK,P8531,2023,General secondary education,North Macedonia
MK,P8531,2024,General secondary education,North Macedonia
MK,P8532,2021,Technical and vocational secondary education,North Macedonia
MK,P8532,2022,Technical and vocational secondary education,North Macedonia
MK,P8532,2023,Technical and vocational secondary education,North Macedonia
MK,P8532,2024,Technical and vocational secondary education,North Macedonia
MK,P8541,2021,Post-secondary non-tertiary education,North Macedonia
MK,P8541,2022,Post-secondary non-tertiary education,North Macedonia
MK,P8541,2023,Post-secondary non-tertiary education,North Macedonia
MK,P8541,2024,Post-secondary non-tertiary education,North Macedonia
MK,P8542,2021,Tertiary education,North Macedonia
MK,P8542,2022,Tertiary education,North Macedonia
MK,P8542,2023,Tertiary education,North Macedonia
MK,P8542,2024,Tertiary education,North Macedonia
MK,P8552,2021,Cultural education,North Macedonia
MK,P8553,2021,Driving school activities,North Macedonia
MK,P8560,2021,Educational support activities,North Macedonia
MK,P8560,2023,Educational support activities,North Macedonia
MK,P8560,2024,Educational support activities,North Macedonia
MK,Q8621,2021,General medical practice activities,North Macedonia
MK,Q8622,2021,Specialist medical practice activities,North Macedonia
MK,Q8690,2021,Other human health activities,North Macedonia
MK,Q8690,2022,Other human health activities,North Macedonia
MK,Q8710,2021,Residential nursing care activities,North Macedonia
MK,Q8710,2022,Residential nursing care activities,North Macedonia
MK,Q8710,2023,Residential nursing care activities,North Macedonia
MK,Q8710,2024,Residential nursing care activities,North Macedonia
MK,Q8720,2021,"Residential care activities for mental retardation, mental health and substance abuse",North Macedonia
MK,Q8720,2022,"Residential care activities for mental retardation, mental health and substance abuse",North Macedonia
MK,Q8720,2023,"Residential care activities for mental retardation, mental health and substance abuse",North Macedonia
MK,Q8720,2024,"Residential care activities for mental retardation, mental health and substance abuse",North Macedonia
MK,Q8730,2023,Residential care activities for the elderly and disabled,North Macedonia
MK,Q8730,2024,Residential care activities for the elderly and disabled,North Macedonia
MK,Q8790,2021,Other residential care activities,North Macedonia
MK,Q8790,2022,Other residential care activities,North Macedonia
MK,Q8790,2023,Other residential care activities,North Macedonia
MK,Q8790,2024,Other residential care activities,North Macedonia
MK,Q8810,2022,Social work activities without accommodation for the elderly and disabled,North Macedonia
MK,Q8810,2023,Social work activities without accommodation for the elderly and disabled,North Macedonia
MK,Q8810,2024,Social work activities without accommodation for the elderly and disabled,North Macedonia
MK,Q8899,2022,Other social work activities without accommodation n.e.c.,North Macedonia
MK,Q8899,2023,Other social work activities without accommodation n.e.c.,North Macedonia
MK,Q8899,2024,Other social work activities without accommodation n.e.c.,North Macedonia
MK,R9002,2021,Support activities to performing arts,North Macedonia
MK,R9004,2024,Operation of arts facilities,North Macedonia
MK,R9101,2021,Library and archives activities,North Macedonia
MK,R9101,2022,Library and archives activities,North Macedonia
MK,R9101,2023,Library and archives activities,North Macedonia
MK,R9101,2024,Library and archives activities,North Macedonia
MK,R9102,2021,Museums activities,North Macedonia
MK,R9102,2022,Museums activities,North Macedonia
MK,R9102,2023,Museums activities,North Macedonia
MK,R9102,2024,Museums activities,North Macedonia
MK,R9200,2023,Gambling and betting activities,North Macedonia
MK,S9511,2021,Repair of computers and peripheral equipment,North Macedonia
MK,S9511,2023,Repair of computers and peripheral equipment,North Macedonia
MK,S9521,2021,Repair of consumer electronics,North Macedonia
MK,S9529,2023,Repair of other personal and household goods,North Macedonia
MK,S9603,2021,Funeral and related activities,North Macedonia
MK,S9604,2021,Physical well-being activities,North Macedonia
MT,B0510,2021,Mining of hard coal,Malta
MT,B0812,2022,"""Operation of gravel and sand pits; mining of clays and kaolin""",Malta
MT,B0812,2023,"""Operation of gravel and sand pits; mining of clays and kaolin""",Malta
MT,B0812,2024,"""Operation of gravel and sand pits; mining of clays and kaolin""",Malta
MT,B0893,2024,Extraction of salt,Malta
MT,B0899,2022,Other mining and quarrying n.e.c.,Malta
MT,B0899,2023,Other mining and quarrying n.e.c.,Malta
MT,B0899,2024,Other mining and quarrying n.e.c.,Malta
MT,B0910,2021,Support activities for petroleum and natural gas extraction,Malta
MT,B0910,2022,Support activities for petroleum and natural gas extraction,Malta
MT,B0910,2023,Support activities for petroleum and natural gas extraction,Malta
MT,B0910,2024,Support activities for petroleum and natural gas extraction,Malta
MT,B0990,2021,Support activities for other mining and quarrying,Malta
MT,B0990,2022,Support activities for other mining and quarrying,Malta
MT,B0990,2023,Support activities for other mining and quarrying,Malta
MT,B0990,2024,Support activities for other mining and quarrying,Malta
MT,C1031,2021,Processing and preserving of potatoes,Malta
MT,C1031,2022,Processing and preserving of potatoes,Malta
MT,C1031,2023,Processing and preserving of potatoes,Malta
MT,C1031,2024,Processing and preserving of potatoes,Malta
MT,C1032,2023,Manufacture of fruit and vegetable juice,Malta
MT,C1032,2024,Manufacture of fruit and vegetable juice,Malta
MT,C1039,2022,Other processing and preserving of fruit and vegetables,Malta
MT,C1041,2021,Manufacture of oils and fats,Malta
MT,C1041,2022,Manufacture of oils and fats,Malta
MT,C1041,2023,Manufacture of oils and fats,Malta
MT,C1041,2024,Manufacture of oils and fats,Malta
MT,C1051,2021,Operation of dairies and cheese making,Malta
MT,C1051,2022,Operation of dairies and cheese making,Malta
MT,C1061,2021,Manufacture of grain mill products,Malta
MT,C1061,2023,Manufacture of grain mill products,Malta
MT,C1061,2024,Manufacture of grain mill products,Malta
MT,C1083,2021,Processing of tea and coffee,Malta
MT,C1083,2022,Processing of tea and coffee,Malta
MT,C1083,2023,Processing of tea and coffee,Malta
MT,C1083,2024,Processing of tea and coffee,Malta
MT,C1086,2021,Manufacture of homogenised food preparations and dietetic food,Malta
MT,C1086,2022,Manufacture of homogenised food preparations and dietetic food,Malta
MT,C1086,2023,Manufacture of homogenised food preparations and dietetic food,Malta
MT,C1086,2024,Manufacture of homogenised food preparations and dietetic food,Malta
MT,C1089,2021,Manufacture of other food products n.e.c.,Malta
MT,C1089,2024,Manufacture of other food products n.e.c.,Malta
MT,C1091,2021,Manufacture of prepared feeds for farm animals,Malta
MT,C1091,2022,Manufacture of prepared feeds for farm animals,Malta
MT,C1091,2024,Manufacture of prepared feeds for farm animals,Malta
MT,C1092,2021,Manufacture of prepared pet foods,Malta
MT,C1092,2022,Manufacture of prepared pet foods,Malta
MT,C1092,2024,Manufacture of prepared pet foods,Malta
MT,C1101,2021,"Distilling, rectifying and blending of spirits",Malta
MT,C1101,2022,"Distilling, rectifying and blending of spirits",Malta
MT,C1101,2024,"Distilling, rectifying and blending of spirits",Malta
MT,C1102,2023,Manufacture of wine from grape,Malta
MT,C1102,2024,Manufacture of wine from grape,Malta
MT,C1105,2021,Manufacture of beer,Malta
MT,C1105,2022,Manufacture of beer,Malta
MT,C1105,2023,Manufacture of beer,Malta
MT,C1105,2024,Manufacture of beer,Malta
MT,C1200,2021,Manufacture of tobacco products,Malta
MT,C1310,2021,Preparation and spinning of textile fibres,Malta
MT,C1310,2022,Preparation and spinning of textile fibres,Malta
MT,C1310,2023,Preparation and spinning of textile fibres,Malta
MT,C1310,2024,Preparation and spinning of textile fibres,Malta
MT,C1320,2021,Weaving of textiles,Malta
MT,C1320,2022,Weaving of textiles,Malta
MT,C1320,2023,Weaving of textiles,Malta
MT,C1320,2024,Weaving of textiles,Malta
MT,C1330,2022,Finishing of textiles,Malta
MT,C1391,2021,Manufacture of knitted and crocheted fabrics,Malta
MT,C1391,2022,Manufacture of knitted and crocheted fabrics,Malta
MT,C1391,2023,Manufacture of knitted and crocheted fabrics,Malta
MT,C1393,2021,Manufacture of carpets and rugs,Malta
MT,C1393,2024,Manufacture of carpets and rugs,Malta
MT,C1394,2023,"Manufacture of cordage, rope, twine and netting",Malta
MT,C1394,2024,"Manufacture of cordage, rope, twine and netting",Malta
MT,C1399,2022,Manufacture of other textiles n.e.c.,Malta
MT,C1411,2021,Manufacture of leather clothes,Malta
MT,C1411,2022,Manufacture of leather clothes,Malta
MT,C1411,2023,Manufacture of leather clothes,Malta
MT,C1411,2024,Manufacture of leather clothes,Malta
MT,C1412,2021,Manufacture of workwear,Malta
MT,C1419,2024,Manufacture of other wearing apparel and accessories,Malta
MT,C1420,2021,Manufacture of articles of fur,Malta
MT,C1431,2024,Manufacture of knitted and crocheted hosiery,Malta
MT,C1439,2021,Manufacture of other knitted and crocheted apparel,Malta
MT,C1439,2022,Manufacture of other knitted and crocheted apparel,Malta
MT,C1439,2023,Manufacture of other knitted and crocheted apparel,Malta
MT,C1439,2024,Manufacture of other knitted and crocheted apparel,Malta
MT,C1512,2021,"Manufacture of luggage, handbags and the like, saddlery and harness",Malta
MT,C1512,2022,"Manufacture of luggage, handbags and the like, saddlery and harness",Malta
MT,C1512,2023,"Manufacture of luggage, handbags and the like, saddlery and harness",Malta
MT,C1512,2024,"Manufacture of luggage, handbags and the like, saddlery and harness",Malta
MT,C1520,2021,Manufacture of footwear,Malta
MT,C1520,2022,Manufacture of footwear,Malta
MT,C1610,2021,Sawmilling and planing of wood,Malta
MT,C1610,2022,Sawmilling and planing of wood,Malta
MT,C1610,2023,Sawmilling and planing of wood,Malta
MT,C1610,2024,Sawmilling and planing of wood,Malta
MT,C1621,2021,Manufacture of veneer sheets and wood-based panels,Malta
MT,C1621,2022,Manufacture of veneer sheets and wood-based panels,Malta
MT,C1621,2023,Manufacture of veneer sheets and wood-based panels,Malta
MT,C1621,2024,Manufacture of veneer sheets and wood-based panels,Malta
MT,C1622,2021,Manufacture of assembled parquet floors,Malta
MT,C1622,2022,Manufacture of assembled parquet floors,Malta
MT,C1622,2023,Manufacture of assembled parquet floors,Malta
MT,C1622,2024,Manufacture of assembled parquet floors,Malta
MT,C1624,2021,Manufacture of wooden containers,Malta
MT,C1624,2022,Manufacture of wooden containers,Malta
MT,C1624,2023,Manufacture of wooden containers,Malta
MT,C1721,2022,Manufacture of corrugated paper and paperboard and of containers of paper and paperboard,Malta
MT,C1721,2023,Manufacture of corrugated paper and paperboard and of containers of paper and paperboard,Malta
MT,C1721,2024,Manufacture of corrugated paper and paperboard and of containers of paper and paperboard,Malta
MT,C1722,2021,Manufacture of household and sanitary goods and of toilet requisites,Malta
MT,C1722,2024,Manufacture of household and sanitary goods and of toilet requisites,Malta
MT,C1723,2022,Manufacture of paper stationery,Malta
MT,C1723,2023,Manufacture of paper stationery,Malta
MT,C1723,2024,Manufacture of paper stationery,Malta
MT,C1729,2021,Manufacture of other articles of paper and paperboard,Malta
MT,C1729,2022,Manufacture of other articles of paper and paperboard,Malta
MT,C1813,2022,Pre-press and pre-media services,Malta
MT,C1813,2023,Pre-press and pre-media services,Malta
MT,C1813,2024,Pre-press and pre-media services,Malta
MT,C1814,2022,Binding and related services,Malta
MT,C1814,2023,Binding and related services,Malta
MT,C1814,2024,Binding and related services,Malta
MT,C1820,2022,Reproduction of recorded media,Malta
MT,C1820,2023,Reproduction of recorded media,Malta
MT,C1820,2024,Reproduction of recorded media,Malta
MT,C1910,2021,Manufacture of coke oven products,Malta
MT,C2011,2021,Manufacture of industrial gases,Malta
MT,C2011,2022,Manufacture of industrial gases,Malta
MT,C2011,2023,Manufacture of industrial gases,Malta
MT,C2011,2024,Manufacture of industrial gases,Malta
MT,C2013,2021,Manufacture of other inorganic basic chemicals,Malta
MT,C2013,2022,Manufacture of other inorganic basic chemicals,Malta
MT,C2013,2023,Manufacture of other inorganic basic chemicals,Malta
MT,C2013,2024,Manufacture of other inorganic basic chemicals,Malta
MT,C2014,2021,Manufacture of other organic basic chemicals,Malta
MT,C2014,2022,Manufacture of other organic basic chemicals,Malta
MT,C2014,2023,Manufacture of other organic basic chemicals,Malta
MT,C2014,2024,Manufacture of other organic basic chemicals,Malta
MT,C2016,2023,Manufacture of plastics in primary forms,Malta
MT,C2016,2024,Manufacture of plastics in primary forms,Malta
MT,C2020,2021,Manufacture of pesticides and other agrochemical products,Malta
MT,C2020,2022,Manufacture of pesticides and other agrochemical products,Malta
MT,C2020,2023,Manufacture of pesticides and other agrochemical products,Malta
MT,C2020,2024,Manufacture of pesticides and other agrochemical products,Malta
MT,C2041,2021,"Manufacture of soap and detergents, cleaning and polishing preparations",Malta
MT,C2041,2022,"Manufacture of soap and detergents, cleaning and polishing preparations",Malta
MT,C2041,2023,"Manufacture of soap and detergents, cleaning and polishing preparations",Malta
MT,C2042,2021,Manufacture of perfumes and toilet preparations,Malta
MT,C2042,2022,Manufacture of perfumes and toilet preparations,Malta
MT,C2051,2021,Manufacture of explosives,Malta
MT,C2051,2022,Manufacture of explosives,Malta
MT,C2052,2021,Manufacture of glues,Malta
MT,C2052,2022,Manufacture of glues,Malta
MT,C2052,2023,Manufacture of glues,Malta
MT,C2052,2024,Manufacture of glues,Malta
MT,C2053,2023,Manufacture of essential oils,Malta
MT,C2053,2024,Manufacture of essential oils,Malta
MT,C2060,2021,Manufacture of man-made fibres,Malta
MT,C2110,2024,Manufacture of basic pharmaceutical products,Malta
MT,C2120,2023,Manufacture of pharmaceutical preparations,Malta
MT,C2221,2021,"Manufacture of plastic plates, sheets, tubes and profiles",Malta
MT,C2221,2022,"Manufacture of plastic plates, sheets, tubes and profiles",Malta
MT,C2221,2023,"Manufacture of plastic plates, sheets, tubes and profiles",Malta
MT,C2221,2024,"Manufacture of plastic plates, sheets, tubes and profiles",Malta
MT,C2223,2021,Manufacture of builders' ware of plastic,Malta
MT,C2223,2023,Manufacture of builders' ware of plastic,Malta
MT,C2223,2024,Manufacture of builders' ware of plastic,Malta
MT,C2229,2022,Manufacture of other plastic products,Malta
MT,C2311,2024,Manufacture of flat glass,Malta
MT,C2313,2023,Manufacture of hollow glass,Malta
MT,C2313,2024,Manufacture of hollow glass,Malta
MT,C2314,2023,Manufacture of glass fibres,Malta
MT,C2331,2021,Manufacture of ceramic tiles and flags,Malta
MT,C2331,2022,Manufacture of ceramic tiles and flags,Malta
MT,C2331,2023,Manufacture of ceramic tiles and flags,Malta
MT,C2331,2024,Manufacture of ceramic tiles and flags,Malta
MT,C2332,2021,"Manufacture of bricks, tiles and construction products, in baked clay",Malta
MT,C2332,2022,"Manufacture of bricks, tiles and construction products, in baked clay",Malta
MT,C2332,2023,"Manufacture of bricks, tiles and construction products, in baked clay",Malta
MT,C2332,2024,"Manufacture of bricks, tiles and construction products, in baked clay",Malta
MT,C2341,2022,Manufacture of ceramic household and ornamental articles,Malta
MT,C2341,2023,Manufacture of ceramic household and ornamental articles,Malta
MT,C2341,2024,Manufacture of ceramic household and ornamental articles,Malta
MT,C2349,2022,Manufacture of other ceramic products,Malta
MT,C2349,2023,Manufacture of other ceramic products,Malta
MT,C2349,2024,Manufacture of other ceramic products,Malta
MT,C2399,2021,Manufacture of other non-metallic mineral products n.e.c.,Malta
MT,C2399,2023,Manufacture of other non-metallic mineral products n.e.c.,Malta
MT,C2399,2024,Manufacture of other non-metallic mineral products n.e.c.,Malta
MT,C2410,2023,Manufacture of basic iron and steel and of ferro-alloys,Malta
MT,C2410,2024,Manufacture of basic iron and steel and of ferro-alloys,Malta
MT,C2420,2023,"Manufacture of tubes, pipes, hollow profiles and related fittings, of steel",Malta
MT,C2431,2023,Cold drawing of bars,Malta
MT,C2431,2024,Cold drawing of bars,Malta
MT,C2433,2023,Cold forming or folding,Malta
MT,C2433,2024,Cold forming or folding,Malta
MT,C2441,2023,Precious metals production,Malta
MT,C2441,2024,Precious metals production,Malta
MT,C2442,2023,Aluminium production,Malta
MT,C2451,2021,Casting of iron,Malta
MT,C2451,2022,Casting of iron,Malta
MT,C2451,2023,Casting of iron,Malta
MT,C2451,2024,Casting of iron,Malta
MT,C2452,2022,Casting of steel,Malta
MT,C2452,2023,Casting of steel,Malta
MT,C2452,2024,Casting of steel,Malta
MT,C2453,2021,Casting of light metals,Malta
MT,C2453,2022,Casting of light metals,Malta
MT,C2521,2021,Manufacture of central heating radiators and boilers,Malta
MT,C2521,2023,Manufacture of central heating radiators and boilers,Malta
MT,C2521,2024,Manufacture of central heating radiators and boilers,Malta
MT,C2530,2021,"Manufacture of steam generators, except central heating hot water boilers",Malta
MT,C2530,2022,"Manufacture of steam generators, except central heating hot water boilers",Malta
MT,C2530,2023,"Manufacture of steam generators, except central heating hot water boilers",Malta
MT,C2530,2024,"Manufacture of steam generators, except central heating hot water boilers",Malta
MT,C2540,2021,Manufacture of weapons and ammunition,Malta
MT,C2550,2022,"Forging, pressing, stamping and roll-forming of metal; powder metallurgy",Malta
MT,C2550,2023,"Forging, pressing, stamping and roll-forming of metal; powder metallurgy",Malta
MT,C2571,2021,Manufacture of cutlery,Malta
MT,C2572,2021,Manufacture of locks and hinges,Malta
MT,C2572,2022,Manufacture of locks and hinges,Malta
MT,C2572,2023,Manufacture of locks and hinges,Malta
MT,C2572,2024,Manufacture of locks and hinges,Malta
MT,C2573,2022,Manufacture of tools,Malta
MT,C2573,2023,Manufacture of tools,Malta
MT,C2573,2024,Manufacture of tools,Malta
MT,C2591,2021,Manufacture of steel drums and similar containers,Malta
MT,C2593,2021,"Manufacture of wire products, chain and springs",Malta
MT,C2593,2022,"Manufacture of wire products, chain and springs",Malta
MT,C2593,2023,"Manufacture of wire products, chain and springs",Malta
MT,C2593,2024,"Manufacture of wire products, chain and springs",Malta
MT,C2599,2022,Manufacture of other fabricated metal products n.e.c.,Malta
MT,C2599,2023,Manufacture of other fabricated metal products n.e.c.,Malta
MT,C2599,2024,Manufacture of other fabricated metal products n.e.c.,Malta
MT,C2611,2021,Manufacture of electronic components,Malta
MT,C2611,2022,Manufacture of electronic components,Malta
MT,C2611,2023,Manufacture of electronic components,Malta
MT,C2611,2024,Manufacture of electronic components,Malta
MT,C2612,2021,Manufacture of loaded electronic boards,Malta
MT,C2612,2022,Manufacture of loaded electronic boards,Malta
MT,C2612,2023,Manufacture of loaded electronic boards,Malta
MT,C2612,2024,Manufacture of loaded electronic boards,Malta
MT,C2620,2021,Manufacture of computers and peripheral equipment,Malta
MT,C2640,2021,Manufacture of consumer electronics,Malta
MT,C2640,2022,Manufacture of consumer electronics,Malta
MT,C2640,2023,Manufacture of consumer electronics,Malta
MT,C2640,2024,Manufacture of consumer electronics,Malta
MT,C2660,2021,"Manufacture of irradiation, electromedical and electrotherapeutic equipment",Malta
MT,C2660,2022,"Manufacture of irradiation, electromedical and electrotherapeutic equipment",Malta
MT,C2660,2023,"Manufacture of irradiation, electromedical and electrotherapeutic equipment",Malta
MT,C2660,2024,"Manufacture of irradiation, electromedical and electrotherapeutic equipment",Malta
MT,C2711,2024,"Manufacture of electric motors, generators and transformers",Malta
MT,C2712,2024,Manufacture of electricity distribution and control apparatus,Malta
MT,C2720,2021,Manufacture of batteries and accumulators,Malta
MT,C2720,2022,Manufacture of batteries and accumulators,Malta
MT,C2720,2023,Manufacture of batteries and accumulators,Malta
MT,C2720,2024,Manufacture of batteries and accumulators,Malta
MT,C2732,2022,Manufacture of other electronic and electric wires and cables,Malta
MT,C2732,2023,Manufacture of other electronic and electric wires and cables,Malta
MT,C2732,2024,Manufacture of other electronic and electric wires and cables,Malta
MT,C2740,2021,Manufacture of electric lighting equipment,Malta
MT,C2740,2022,Manufacture of electric lighting equipment,Malta
MT,C2740,2023,Manufacture of electric lighting equipment,Malta
MT,C2740,2024,Manufacture of electric lighting equipment,Malta
MT,C2811,2021,"Manufacture of engines and turbines, except aircraft, vehicle and cycle engines",Malta
MT,C2811,2022,"Manufacture of engines and turbines, except aircraft, vehicle and cycle engines",Malta
MT,C2811,2023,"Manufacture of engines and turbines, except aircraft, vehicle and cycle engines",Malta
MT,C2811,2024,"Manufacture of engines and turbines, except aircraft, vehicle and cycle engines",Malta
MT,C2815,2021,"Manufacture of bearings, gears, gearing and driving elements",Malta
MT,C2815,2022,"Manufacture of bearings, gears, gearing and driving elements",Malta
MT,C2815,2023,"Manufacture of bearings, gears, gearing and driving elements",Malta
MT,C2815,2024,"Manufacture of bearings, gears, gearing and driving elements",Malta
MT,C2821,2021,"Manufacture of ovens, furnaces and furnace burners",Malta
MT,C2822,2021,Manufacture of lifting and handling equipment,Malta
MT,C2822,2022,Manufacture of lifting and handling equipment,Malta
MT,C2822,2023,Manufacture of lifting and handling equipment,Malta
MT,C2822,2024,Manufacture of lifting and handling equipment,Malta
MT,C2829,2022,Manufacture of other general-purpose machinery n.e.c.,Malta
MT,C2829,2023,Manufacture of other general-purpose machinery n.e.c.,Malta
MT,C2829,2024,Manufacture of other general-purpose machinery n.e.c.,Malta
MT,C2830,2021,Manufacture of agricultural and forestry machinery,Malta
MT,C2841,2022,Manufacture of metal forming machinery,Malta
MT,C2841,2023,Manufacture of metal forming machinery,Malta
MT,C2841,2024,Manufacture of metal forming machinery,Malta
MT,C2849,2022,Manufacture of other machine tools,Malta
MT,C2849,2023,Manufacture of other machine tools,Malta
MT,C2849,2024,Manufacture of other machine tools,Malta
MT,C2891,2021,Manufacture of machinery for metallurgy,Malta
MT,C2892,2022,"Manufacture of machinery for mining, quarrying and construction",Malta
MT,C2892,2023,"Manufacture of machinery for mining, quarrying and construction",Malta
MT,C2892,2024,"Manufacture of machinery for mining, quarrying and construction",Malta
MT,C2893,2022,"Manufacture of machinery for food, beverage and tobacco processing",Malta
MT,C2893,2023,"Manufacture of machinery for food, beverage and tobacco processing",Malta
MT,C2896,2021,Manufacture of plastics and rubber machinery,Malta
MT,C2896,2022,Manufacture of plastics and rubber machinery,Malta
MT,C2896,2023,Manufacture of plastics and rubber machinery,Malta
MT,C2896,2024,Manufacture of plastics and rubber machinery,Malta
MT,C2910,2021,Manufacture of motor vehicles,Malta
MT,C2920,2021,Manufacture of bodies (coachwork) for motor vehicles; manufacture of trailers and semi-trailers,Malta
MT,C2920,2022,Manufacture of bodies (coachwork) for motor vehicles; manufacture of trailers and semi-trailers,Malta
MT,C2920,2023,Manufacture of bodies (coachwork) for motor vehicles; manufacture of trailers and semi-trailers,Malta
MT,C2920,2024,Manufacture of bodies (coachwork) for motor vehicles; manufacture of trailers and semi-trailers,Malta
MT,C2931,2022,Manufacture of electrical and electronic equipment for motor vehicles,Malta
MT,C2931,2023,Manufacture of electrical and electronic equipment for motor vehicles,Malta
MT,C2931,2024,Manufacture of electrical and electronic equipment for motor vehicles,Malta
MT,C2932,2023,Manufacture of other parts and accessories for motor vehicles,Malta
MT,C2932,2024,Manufacture of other parts and accessories for motor vehicles,Malta
MT,C3011,2021,Building of ships and floating structures,Malta
MT,C3011,2022,Building of ships and floating structures,Malta
MT,C3011,2023,Building of ships and floating structures,Malta
MT,C3011,2024,Building of ships and floating structures,Malta
MT,C3012,2021,Building of pleasure and sporting boats,Malta
MT,C3012,2022,Building of pleasure and sporting boats,Malta
MT,C3012,2023,Building of pleasure and sporting boats,Malta
MT,C3012,2024,Building of pleasure and sporting boats,Malta
MT,C3092,2021,Manufacture of bicycles and invalid carriages,Malta
MT,C3092,2022,Manufacture of bicycles and invalid carriages,Malta
MT,C3092,2023,Manufacture of bicycles and invalid carriages,Malta
MT,C3092,2024,Manufacture of bicycles and invalid carriages,Malta
MT,C3101,2021,Manufacture of office and shop furniture,Malta
MT,C3101,2023,Manufacture of office and shop furniture,Malta
MT,C3102,2022,Manufacture of kitchen furniture,Malta
MT,C3102,2024,Manufacture of kitchen furniture,Malta
MT,C3103,2021,Manufacture of mattresses,Malta
MT,C3103,2022,Manufacture of mattresses,Malta
MT,C3103,2023,Manufacture of mattresses,Malta
MT,C3103,2024,Manufacture of mattresses,Malta
MT,C3211,2021,Striking of coins,Malta
MT,C3212,2022,Manufacture of jewellery and related articles,Malta
MT,C3213,2021,Manufacture of imitation jewellery and related articles,Malta
MT,C3213,2022,Manufacture of imitation jewellery and related articles,Malta
MT,C3220,2021,Manufacture of musical instruments,Malta
MT,C3220,2022,Manufacture of musical instruments,Malta
MT,C3220,2023,Manufacture of musical instruments,Malta
MT,C3220,2024,Manufacture of musical instruments,Malta
MT,C3230,2021,Manufacture of sports goods,Malta
MT,C3240,2022,Manufacture of games and toys,Malta
MT,C3240,2023,Manufacture of games and toys,Malta
MT,C3240,2024,Manufacture of games and toys,Malta
MT,C3291,2021,Manufacture of brooms and brushes,Malta
MT,C3291,2022,Manufacture of brooms and brushes,Malta
MT,C3291,2023,Manufacture of brooms and brushes,Malta
MT,C3291,2024,Manufacture of brooms and brushes,Malta
MT,C3299,2021,Other manufacturing n.e.c.,Malta
MT,C3299,2022,Other manufacturing n.e.c.,Malta
MT,C3299,2023,Other manufacturing n.e.c.,Malta
MT,C3299,2024,Other manufacturing n.e.c.,Malta
MT,D3521,2021,Manufacture of gas,Malta
MT,D3521,2022,Manufacture of gas,Malta
MT,D3521,2023,Manufacture of gas,Malta
MT,D3521,2024,Manufacture of gas,Malta
MT,D3530,2021,Steam and air conditioning supply,Malta
MT,D3530,2022,Steam and air conditioning supply,Malta
MT,D3530,2023,Steam and air conditioning supply,Malta
MT,D3530,2024,Steam and air conditioning supply,Malta
MT,E3600,2021,"Water collection, treatment and supply",Malta
MT,E3600,2022,"Water collection, treatment and supply",Malta
MT,E3600,2023,"Water collection, treatment and supply",Malta
MT,E3600,2024,"Water collection, treatment and supply",Malta
MT,E3700,2021,Sewerage,Malta
MT,E3700,2022,Sewerage,Malta
MT,E3700,2023,Sewerage,Malta
MT,E3811,2023,Collection of non-hazardous waste,Malta
MT,E3812,2023,Collection of hazardous waste,Malta
MT,E3821,2021,Treatment and disposal of non-hazardous waste,Malta
MT,E3821,2022,Treatment and disposal of non-hazardous waste,Malta
MT,E3821,2024,Treatment and disposal of non-hazardous waste,Malta
MT,E3822,2021,Treatment and disposal of hazardous waste,Malta
MT,E3822,2022,Treatment and disposal of hazardous waste,Malta
MT,E3822,2024,Treatment and disposal of hazardous waste,Malta
MT,E3831,2021,Dismantling of wrecks,Malta
MT,E3831,2022,Dismantling of wrecks,Malta
MT,E3831,2023,Dismantling of wrecks,Malta
MT,E3831,2024,Dismantling of wrecks,Malta
MT,E3832,2021,Recovery of sorted materials,Malta
MT,E3832,2022,Recovery of sorted materials,Malta
MT,E3832,2023,Recovery of sorted materials,Malta
MT,E3832,2024,Recovery of sorted materials,Malta
MT,E3900,2024,Remediation activities and other waste management services,Malta
MT,F4211,2022,Construction of roads and motorways,Malta
MT,F4211,2023,Construction of roads and motorways,Malta
MT,F4211,2024,Construction of roads and motorways,Malta
MT,F4212,2021,Construction of railways and underground railways,Malta
MT,F4213,2021,Construction of bridges and tunnels,Malta
MT,F4213,2022,Construction of bridges and tunnels,Malta
MT,F4213,2023,Construction of bridges and tunnels,Malta
MT,F4213,2024,Construction of bridges and tunnels,Malta
MT,F4221,2023,Construction of utility projects for fluids,Malta
MT,F4291,2023,Construction of water projects,Malta
MT,F4311,2023,Demolition,Malta
MT,F4311,2024,Demolition,Malta
MT,F4313,2023,Test drilling and boring,Malta
MT,F4313,2024,Test drilling and boring,Malta
MT,G4623,2021,Wholesale of live animals,Malta
MT,G4623,2023,Wholesale of live animals,Malta
MT,G4623,2024,Wholesale of live animals,Malta
MT,G4624,2021,"Wholesale of hides, skins and leather",Malta
MT,G4624,2023,"Wholesale of hides, skins and leather",Malta
MT,G4624,2024,"Wholesale of hides, skins and leather",Malta
MT,G4662,2023,Wholesale of machine tools,Malta
MT,G4664,2021,Wholesale of machinery for the textile industry and of sewing and knitting machines,Malta
MT,G4664,2022,Wholesale of machinery for the textile industry and of sewing and knitting machines,Malta
MT,G4664,2023,Wholesale of machinery for the textile industry and of sewing and knitting machines,Malta
MT,G4664,2024,Wholesale of machinery for the textile industry and of sewing and knitting machines,Malta
MT,G4665,2021,Wholesale of office furniture,Malta
MT,G4665,2022,Wholesale of office furniture,Malta
MT,G4665,2024,Wholesale of office furniture,Malta
MT,G4782,2022,"Retail sale via stalls and markets of textiles, clothing and footwear",Malta
MT,G4782,2023,"Retail sale via stalls and markets of textiles, clothing and footwear",Malta
MT,G4782,2024,"Retail sale via stalls and markets of textiles, clothing and footwear",Malta
MT,G4799,2022,"Other retail sale not in stores, stalls or markets",Malta
MT,G4799,2023,"Other retail sale not in stores, stalls or markets",Malta
MT,G4799,2024,"Other retail sale not in stores, stalls or markets",Malta
MT,H4910,2021,"Passenger rail transport, interurban",Malta
MT,H4931,2021,Urban and suburban passenger land transport,Malta
MT,H4932,2021,Taxi operation,Malta
MT,H4950,2021,Transport via pipeline,Malta
MT,H5010,2021,Sea and coastal passenger water transport,Malta
MT,H5010,2022,Sea and coastal passenger water transport,Malta
MT,H5010,2023,Sea and coastal passenger water transport,Malta
MT,H5010,2024,Sea and coastal passenger water transport,Malta
MT,H5030,2021,Inland passenger water transport,Malta
MT,H5030,2022,Inland passenger water transport,Malta
MT,H5030,2023,Inland passenger water transport,Malta
MT,H5030,2024,Inland passenger water transport,Malta
MT,H5040,2023,Inland freight water transport,Malta
MT,H5110,2022,Passenger air transport,Malta
MT,H5110,2023,Passenger air transport,Malta
MT,H5121,2022,Freight air transport,Malta
MT,H5121,2023,Freight air transport,Malta
MT,H5310,2022,Postal activities under universal service obligation,Malta
MT,H5310,2024,Postal activities under universal service obligation,Malta
MT,H5320,2022,Other postal and courier activities,Malta
MT,H5320,2024,Other postal and courier activities,Malta
MT,I5520,2021,Holiday and other short-stay accommodation,Malta
MT,I5520,2022,Holiday and other short-stay accommodation,Malta
MT,I5520,2023,Holiday and other short-stay accommodation,Malta
MT,I5520,2024,Holiday and other short-stay accommodation,Malta
MT,I5530,2021,"Camping grounds, recreational vehicle parks and trailer parks",Malta
MT,I5530,2022,"Camping grounds, recreational vehicle parks and trailer parks",Malta
MT,I5530,2023,"Camping grounds, recreational vehicle parks and trailer parks",Malta
MT,I5530,2024,"Camping grounds, recreational vehicle parks and trailer parks",Malta
MT,I5590,2021,Other accommodation,Malta
MT,I5590,2022,Other accommodation,Malta
MT,I5590,2023,Other accommodation,Malta
MT,J5811,2023,Book publishing,Malta
MT,J5811,2024,Book publishing,Malta
MT,J5814,2023,Publishing of journals and periodicals,Malta
MT,J5814,2024,Publishing of journals and periodicals,Malta
MT,J5821,2022,Publishing of computer games,Malta
MT,J5829,2022,Other software publishing,Malta
MT,J5913,2022,"Motion picture, video and television programme distribution activities",Malta
MT,J5913,2023,"Motion picture, video and television programme distribution activities",Malta
MT,J5914,2022,Motion picture projection activities,Malta
MT,J5914,2023,Motion picture projection activities,Malta
MT,J5920,2022,Sound recording and music publishing activities,Malta
MT,J6010,2022,Radio broadcasting,Malta
MT,J6010,2023,Radio broadcasting,Malta
MT,J6010,2024,Radio broadcasting,Malta
MT,J6020,2022,Television programming and broadcasting activities,Malta
MT,J6020,2023,Television programming and broadcasting activities,Malta
MT,J6020,2024,Television programming and broadcasting activities,Malta
MT,J6110,2021,Wired telecommunications activities,Malta
MT,J6110,2022,Wired telecommunications activities,Malta
MT,J6110,2023,Wired telecommunications activities,Malta
MT,J6110,2024,Wired telecommunications activities,Malta
MT,J6120,2023,Wireless telecommunications activities,Malta
MT,J6120,2024,Wireless telecommunications activities,Malta
MT,J6130,2021,Satellite telecommunications activities,Malta
MT,J6130,2022,Satellite telecommunications activities,Malta
MT,J6130,2023,Satellite telecommunications activities,Malta
MT,J6130,2024,Satellite telecommunications activities,Malta
MT,J6391,2021,News agency activities,Malta
MT,J6391,2022,News agency activities,Malta
MT,J6399,2021,Other information service activities n.e.c.,Malta
MT,J6399,2022,Other information service activities n.e.c.,Malta
MT,K6411,2021,Central banking,Malta
MT,K6411,2022,Central banking,Malta
MT,K6411,2023,Central banking,Malta
MT,K6411,2024,Central banking,Malta
MT,K6419,2021,Other monetary intermediation,Malta
MT,K6419,2022,Other monetary intermediation,Malta
MT,K6419,2023,Other monetary intermediation,Malta
MT,K6419,2024,Other monetary intermediation,Malta
MT,K6420,2022,Activities of holding companies,Malta
MT,K6420,2024,Activities of holding companies,Malta
MT,K6430,2022,"Trusts, funds and similar financial entities",Malta
MT,K6430,2024,"Trusts, funds and similar financial entities",Malta
MT,K6511,2021,Life insurance,Malta
MT,K6511,2022,Life insurance,Malta
MT,K6512,2021,Non-life insurance,Malta
MT,K6512,2022,Non-life insurance,Malta
MT,M7220,2022,Research and experimental development on social sciences and humanities,Malta
MT,M7420,2022,Photographic activities,Malta
MT,M7420,2023,Photographic activities,Malta
MT,M7420,2024,Photographic activities,Malta
MT,M7430,2022,Translation and interpretation activities,Malta
MT,M7430,2023,Translation and interpretation activities,Malta
MT,M7430,2024,Translation and interpretation activities,Malta
MT,M7500,2022,Veterinary activities,Malta
MT,N7711,2021,Renting and leasing of cars and light motor vehicles,Malta
MT,N7711,2022,Renting and leasing of cars and light motor vehicles,Malta
MT,N7711,2023,Renting and leasing of cars and light motor vehicles,Malta
MT,N7711,2024,Renting and leasing of cars and light motor vehicles,Malta
MT,N7712,2021,Renting and leasing of trucks,Malta
MT,N7712,2022,Renting and leasing of trucks,Malta
MT,N7712,2023,Renting and leasing of trucks,Malta
MT,N7712,2024,Renting and leasing of trucks,Malta
MT,N7722,2021,Renting of video tapes and disks,Malta
MT,N7729,2021,Renting and leasing of other personal and household goods,Malta
MT,N7731,2021,Renting and leasing of agricultural machinery and equipment,Malta
MT,N7731,2022,Renting and leasing of agricultural machinery and equipment,Malta
MT,N7731,2023,Renting and leasing of agricultural machinery and equipment,Malta
MT,N7731,2024,Renting and leasing of agricultural machinery and equipment,Malta
MT,N7733,2021,Renting and leasing of office machinery and equipment (including computers),Malta
MT,N7733,2022,Renting and leasing of office machinery and equipment (including computers),Malta
MT,N7733,2023,Renting and leasing of office machinery and equipment (including computers),Malta
MT,N7733,2024,Renting and leasing of office machinery and equipment (including computers),Malta
MT,N7911,2022,Travel agency activities,Malta
MT,N7911,2023,Travel agency activities,Malta
MT,N7990,2022,Other reservation service and related activities,Malta
MT,N7990,2023,Other reservation service and related activities,Malta
MT,N8020,2021,Security systems service activities,Malta
MT,N8020,2022,Security systems service activities,Malta
MT,N8020,2023,Security systems service activities,Malta
MT,N8020,2024,Security systems service activities,Malta
MT,N8030,2021,Investigation activities,Malta
MT,N8030,2022,Investigation activities,Malta
MT,N8030,2023,Investigation activities,Malta
MT,N8030,2024,Investigation activities,Malta
MT,P8510,2022,Pre-primary education,Malta
MT,P8510,2023,Pre-primary education,Malta
MT,P8510,2024,Pre-primary education,Malta
MT,P8531,2023,General secondary education,Malta
MT,P8531,2024,General secondary education,Malta
MT,P8541,2022,Post-secondary non-tertiary education,Malta
MT,Q8710,2022,Residential nursing care activities,Malta
MT,Q8710,2023,Residential nursing care activities,Malta
MT,Q8720,2021,"Residential care activities for mental retardation, mental health and substance abuse",Malta
MT,Q8720,2022,"Residential care activities for mental retardation, mental health and substance abuse",Malta
MT,Q8720,2023,"Residential care activities for mental retardation, mental health and substance abuse",Malta
MT,Q8790,2021,Other residential care activities,Malta
MT,Q8790,2022,Other residential care activities,Malta
MT,Q8810,2023,Social work activities without accommodation for the elderly and disabled,Malta
MT,Q8810,2024,Social work activities without accommodation for the elderly and disabled,Malta
MT,Q8899,2023,Other social work activities without accommodation n.e.c.,Malta
MT,Q8899,2024,Other social work activities without accommodation n.e.c.,Malta
MT,R9003,2022,Artistic creation,Malta
MT,R9003,2023,Artistic creation,Malta
MT,R9004,2022,Operation of arts facilities,Malta
MT,R9004,2023,Operation of arts facilities,Malta
MT,R9004,2024,Operation of arts facilities,Malta
MT,R9103,2024,Operation of historical sites and buildings and similar visitor attractions,Malta
MT,R9104,2022,Botanical and zoological gardens and nature reserves activities,Malta
MT,R9104,2024,Botanical and zoological gardens and nature reserves activities,Malta
MT,R9321,2024,Activities of amusement parks and theme parks,Malta
MT,R9329,2024,Other amusement and recreation activities,Malta
NL,B0892,2021,Extraction of peat,Netherlands
NL,B0892,2022,Extraction of peat,Netherlands
NL,B0892,2023,Extraction of peat,Netherlands
NL,B0892,2024,Extraction of peat,Netherlands
NL,B0893,2021,Extraction of salt,Netherlands
NL,B0893,2022,Extraction of salt,Netherlands
NL,B0893,2023,Extraction of salt,Netherlands
NL,B0893,2024,Extraction of salt,Netherlands
NL,B0899,2022,Other mining and quarrying n.e.c.,Netherlands
NL,B0899,2023,Other mining and quarrying n.e.c.,Netherlands
NL,B0910,2021,Support activities for petroleum and natural gas extraction,Netherlands
NL,B0990,2021,Support activities for other mining and quarrying,Netherlands
NL,C1041,2023,Manufacture of oils and fats,Netherlands
NL,C1041,2024,Manufacture of oils and fats,Netherlands
NL,C1042,2023,Manufacture of margarine and similar edible fats,Netherlands
NL,C1042,2024,Manufacture of margarine and similar edible fats,Netherlands
NL,C1061,2023,Manufacture of grain mill products,Netherlands
NL,C1061,2024,Manufacture of grain mill products,Netherlands
NL,C1062,2023,Manufacture of starches and starch products,Netherlands
NL,C1062,2024,Manufacture of starches and starch products,Netherlands
NL,C1081,2021,Manufacture of sugar,Netherlands
NL,C1081,2022,Manufacture of sugar,Netherlands
NL,C1081,2023,Manufacture of sugar,Netherlands
NL,C1081,2024,Manufacture of sugar,Netherlands
NL,C1085,2021,Manufacture of prepared meals and dishes,Netherlands
NL,C1085,2022,Manufacture of prepared meals and dishes,Netherlands
NL,C1085,2023,Manufacture of prepared meals and dishes,Netherlands
NL,C1086,2024,Manufacture of homogenised food preparations and dietetic food,Netherlands
NL,C1101,2022,"Distilling, rectifying and blending of spirits",Netherlands
NL,C1101,2023,"Distilling, rectifying and blending of spirits",Netherlands
NL,C1101,2024,"Distilling, rectifying and blending of spirits",Netherlands
NL,C1102,2021,Manufacture of wine from grape,Netherlands
NL,C1103,2021,Manufacture of cider and other fruit wines,Netherlands
NL,C1103,2022,Manufacture of cider and other fruit wines,Netherlands
NL,C1103,2023,Manufacture of cider and other fruit wines,Netherlands
NL,C1103,2024,Manufacture of cider and other fruit wines,Netherlands
NL,C1104,2022,Manufacture of other non-distilled fermented beverages,Netherlands
NL,C1104,2023,Manufacture of other non-distilled fermented beverages,Netherlands
NL,C1104,2024,Manufacture of other non-distilled fermented beverages,Netherlands
NL,C1106,2021,Manufacture of malt,Netherlands
NL,C1106,2022,Manufacture of malt,Netherlands
NL,C1106,2023,Manufacture of malt,Netherlands
NL,C1106,2024,Manufacture of malt,Netherlands
NL,C1200,2023,Manufacture of tobacco products,Netherlands
NL,C1200,2024,Manufacture of tobacco products,Netherlands
NL,C1391,2021,Manufacture of knitted and crocheted fabrics,Netherlands
NL,C1391,2022,Manufacture of knitted and crocheted fabrics,Netherlands
NL,C1391,2023,Manufacture of knitted and crocheted fabrics,Netherlands
NL,C1391,2024,Manufacture of knitted and crocheted fabrics,Netherlands
NL,C1394,2021,"Manufacture of cordage, rope, twine and netting",Netherlands
NL,C1394,2022,"Manufacture of cordage, rope, twine and netting",Netherlands
NL,C1394,2023,"Manufacture of cordage, rope, twine and netting",Netherlands
NL,C1394,2024,"Manufacture of cordage, rope, twine and netting",Netherlands
NL,C1420,2021,Manufacture of articles of fur,Netherlands
NL,C1420,2022,Manufacture of articles of fur,Netherlands
NL,C1420,2023,Manufacture of articles of fur,Netherlands
NL,C1420,2024,Manufacture of articles of fur,Netherlands
NL,C1431,2021,Manufacture of knitted and crocheted hosiery,Netherlands
NL,C1431,2022,Manufacture of knitted and crocheted hosiery,Netherlands
NL,C1431,2023,Manufacture of knitted and crocheted hosiery,Netherlands
NL,C1431,2024,Manufacture of knitted and crocheted hosiery,Netherlands
NL,C1439,2024,Manufacture of other knitted and crocheted apparel,Netherlands
NL,C1621,2022,Manufacture of veneer sheets and wood-based panels,Netherlands
NL,C1621,2023,Manufacture of veneer sheets and wood-based panels,Netherlands
NL,C1622,2022,Manufacture of assembled parquet floors,Netherlands
NL,C1622,2023,Manufacture of assembled parquet floors,Netherlands
NL,C1711,2021,Manufacture of pulp,Netherlands
NL,C1711,2022,Manufacture of pulp,Netherlands
NL,C1711,2023,Manufacture of pulp,Netherlands
NL,C1711,2024,Manufacture of pulp,Netherlands
NL,C1712,2021,Manufacture of paper and paperboard,Netherlands
NL,C1712,2022,Manufacture of paper and paperboard,Netherlands
NL,C1712,2023,Manufacture of paper and paperboard,Netherlands
NL,C1712,2024,Manufacture of paper and paperboard,Netherlands
NL,C1723,2021,Manufacture of paper stationery,Netherlands
NL,C1723,2022,Manufacture of paper stationery,Netherlands
NL,C1723,2023,Manufacture of paper stationery,Netherlands
NL,C1723,2024,Manufacture of paper stationery,Netherlands
NL,C1724,2021,Manufacture of wallpaper,Netherlands
NL,C1724,2022,Manufacture of wallpaper,Netherlands
NL,C1724,2023,Manufacture of wallpaper,Netherlands
NL,C1724,2024,Manufacture of wallpaper,Netherlands
NL,C2011,2021,Manufacture of industrial gases,Netherlands
NL,C2012,2021,Manufacture of dyes and pigments,Netherlands
NL,C2012,2022,Manufacture of dyes and pigments,Netherlands
NL,C2012,2023,Manufacture of dyes and pigments,Netherlands
NL,C2012,2024,Manufacture of dyes and pigments,Netherlands
NL,C2017,2022,Manufacture of synthetic rubber in primary forms,Netherlands
NL,C2017,2023,Manufacture of synthetic rubber in primary forms,Netherlands
NL,C2017,2024,Manufacture of synthetic rubber in primary forms,Netherlands
NL,C2041,2021,"Manufacture of soap and detergents, cleaning and polishing preparations",Netherlands
NL,C2041,2022,"Manufacture of soap and detergents, cleaning and polishing preparations",Netherlands
NL,C2041,2023,"Manufacture of soap and detergents, cleaning and polishing preparations",Netherlands
NL,C2041,2024,"Manufacture of soap and detergents, cleaning and polishing preparations",Netherlands
NL,C2051,2021,Manufacture of explosives,Netherlands
NL,C2051,2022,Manufacture of explosives,Netherlands
NL,C2051,2023,Manufacture of explosives,Netherlands
NL,C2051,2024,Manufacture of explosives,Netherlands
NL,C2052,2021,Manufacture of glues,Netherlands
NL,C2052,2022,Manufacture of glues,Netherlands
NL,C2052,2023,Manufacture of glues,Netherlands
NL,C2052,2024,Manufacture of glues,Netherlands
NL,C2053,2021,Manufacture of essential oils,Netherlands
NL,C2053,2022,Manufacture of essential oils,Netherlands
NL,C2060,2021,Manufacture of man-made fibres,Netherlands
NL,C2060,2022,Manufacture of man-made fibres,Netherlands
NL,C2060,2023,Manufacture of man-made fibres,Netherlands
NL,C2060,2024,Manufacture of man-made fibres,Netherlands
NL,C2110,2022,Manufacture of basic pharmaceutical products,Netherlands
NL,C2110,2023,Manufacture of basic pharmaceutical products,Netherlands
NL,C2110,2024,Manufacture of basic pharmaceutical products,Netherlands
NL,C2120,2022,Manufacture of pharmaceutical preparations,Netherlands
NL,C2120,2023,Manufacture of pharmaceutical preparations,Netherlands
NL,C2120,2024,Manufacture of pharmaceutical preparations,Netherlands
NL,C2211,2021,"""Manufacture of rubber tyres and tubes; retreading and rebuilding of rubber tyres""",Netherlands
NL,C2211,2022,"""Manufacture of rubber tyres and tubes; retreading and rebuilding of rubber tyres""",Netherlands
NL,C2211,2023,"""Manufacture of rubber tyres and tubes; retreading and rebuilding of rubber tyres""",Netherlands
NL,C2211,2024,"""Manufacture of rubber tyres and tubes; retreading and rebuilding of rubber tyres""",Netherlands
NL,C2219,2021,Manufacture of other rubber products,Netherlands
NL,C2219,2022,Manufacture of other rubber products,Netherlands
NL,C2219,2023,Manufacture of other rubber products,Netherlands
NL,C2219,2024,Manufacture of other rubber products,Netherlands
NL,C2331,2021,Manufacture of ceramic tiles and flags,Netherlands
NL,C2331,2022,Manufacture of ceramic tiles and flags,Netherlands
NL,C2331,2023,Manufacture of ceramic tiles and flags,Netherlands
NL,C2331,2024,Manufacture of ceramic tiles and flags,Netherlands
NL,C2332,2021,"Manufacture of bricks, tiles and construction products, in baked clay",Netherlands
NL,C2332,2022,"Manufacture of bricks, tiles and construction products, in baked clay",Netherlands
NL,C2332,2023,"Manufacture of bricks, tiles and construction products, in baked clay",Netherlands
NL,C2332,2024,"Manufacture of bricks, tiles and construction products, in baked clay",Netherlands
NL,C2342,2021,Manufacture of ceramic sanitary fixtures,Netherlands
NL,C2342,2022,Manufacture of ceramic sanitary fixtures,Netherlands
NL,C2342,2023,Manufacture of ceramic sanitary fixtures,Netherlands
NL,C2344,2021,Manufacture of other technical ceramic products,Netherlands
NL,C2344,2023,Manufacture of other technical ceramic products,Netherlands
NL,C2351,2021,Manufacture of cement,Netherlands
NL,C2351,2022,Manufacture of cement,Netherlands
NL,C2351,2023,Manufacture of cement,Netherlands
NL,C2351,2024,Manufacture of cement,Netherlands
NL,C2352,2021,Manufacture of lime and plaster,Netherlands
NL,C2352,2022,Manufacture of lime and plaster,Netherlands
NL,C2352,2023,Manufacture of lime and plaster,Netherlands
NL,C2352,2024,Manufacture of lime and plaster,Netherlands
NL,C2365,2021,Manufacture of fibre cement,Netherlands
NL,C2365,2022,Manufacture of fibre cement,Netherlands
NL,C2365,2023,Manufacture of fibre cement,Netherlands
NL,C2365,2024,Manufacture of fibre cement,Netherlands
NL,C2369,2021,"Manufacture of other articles of concrete, plaster and cement",Netherlands
NL,C2369,2022,"Manufacture of other articles of concrete, plaster and cement",Netherlands
NL,C2369,2023,"Manufacture of other articles of concrete, plaster and cement",Netherlands
NL,C2369,2024,"Manufacture of other articles of concrete, plaster and cement",Netherlands
NL,C2391,2021,Production of abrasive products,Netherlands
NL,C2391,2022,Production of abrasive products,Netherlands
NL,C2391,2023,Production of abrasive products,Netherlands
NL,C2391,2024,Production of abrasive products,Netherlands
NL,C2399,2021,Manufacture of other non-metallic mineral products n.e.c.,Netherlands
NL,C2399,2022,Manufacture of other non-metallic mineral products n.e.c.,Netherlands
NL,C2399,2023,Manufacture of other non-metallic mineral products n.e.c.,Netherlands
NL,C2399,2024,Manufacture of other non-metallic mineral products n.e.c.,Netherlands
NL,C2410,2021,Manufacture of basic iron and steel and of ferro-alloys,Netherlands
NL,C2410,2022,Manufacture of basic iron and steel and of ferro-alloys,Netherlands
NL,C2410,2023,Manufacture of basic iron and steel and of ferro-alloys,Netherlands
NL,C2410,2024,Manufacture of basic iron and steel and of ferro-alloys,Netherlands
NL,C2431,2021,Cold drawing of bars,Netherlands
NL,C2431,2022,Cold drawing of bars,Netherlands
NL,C2431,2023,Cold drawing of bars,Netherlands
NL,C2431,2024,Cold drawing of bars,Netherlands
NL,C2432,2021,Cold rolling of narrow strip,Netherlands
NL,C2432,2022,Cold rolling of narrow strip,Netherlands
NL,C2432,2023,Cold rolling of narrow strip,Netherlands
NL,C2432,2024,Cold rolling of narrow strip,Netherlands
NL,C2433,2022,Cold forming or folding,Netherlands
NL,C2433,2024,Cold forming or folding,Netherlands
NL,C2441,2024,Precious metals production,Netherlands
NL,C2444,2021,Copper production,Netherlands
NL,C2444,2022,Copper production,Netherlands
NL,C2444,2023,Copper production,Netherlands
NL,C2444,2024,Copper production,Netherlands
NL,C2445,2021,Other non-ferrous metal production,Netherlands
NL,C2445,2022,Other non-ferrous metal production,Netherlands
NL,C2445,2023,Other non-ferrous metal production,Netherlands
NL,C2445,2024,Other non-ferrous metal production,Netherlands
NL,C2452,2021,Casting of steel,Netherlands
NL,C2452,2022,Casting of steel,Netherlands
NL,C2452,2023,Casting of steel,Netherlands
NL,C2452,2024,Casting of steel,Netherlands
NL,C2454,2021,Casting of other non-ferrous metals,Netherlands
NL,C2454,2023,Casting of other non-ferrous metals,Netherlands
NL,C2530,2021,"Manufacture of steam generators, except central heating hot water boilers",Netherlands
NL,C2530,2022,"Manufacture of steam generators, except central heating hot water boilers",Netherlands
NL,C2530,2023,"Manufacture of steam generators, except central heating hot water boilers",Netherlands
NL,C2530,2024,"Manufacture of steam generators, except central heating hot water boilers",Netherlands
NL,C2540,2022,Manufacture of weapons and ammunition,Netherlands
NL,C2540,2023,Manufacture of weapons and ammunition,Netherlands
NL,C2540,2024,Manufacture of weapons and ammunition,Netherlands
NL,C2571,2022,Manufacture of cutlery,Netherlands
NL,C2571,2023,Manufacture of cutlery,Netherlands
NL,C2572,2021,Manufacture of locks and hinges,Netherlands
NL,C2572,2022,Manufacture of locks and hinges,Netherlands
NL,C2572,2023,Manufacture of locks and hinges,Netherlands
NL,C2591,2021,Manufacture of steel drums and similar containers,Netherlands
NL,C2591,2022,Manufacture of steel drums and similar containers,Netherlands
NL,C2591,2023,Manufacture of steel drums and similar containers,Netherlands
NL,C2591,2024,Manufacture of steel drums and similar containers,Netherlands
NL,C2594,2021,Manufacture of fasteners and screw machine products,Netherlands
NL,C2594,2022,Manufacture of fasteners and screw machine products,Netherlands
NL,C2594,2023,Manufacture of fasteners and screw machine products,Netherlands
NL,C2594,2024,Manufacture of fasteners and screw machine products,Netherlands
NL,C2640,2022,Manufacture of consumer electronics,Netherlands
NL,C2640,2023,Manufacture of consumer electronics,Netherlands
NL,C2640,2024,Manufacture of consumer electronics,Netherlands
NL,C2660,2021,"Manufacture of irradiation, electromedical and electrotherapeutic equipment",Netherlands
NL,C2660,2022,"Manufacture of irradiation, electromedical and electrotherapeutic equipment",Netherlands
NL,C2660,2023,"Manufacture of irradiation, electromedical and electrotherapeutic equipment",Netherlands
NL,C2660,2024,"Manufacture of irradiation, electromedical and electrotherapeutic equipment",Netherlands
NL,C2670,2021,Manufacture of optical instruments and photographic equipment,Netherlands
NL,C2680,2022,Manufacture of magnetic and optical media,Netherlands
NL,C2680,2023,Manufacture of magnetic and optical media,Netherlands
NL,C2720,2021,Manufacture of batteries and accumulators,Netherlands
NL,C2720,2022,Manufacture of batteries and accumulators,Netherlands
NL,C2720,2023,Manufacture of batteries and accumulators,Netherlands
NL,C2720,2024,Manufacture of batteries and accumulators,Netherlands
NL,C2731,2022,Manufacture of fibre optic cables,Netherlands
NL,C2733,2022,Manufacture of wiring devices,Netherlands
NL,C2740,2021,Manufacture of electric lighting equipment,Netherlands
NL,C2740,2022,Manufacture of electric lighting equipment,Netherlands
NL,C2740,2023,Manufacture of electric lighting equipment,Netherlands
NL,C2740,2024,Manufacture of electric lighting equipment,Netherlands
NL,C2821,2021,"Manufacture of ovens, furnaces and furnace burners",Netherlands
NL,C2821,2022,"Manufacture of ovens, furnaces and furnace burners",Netherlands
NL,C2821,2023,"Manufacture of ovens, furnaces and furnace burners",Netherlands
NL,C2823,2021,Manufacture of office machinery and equipment (except computers and peripheral equipment),Netherlands
NL,C2823,2022,Manufacture of office machinery and equipment (except computers and peripheral equipment),Netherlands
NL,C2823,2023,Manufacture of office machinery and equipment (except computers and peripheral equipment),Netherlands
NL,C2823,2024,Manufacture of office machinery and equipment (except computers and peripheral equipment),Netherlands
NL,C2824,2024,Manufacture of power-driven hand tools,Netherlands
NL,C2891,2021,Manufacture of machinery for metallurgy,Netherlands
NL,C2894,2023,"Manufacture of machinery for textile, apparel and leather production",Netherlands
NL,C2896,2021,Manufacture of plastics and rubber machinery,Netherlands
NL,C2896,2022,Manufacture of plastics and rubber machinery,Netherlands
NL,C2896,2023,Manufacture of plastics and rubber machinery,Netherlands
NL,C2896,2024,Manufacture of plastics and rubber machinery,Netherlands
NL,C2899,2022,Manufacture of other special-purpose machinery n.e.c.,Netherlands
NL,C2899,2024,Manufacture of other special-purpose machinery n.e.c.,Netherlands
NL,C2910,2021,Manufacture of motor vehicles,Netherlands
NL,C2910,2022,Manufacture of motor vehicles,Netherlands
NL,C2910,2023,Manufacture of motor vehicles,Netherlands
NL,C2910,2024,Manufacture of motor vehicles,Netherlands
NL,C2931,2021,Manufacture of electrical and electronic equipment for motor vehicles,Netherlands
NL,C2931,2022,Manufacture of electrical and electronic equipment for motor vehicles,Netherlands
NL,C2931,2023,Manufacture of electrical and electronic equipment for motor vehicles,Netherlands
NL,C2931,2024,Manufacture of electrical and electronic equipment for motor vehicles,Netherlands
NL,C3020,2021,Manufacture of railway locomotives and rolling stock,Netherlands
NL,C3020,2022,Manufacture of railway locomotives and rolling stock,Netherlands
NL,C3020,2023,Manufacture of railway locomotives and rolling stock,Netherlands
NL,C3020,2024,Manufacture of railway locomotives and rolling stock,Netherlands
NL,C3040,2021,Manufacture of military fighting vehicles,Netherlands
NL,C3040,2022,Manufacture of military fighting vehicles,Netherlands
NL,C3040,2023,Manufacture of military fighting vehicles,Netherlands
NL,C3040,2024,Manufacture of military fighting vehicles,Netherlands
NL,C3211,2021,Striking of coins,Netherlands
NL,C3211,2022,Striking of coins,Netherlands
NL,C3211,2023,Striking of coins,Netherlands
NL,C3211,2024,Striking of coins,Netherlands
NL,C3213,2021,Manufacture of imitation jewellery and related articles,Netherlands
NL,C3213,2022,Manufacture of imitation jewellery and related articles,Netherlands
NL,C3213,2023,Manufacture of imitation jewellery and related articles,Netherlands
NL,C3213,2024,Manufacture of imitation jewellery and related articles,Netherlands
NL,D3521,2021,Manufacture of gas,Netherlands
NL,D3521,2022,Manufacture of gas,Netherlands
NL,D3521,2023,Manufacture of gas,Netherlands
NL,D3521,2024,Manufacture of gas,Netherlands
NL,D3530,2021,Steam and air conditioning supply,Netherlands
NL,D3530,2022,Steam and air conditioning supply,Netherlands
NL,D3530,2023,Steam and air conditioning supply,Netherlands
NL,D3530,2024,Steam and air conditioning supply,Netherlands
NL,G4641,2023,Wholesale of textiles,Netherlands
NL,G4647,2023,"Wholesale of furniture, carpets and lighting equipment",Netherlands
NL,H4910,2021,"Passenger rail transport, interurban",Netherlands
NL,H4910,2023,"Passenger rail transport, interurban",Netherlands
NL,H4920,2021,Freight rail transport,Netherlands
NL,H4920,2023,Freight rail transport,Netherlands
NL,H4931,2021,Urban and suburban passenger land transport,Netherlands
NL,H4931,2022,Urban and suburban passenger land transport,Netherlands
NL,H4931,2023,Urban and suburban passenger land transport,Netherlands
NL,H4931,2024,Urban and suburban passenger land transport,Netherlands
NL,H4939,2021,Other passenger land transport n.e.c.,Netherlands
NL,H4939,2022,Other passenger land transport n.e.c.,Netherlands
NL,H4939,2023,Other passenger land transport n.e.c.,Netherlands
NL,H4939,2024,Other passenger land transport n.e.c.,Netherlands
NL,H5110,2021,Passenger air transport,Netherlands
NL,H5110,2022,Passenger air transport,Netherlands
NL,H5121,2021,Freight air transport,Netherlands
NL,H5121,2022,Freight air transport,Netherlands
NL,H5310,2021,Postal activities under universal service obligation,Netherlands
NL,H5310,2022,Postal activities under universal service obligation,Netherlands
NL,H5310,2023,Postal activities under universal service obligation,Netherlands
NL,H5310,2024,Postal activities under universal service obligation,Netherlands
NL,H5320,2021,Other postal and courier activities,Netherlands
NL,H5320,2022,Other postal and courier activities,Netherlands
NL,H5320,2023,Other postal and courier activities,Netherlands
NL,H5320,2024,Other postal and courier activities,Netherlands
NL,J5821,2023,Publishing of computer games,Netherlands
NL,J5829,2023,Other software publishing,Netherlands
NL,J5912,2021,"Motion picture, video and television programme post-production activities",Netherlands
NL,J5913,2021,"Motion picture, video and television programme distribution activities",Netherlands
NL,J5913,2022,"Motion picture, video and television programme distribution activities",Netherlands
NL,J5913,2023,"Motion picture, video and television programme distribution activities",Netherlands
NL,J5913,2024,"Motion picture, video and television programme distribution activities",Netherlands
NL,J5914,2021,Motion picture projection activities,Netherlands
NL,J5914,2022,Motion picture projection activities,Netherlands
NL,J5914,2023,Motion picture projection activities,Netherlands
NL,J5914,2024,Motion picture projection activities,Netherlands
NL,J6110,2024,Wired telecommunications activities,Netherlands
NL,J6120,2021,Wireless telecommunications activities,Netherlands
NL,J6120,2022,Wireless telecommunications activities,Netherlands
NL,J6120,2023,Wireless telecommunications activities,Netherlands
NL,J6120,2024,Wireless telecommunications activities,Netherlands
NL,J6130,2021,Satellite telecommunications activities,Netherlands
NL,J6130,2022,Satellite telecommunications activities,Netherlands
NL,J6130,2023,Satellite telecommunications activities,Netherlands
NL,J6130,2024,Satellite telecommunications activities,Netherlands
NL,K6411,2021,Central banking,Netherlands
NL,K6411,2022,Central banking,Netherlands
NL,K6411,2023,Central banking,Netherlands
NL,K6411,2024,Central banking,Netherlands
NL,K6419,2021,Other monetary intermediation,Netherlands
NL,K6419,2022,Other monetary intermediation,Netherlands
NL,K6419,2023,Other monetary intermediation,Netherlands
NL,K6419,2024,Other monetary intermediation,Netherlands
NL,K6520,2021,Reinsurance,Netherlands
NL,K6520,2022,Reinsurance,Netherlands
NL,K6520,2023,Reinsurance,Netherlands
NL,K6520,2024,Reinsurance,Netherlands
NL,K6530,2021,Pension funding,Netherlands
NL,K6530,2022,Pension funding,Netherlands
NL,K6530,2023,Pension funding,Netherlands
NL,K6530,2024,Pension funding,Netherlands
NL,N7911,2021,Travel agency activities,Netherlands
NL,N7911,2022,Travel agency activities,Netherlands
NL,N7911,2023,Travel agency activities,Netherlands
NL,N7911,2024,Travel agency activities,Netherlands
NL,N8230,2021,Organisation of conventions and trade shows,Netherlands
NL,N8230,2022,Organisation of conventions and trade shows,Netherlands
NL,N8230,2023,Organisation of conventions and trade shows,Netherlands
NL,N8230,2024,Organisation of conventions and trade shows,Netherlands
NO,B0510,2021,Mining of hard coal,Norway
NO,B0510,2022,Mining of hard coal,Norway
NO,B0510,2023,Mining of hard coal,Norway
NO,B0610,2021,Extraction of crude petroleum,Norway
NO,B0610,2022,Extraction of crude petroleum,Norway
NO,B0610,2023,Extraction of crude petroleum,Norway
NO,B0620,2021,Extraction of natural gas,Norway
NO,B0620,2022,Extraction of natural gas,Norway
NO,B0620,2023,Extraction of natural gas,Norway
NO,B0710,2021,Mining of iron ores,Norway
NO,B0710,2022,Mining of iron ores,Norway
NO,B0710,2023,Mining of iron ores,Norway
NO,B0729,2021,Mining of other non-ferrous metal ores,Norway
NO,B0729,2022,Mining of other non-ferrous metal ores,Norway
NO,B0729,2023,Mining of other non-ferrous metal ores,Norway
NO,B0891,2021,Mining of chemical and fertiliser minerals,Norway
NO,B0891,2022,Mining of chemical and fertiliser minerals,Norway
NO,B0891,2023,Mining of chemical and fertiliser minerals,Norway
NO,B0893,2021,Extraction of salt,Norway
NO,B0893,2022,Extraction of salt,Norway
NO,B0893,2023,Extraction of salt,Norway
NO,C1041,2021,Manufacture of oils and fats,Norway
NO,C1041,2022,Manufacture of oils and fats,Norway
NO,C1041,2023,Manufacture of oils and fats,Norway
NO,C1042,2021,Manufacture of margarine and similar edible fats,Norway
NO,C1042,2022,Manufacture of margarine and similar edible fats,Norway
NO,C1042,2023,Manufacture of margarine and similar edible fats,Norway
NO,C1061,2021,Manufacture of grain mill products,Norway
NO,C1061,2022,Manufacture of grain mill products,Norway
NO,C1061,2023,Manufacture of grain mill products,Norway
NO,C1062,2021,Manufacture of starches and starch products,Norway
NO,C1062,2022,Manufacture of starches and starch products,Norway
NO,C1062,2023,Manufacture of starches and starch products,Norway
NO,C1081,2021,Manufacture of sugar,Norway
NO,C1081,2022,Manufacture of sugar,Norway
NO,C1081,2023,Manufacture of sugar,Norway
NO,C1084,2021,Manufacture of condiments and seasonings,Norway
NO,C1084,2022,Manufacture of condiments and seasonings,Norway
NO,C1084,2023,Manufacture of condiments and seasonings,Norway
NO,C1102,2021,Manufacture of wine from grape,Norway
NO,C1102,2022,Manufacture of wine from grape,Norway
NO,C1102,2023,Manufacture of wine from grape,Norway
NO,C1104,2021,Manufacture of other non-distilled fermented beverages,Norway
NO,C1104,2022,Manufacture of other non-distilled fermented beverages,Norway
NO,C1104,2023,Manufacture of other non-distilled fermented beverages,Norway
NO,C1106,2021,Manufacture of malt,Norway
NO,C1106,2022,Manufacture of malt,Norway
NO,C1106,2023,Manufacture of malt,Norway
NO,C1200,2022,Manufacture of tobacco products,Norway
NO,C1200,2023,Manufacture of tobacco products,Norway
NO,C1391,2021,Manufacture of knitted and crocheted fabrics,Norway
NO,C1391,2022,Manufacture of knitted and crocheted fabrics,Norway
NO,C1391,2023,Manufacture of knitted and crocheted fabrics,Norway
NO,C1395,2021,"Manufacture of non-wovens and articles made from non-wovens, except apparel",Norway
NO,C1395,2022,"Manufacture of non-wovens and articles made from non-wovens, except apparel",Norway
NO,C1395,2023,"Manufacture of non-wovens and articles made from non-wovens, except apparel",Norway
NO,C1411,2021,Manufacture of leather clothes,Norway
NO,C1411,2022,Manufacture of leather clothes,Norway
NO,C1411,2023,Manufacture of leather clothes,Norway
NO,C1414,2021,Manufacture of underwear,Norway
NO,C1414,2022,Manufacture of underwear,Norway
NO,C1414,2023,Manufacture of underwear,Norway
NO,C1431,2021,Manufacture of knitted and crocheted hosiery,Norway
NO,C1431,2022,Manufacture of knitted and crocheted hosiery,Norway
NO,C1431,2023,Manufacture of knitted and crocheted hosiery,Norway
NO,C1439,2021,Manufacture of other knitted and crocheted apparel,Norway
NO,C1439,2022,Manufacture of other knitted and crocheted apparel,Norway
NO,C1439,2023,Manufacture of other knitted and crocheted apparel,Norway
NO,C1520,2021,Manufacture of footwear,Norway
NO,C1520,2022,Manufacture of footwear,Norway
NO,C1520,2023,Manufacture of footwear,Norway
NO,C1622,2022,Manufacture of assembled parquet floors,Norway
NO,C1622,2023,Manufacture of assembled parquet floors,Norway
NO,C1629,2022,"Manufacture of other products of wood; manufacture of articles of cork, straw and plaiting materials",Norway
NO,C1629,2023,"Manufacture of other products of wood; manufacture of articles of cork, straw and plaiting materials",Norway
NO,C1722,2022,Manufacture of household and sanitary goods and of toilet requisites,Norway
NO,C1722,2023,Manufacture of household and sanitary goods and of toilet requisites,Norway
NO,C1723,2021,Manufacture of paper stationery,Norway
NO,C1723,2022,Manufacture of paper stationery,Norway
NO,C1723,2023,Manufacture of paper stationery,Norway
NO,C1724,2021,Manufacture of wallpaper,Norway
NO,C1724,2022,Manufacture of wallpaper,Norway
NO,C1724,2023,Manufacture of wallpaper,Norway
NO,C1920,2021,Manufacture of refined petroleum products,Norway
NO,C1920,2022,Manufacture of refined petroleum products,Norway
NO,C1920,2023,Manufacture of refined petroleum products,Norway
NO,C2012,2021,Manufacture of dyes and pigments,Norway
NO,C2012,2022,Manufacture of dyes and pigments,Norway
NO,C2012,2023,Manufacture of dyes and pigments,Norway
NO,C2015,2021,Manufacture of fertilisers and nitrogen compounds,Norway
NO,C2015,2022,Manufacture of fertilisers and nitrogen compounds,Norway
NO,C2015,2023,Manufacture of fertilisers and nitrogen compounds,Norway
NO,C2020,2021,Manufacture of pesticides and other agrochemical products,Norway
NO,C2020,2022,Manufacture of pesticides and other agrochemical products,Norway
NO,C2020,2023,Manufacture of pesticides and other agrochemical products,Norway
NO,C2051,2021,Manufacture of explosives,Norway
NO,C2051,2022,Manufacture of explosives,Norway
NO,C2051,2023,Manufacture of explosives,Norway
NO,C2052,2021,Manufacture of glues,Norway
NO,C2052,2022,Manufacture of glues,Norway
NO,C2052,2023,Manufacture of glues,Norway
NO,C2060,2021,Manufacture of man-made fibres,Norway
NO,C2060,2022,Manufacture of man-made fibres,Norway
NO,C2060,2023,Manufacture of man-made fibres,Norway
NO,C2110,2021,Manufacture of basic pharmaceutical products,Norway
NO,C2110,2022,Manufacture of basic pharmaceutical products,Norway
NO,C2110,2023,Manufacture of basic pharmaceutical products,Norway
NO,C2120,2021,Manufacture of pharmaceutical preparations,Norway
NO,C2120,2022,Manufacture of pharmaceutical preparations,Norway
NO,C2120,2023,Manufacture of pharmaceutical preparations,Norway
NO,C2311,2021,Manufacture of flat glass,Norway
NO,C2311,2022,Manufacture of flat glass,Norway
NO,C2311,2023,Manufacture of flat glass,Norway
NO,C2319,2021,"Manufacture and processing of other glass, including technical glassware",Norway
NO,C2319,2022,"Manufacture and processing of other glass, including technical glassware",Norway
NO,C2319,2023,"Manufacture and processing of other glass, including technical glassware",Norway
NO,C2320,2021,Manufacture of refractory products,Norway
NO,C2320,2022,Manufacture of refractory products,Norway
NO,C2320,2023,Manufacture of refractory products,Norway
NO,C2331,2021,Manufacture of ceramic tiles and flags,Norway
NO,C2331,2022,Manufacture of ceramic tiles and flags,Norway
NO,C2331,2023,Manufacture of ceramic tiles and flags,Norway
NO,C2332,2021,"Manufacture of bricks, tiles and construction products, in baked clay",Norway
NO,C2332,2022,"Manufacture of bricks, tiles and construction products, in baked clay",Norway
NO,C2332,2023,"Manufacture of bricks, tiles and construction products, in baked clay",Norway
NO,C2342,2021,Manufacture of ceramic sanitary fixtures,Norway
NO,C2342,2022,Manufacture of ceramic sanitary fixtures,Norway
NO,C2342,2023,Manufacture of ceramic sanitary fixtures,Norway
NO,C2343,2021,Manufacture of ceramic insulators and insulating fittings,Norway
NO,C2343,2022,Manufacture of ceramic insulators and insulating fittings,Norway
NO,C2343,2023,Manufacture of ceramic insulators and insulating fittings,Norway
NO,C2344,2022,Manufacture of other technical ceramic products,Norway
NO,C2344,2023,Manufacture of other technical ceramic products,Norway
NO,C2351,2021,Manufacture of cement,Norway
NO,C2351,2022,Manufacture of cement,Norway
NO,C2351,2023,Manufacture of cement,Norway
NO,C2352,2021,Manufacture of lime and plaster,Norway
NO,C2352,2022,Manufacture of lime and plaster,Norway
NO,C2352,2023,Manufacture of lime and plaster,Norway
NO,C2362,2021,Manufacture of plaster products for construction purposes,Norway
NO,C2362,2022,Manufacture of plaster products for construction purposes,Norway
NO,C2362,2023,Manufacture of plaster products for construction purposes,Norway
NO,C2364,2021,Manufacture of mortars,Norway
NO,C2364,2022,Manufacture of mortars,Norway
NO,C2364,2023,Manufacture of mortars,Norway
NO,C2365,2021,Manufacture of fibre cement,Norway
NO,C2365,2022,Manufacture of fibre cement,Norway
NO,C2365,2023,Manufacture of fibre cement,Norway
NO,C2420,2021,"Manufacture of tubes, pipes, hollow profiles and related fittings, of steel",Norway
NO,C2420,2022,"Manufacture of tubes, pipes, hollow profiles and related fittings, of steel",Norway
NO,C2420,2023,"Manufacture of tubes, pipes, hollow profiles and related fittings, of steel",Norway
NO,C2432,2021,Cold rolling of narrow strip,Norway
NO,C2432,2022,Cold rolling of narrow strip,Norway
NO,C2432,2023,Cold rolling of narrow strip,Norway
NO,C2433,2021,Cold forming or folding,Norway
NO,C2433,2022,Cold forming or folding,Norway
NO,C2433,2023,Cold forming or folding,Norway
NO,C2441,2021,Precious metals production,Norway
NO,C2441,2022,Precious metals production,Norway
NO,C2441,2023,Precious metals production,Norway
NO,C2443,2021,"Lead, zinc and tin production",Norway
NO,C2443,2022,"Lead, zinc and tin production",Norway
NO,C2443,2023,"Lead, zinc and tin production",Norway
NO,C2444,2021,Copper production,Norway
NO,C2444,2022,Copper production,Norway
NO,C2444,2023,Copper production,Norway
NO,C2445,2021,Other non-ferrous metal production,Norway
NO,C2445,2022,Other non-ferrous metal production,Norway
NO,C2445,2023,Other non-ferrous metal production,Norway
NO,C2452,2021,Casting of steel,Norway
NO,C2452,2022,Casting of steel,Norway
NO,C2452,2023,Casting of steel,Norway
NO,C2454,2021,Casting of other non-ferrous metals,Norway
NO,C2454,2022,Casting of other non-ferrous metals,Norway
NO,C2454,2023,Casting of other non-ferrous metals,Norway
NO,C2521,2021,Manufacture of central heating radiators and boilers,Norway
NO,C2521,2022,Manufacture of central heating radiators and boilers,Norway
NO,C2521,2023,Manufacture of central heating radiators and boilers,Norway
NO,C2529,2021,"Manufacture of other tanks, reservoirs and containers of metal",Norway
NO,C2529,2022,"Manufacture of other tanks, reservoirs and containers of metal",Norway
NO,C2529,2023,"Manufacture of other tanks, reservoirs and containers of metal",Norway
NO,C2530,2021,"Manufacture of steam generators, except central heating hot water boilers",Norway
NO,C2530,2022,"Manufacture of steam generators, except central heating hot water boilers",Norway
NO,C2530,2023,"Manufacture of steam generators, except central heating hot water boilers",Norway
NO,C2540,2021,Manufacture of weapons and ammunition,Norway
NO,C2540,2022,Manufacture of weapons and ammunition,Norway
NO,C2540,2023,Manufacture of weapons and ammunition,Norway
NO,C2591,2021,Manufacture of steel drums and similar containers,Norway
NO,C2591,2022,Manufacture of steel drums and similar containers,Norway
NO,C2591,2023,Manufacture of steel drums and similar containers,Norway
NO,C2594,2021,Manufacture of fasteners and screw machine products,Norway
NO,C2594,2022,Manufacture of fasteners and screw machine products,Norway
NO,C2594,2023,Manufacture of fasteners and screw machine products,Norway
NO,C2640,2021,Manufacture of consumer electronics,Norway
NO,C2640,2022,Manufacture of consumer electronics,Norway
NO,C2640,2023,Manufacture of consumer electronics,Norway
NO,C2651,2021,"Manufacture of instruments and appliances for measuring, testing and navigation",Norway
NO,C2651,2022,"Manufacture of instruments and appliances for measuring, testing and navigation",Norway
NO,C2651,2023,"Manufacture of instruments and appliances for measuring, testing and navigation",Norway
NO,C2652,2021,Manufacture of watches and clocks,Norway
NO,C2652,2022,Manufacture of watches and clocks,Norway
NO,C2652,2023,Manufacture of watches and clocks,Norway
NO,C2660,2021,"Manufacture of irradiation, electromedical and electrotherapeutic equipment",Norway
NO,C2660,2022,"Manufacture of irradiation, electromedical and electrotherapeutic equipment",Norway
NO,C2660,2023,"Manufacture of irradiation, electromedical and electrotherapeutic equipment",Norway
NO,C2680,2021,Manufacture of magnetic and optical media,Norway
NO,C2680,2022,Manufacture of magnetic and optical media,Norway
NO,C2680,2023,Manufacture of magnetic and optical media,Norway
NO,C2731,2021,Manufacture of fibre optic cables,Norway
NO,C2731,2022,Manufacture of fibre optic cables,Norway
NO,C2731,2023,Manufacture of fibre optic cables,Norway
NO,C2733,2021,Manufacture of wiring devices,Norway
NO,C2733,2022,Manufacture of wiring devices,Norway
NO,C2733,2023,Manufacture of wiring devices,Norway
NO,C2751,2021,Manufacture of electric domestic appliances,Norway
NO,C2751,2022,Manufacture of electric domestic appliances,Norway
NO,C2751,2023,Manufacture of electric domestic appliances,Norway
NO,C2752,2021,Manufacture of non-electric domestic appliances,Norway
NO,C2752,2022,Manufacture of non-electric domestic appliances,Norway
NO,C2752,2023,Manufacture of non-electric domestic appliances,Norway
NO,C2891,2021,Manufacture of machinery for metallurgy,Norway
NO,C2891,2022,Manufacture of machinery for metallurgy,Norway
NO,C2891,2023,Manufacture of machinery for metallurgy,Norway
NO,C2894,2021,"Manufacture of machinery for textile, apparel and leather production",Norway
NO,C2894,2022,"Manufacture of machinery for textile, apparel and leather production",Norway
NO,C2894,2023,"Manufacture of machinery for textile, apparel and leather production",Norway
NO,C2896,2021,Manufacture of plastics and rubber machinery,Norway
NO,C2896,2022,Manufacture of plastics and rubber machinery,Norway
NO,C2896,2023,Manufacture of plastics and rubber machinery,Norway
NO,C2910,2022,Manufacture of motor vehicles,Norway
NO,C2910,2023,Manufacture of motor vehicles,Norway
NO,C2920,2022,Manufacture of bodies (coachwork) for motor vehicles; manufacture of trailers and semi-trailers,Norway
NO,C2920,2023,Manufacture of bodies (coachwork) for motor vehicles; manufacture of trailers and semi-trailers,Norway
NO,C2931,2021,Manufacture of electrical and electronic equipment for motor vehicles,Norway
NO,C2931,2022,Manufacture of electrical and electronic equipment for motor vehicles,Norway
NO,C2931,2023,Manufacture of electrical and electronic equipment for motor vehicles,Norway
NO,C2932,2021,Manufacture of other parts and accessories for motor vehicles,Norway
NO,C2932,2022,Manufacture of other parts and accessories for motor vehicles,Norway
NO,C2932,2023,Manufacture of other parts and accessories for motor vehicles,Norway
NO,C3030,2021,Manufacture of air and spacecraft and related machinery,Norway
NO,C3030,2022,Manufacture of air and spacecraft and related machinery,Norway
NO,C3030,2023,Manufacture of air and spacecraft and related machinery,Norway
NO,C3040,2022,Manufacture of military fighting vehicles,Norway
NO,C3040,2023,Manufacture of military fighting vehicles,Norway
NO,C3091,2022,Manufacture of motorcycles,Norway
NO,C3091,2023,Manufacture of motorcycles,Norway
NO,C3092,2021,Manufacture of bicycles and invalid carriages,Norway
NO,C3099,2021,Manufacture of other transport equipment n.e.c.,Norway
NO,C3099,2022,Manufacture of other transport equipment n.e.c.,Norway
NO,C3099,2023,Manufacture of other transport equipment n.e.c.,Norway
NO,C3211,2021,Striking of coins,Norway
NO,C3211,2022,Striking of coins,Norway
NO,C3211,2023,Striking of coins,Norway
NO,C3213,2021,Manufacture of imitation jewellery and related articles,Norway
NO,C3213,2022,Manufacture of imitation jewellery and related articles,Norway
NO,C3213,2023,Manufacture of imitation jewellery and related articles,Norway
NO,C3250,2021,Manufacture of medical and dental instruments and supplies,Norway
NO,D3512,2021,Transmission of electricity,Norway
NO,D3512,2022,Transmission of electricity,Norway
NO,D3512,2023,Transmission of electricity,Norway
NO,D3513,2021,Distribution of electricity,Norway
NO,D3513,2022,Distribution of electricity,Norway
NO,D3513,2023,Distribution of electricity,Norway
NO,D3521,2021,Manufacture of gas,Norway
NO,D3522,2022,Distribution of gaseous fuels through mains,Norway
NO,D3522,2023,Distribution of gaseous fuels through mains,Norway
NO,D3523,2021,Trade of gas through mains,Norway
NO,D3523,2022,Trade of gas through mains,Norway
NO,D3523,2023,Trade of gas through mains,Norway
NO,E3831,2021,Dismantling of wrecks,Norway
NO,E3831,2022,Dismantling of wrecks,Norway
NO,E3831,2023,Dismantling of wrecks,Norway
NO,E3832,2021,Recovery of sorted materials,Norway
NO,E3832,2022,Recovery of sorted materials,Norway
NO,E3832,2023,Recovery of sorted materials,Norway
NO,F4311,2021,Demolition,Norway
NO,F4311,2022,Demolition,Norway
NO,F4311,2023,Demolition,Norway
NO,F4313,2021,Test drilling and boring,Norway
NO,F4313,2022,Test drilling and boring,Norway
NO,F4313,2023,Test drilling and boring,Norway
NO,G4611,2021,"Agents involved in the sale of agricultural raw materials, live animals, textile raw materials and semi-finished goods",Norway
NO,G4611,2022,"Agents involved in the sale of agricultural raw materials, live animals, textile raw materials and semi-finished goods",Norway
NO,G4611,2023,"Agents involved in the sale of agricultural raw materials, live animals, textile raw materials and semi-finished goods",Norway
NO,G4619,2021,Agents involved in the sale of a variety of goods,Norway
NO,G4619,2022,Agents involved in the sale of a variety of goods,Norway
NO,G4619,2023,Agents involved in the sale of a variety of goods,Norway
NO,G4664,2021,Wholesale of machinery for the textile industry and of sewing and knitting machines,Norway
NO,G4664,2022,Wholesale of machinery for the textile industry and of sewing and knitting machines,Norway
NO,G4664,2023,Wholesale of machinery for the textile industry and of sewing and knitting machines,Norway
NO,G4666,2021,Wholesale of other office machinery and equipment,Norway
NO,G4666,2022,Wholesale of other office machinery and equipment,Norway
NO,G4666,2023,Wholesale of other office machinery and equipment,Norway
NO,G4722,2021,Retail sale of meat and meat products in specialised stores,Norway
NO,G4722,2022,Retail sale of meat and meat products in specialised stores,Norway
NO,G4722,2023,Retail sale of meat and meat products in specialised stores,Norway
NO,G4725,2021,Retail sale of beverages in specialised stores,Norway
NO,G4725,2022,Retail sale of beverages in specialised stores,Norway
NO,G4725,2023,Retail sale of beverages in specialised stores,Norway
NO,H4920,2021,Freight rail transport,Norway
NO,H4920,2022,Freight rail transport,Norway
NO,H4920,2023,Freight rail transport,Norway
NO,H4950,2021,Transport via pipeline,Norway
NO,H4950,2022,Transport via pipeline,Norway
NO,H4950,2023,Transport via pipeline,Norway
NO,H5121,2022,Freight air transport,Norway
NO,H5121,2023,Freight air transport,Norway
NO,H5122,2022,Space transport,Norway
NO,H5122,2023,Space transport,Norway
NO,H5310,2021,Postal activities under universal service obligation,Norway
NO,H5310,2022,Postal activities under universal service obligation,Norway
NO,H5310,2023,Postal activities under universal service obligation,Norway
NO,H5320,2021,Other postal and courier activities,Norway
NO,H5320,2022,Other postal and courier activities,Norway
NO,H5320,2023,Other postal and courier activities,Norway
NO,J5812,2022,Publishing of directories and mailing lists,Norway
NO,J5812,2023,Publishing of directories and mailing lists,Norway
NO,J5819,2022,Other publishing activities,Norway
NO,J5819,2023,Other publishing activities,Norway
NO,N7712,2021,Renting and leasing of trucks,Norway
NO,N7712,2022,Renting and leasing of trucks,Norway
NO,N7712,2023,Renting and leasing of trucks,Norway
NO,N7721,2021,Renting and leasing of recreational and sports goods,Norway
NO,N7721,2022,Renting and leasing of recreational and sports goods,Norway
NO,N7721,2023,Renting and leasing of recreational and sports goods,Norway
NO,N7722,2021,Renting of video tapes and disks,Norway
NO,N7722,2022,Renting of video tapes and disks,Norway
NO,N7722,2023,Renting of video tapes and disks,Norway
NO,N7740,2022,"Leasing of intellectual property and similar products, except copyrighted works",Norway
NO,N7740,2023,"Leasing of intellectual property and similar products, except copyrighted works",Norway
NO,P8510,2021,Pre-primary education,Norway
NO,P8560,2021,Educational support activities,Norway
NO,R9101,2021,Library and archives activities,Norway
NO,R9101,2022,Library and archives activities,Norway
NO,R9101,2023,Library and archives activities,Norway
NO,R9200,2021,Gambling and betting activities,Norway
NO,R9200,2022,Gambling and betting activities,Norway
NO,R9200,2023,Gambling and betting activities,Norway
NO,S9525,2022,"Repair of watches, clocks and jewellery",Norway
NO,S9525,2023,"Repair of watches, clocks and jewellery",Norway
NO,S9609,2022,Other personal service activities n.e.c.,Norway
NO,S9609,2023,Other personal service activities n.e.c.,Norway
PL,B0510,2021,Mining of hard coal,Poland
PL,B0510,2022,Mining of hard coal,Poland
PL,B0510,2023,Mining of hard coal,Poland
PL,B0510,2024,Mining of hard coal,Poland
PL,B0520,2021,Mining of lignite,Poland
PL,B0520,2022,Mining of lignite,Poland
PL,B0520,2023,Mining of lignite,Poland
PL,B0520,2024,Mining of lignite,Poland
PL,B0610,2021,Extraction of crude petroleum,Poland
PL,B0610,2022,Extraction of crude petroleum,Poland
PL,B0610,2023,Extraction of crude petroleum,Poland
PL,B0610,2024,Extraction of crude petroleum,Poland
PL,B0620,2024,Extraction of natural gas,Poland
PL,B0729,2021,Mining of other non-ferrous metal ores,Poland
PL,B0729,2022,Mining of other non-ferrous metal ores,Poland
PL,B0729,2023,Mining of other non-ferrous metal ores,Poland
PL,B0729,2024,Mining of other non-ferrous metal ores,Poland
PL,B0891,2023,Mining of chemical and fertiliser minerals,Poland
PL,B0891,2024,Mining of chemical and fertiliser minerals,Poland
PL,B0892,2023,Extraction of peat,Poland
PL,B0899,2024,Other mining and quarrying n.e.c.,Poland
PL,B0910,2023,Support activities for petroleum and natural gas extraction,Poland
PL,B0910,2024,Support activities for petroleum and natural gas extraction,Poland
PL,C1102,2021,Manufacture of wine from grape,Poland
PL,C1102,2022,Manufacture of wine from grape,Poland
PL,C1102,2023,Manufacture of wine from grape,Poland
PL,C1102,2024,Manufacture of wine from grape,Poland
PL,C1103,2021,Manufacture of cider and other fruit wines,Poland
PL,C1104,2022,Manufacture of other non-distilled fermented beverages,Poland
PL,C1104,2023,Manufacture of other non-distilled fermented beverages,Poland
PL,C1104,2024,Manufacture of other non-distilled fermented beverages,Poland
PL,C1512,2022,"Manufacture of luggage, handbags and the like, saddlery and harness",Poland
PL,C1512,2023,"Manufacture of luggage, handbags and the like, saddlery and harness",Poland
PL,C1512,2024,"Manufacture of luggage, handbags and the like, saddlery and harness",Poland
PL,C1711,2022,Manufacture of pulp,Poland
PL,C1711,2024,Manufacture of pulp,Poland
PL,C1712,2022,Manufacture of paper and paperboard,Poland
PL,C1712,2024,Manufacture of paper and paperboard,Poland
PL,C1811,2024,Printing of newspapers,Poland
PL,C1820,2024,Reproduction of recorded media,Poland
PL,C1920,2022,Manufacture of refined petroleum products,Poland
PL,C1920,2023,Manufacture of refined petroleum products,Poland
PL,C1920,2024,Manufacture of refined petroleum products,Poland
PL,C2015,2021,Manufacture of fertilisers and nitrogen compounds,Poland
PL,C2015,2022,Manufacture of fertilisers and nitrogen compounds,Poland
PL,C2015,2023,Manufacture of fertilisers and nitrogen compounds,Poland
PL,C2015,2024,Manufacture of fertilisers and nitrogen compounds,Poland
PL,C2017,2021,Manufacture of synthetic rubber in primary forms,Poland
PL,C2017,2022,Manufacture of synthetic rubber in primary forms,Poland
PL,C2017,2023,Manufacture of synthetic rubber in primary forms,Poland
PL,C2017,2024,Manufacture of synthetic rubber in primary forms,Poland
PL,C2051,2021,Manufacture of explosives,Poland
PL,C2053,2021,Manufacture of essential oils,Poland
PL,C2314,2022,Manufacture of glass fibres,Poland
PL,C2314,2024,Manufacture of glass fibres,Poland
PL,C2319,2022,"Manufacture and processing of other glass, including technical glassware",Poland
PL,C2319,2024,"Manufacture and processing of other glass, including technical glassware",Poland
PL,C2343,2023,Manufacture of ceramic insulators and insulating fittings,Poland
PL,C2343,2024,Manufacture of ceramic insulators and insulating fittings,Poland
PL,C2344,2021,Manufacture of other technical ceramic products,Poland
PL,C2344,2022,Manufacture of other technical ceramic products,Poland
PL,C2349,2021,Manufacture of other ceramic products,Poland
PL,C2349,2022,Manufacture of other ceramic products,Poland
PL,C2349,2023,Manufacture of other ceramic products,Poland
PL,C2349,2024,Manufacture of other ceramic products,Poland
PL,C2351,2022,Manufacture of cement,Poland
PL,C2351,2023,Manufacture of cement,Poland
PL,C2352,2022,Manufacture of lime and plaster,Poland
PL,C2352,2023,Manufacture of lime and plaster,Poland
PL,C2364,2023,Manufacture of mortars,Poland
PL,C2364,2024,Manufacture of mortars,Poland
PL,C2365,2021,Manufacture of fibre cement,Poland
PL,C2365,2022,Manufacture of fibre cement,Poland
PL,C2365,2023,Manufacture of fibre cement,Poland
PL,C2365,2024,Manufacture of fibre cement,Poland
PL,C2369,2021,"Manufacture of other articles of concrete, plaster and cement",Poland
PL,C2369,2022,"Manufacture of other articles of concrete, plaster and cement",Poland
PL,C2431,2022,Cold drawing of bars,Poland
PL,C2431,2023,Cold drawing of bars,Poland
PL,C2431,2024,Cold drawing of bars,Poland
PL,C2432,2022,Cold rolling of narrow strip,Poland
PL,C2432,2023,Cold rolling of narrow strip,Poland
PL,C2432,2024,Cold rolling of narrow strip,Poland
PL,C2441,2022,Precious metals production,Poland
PL,C2444,2022,Copper production,Poland
PL,C2444,2023,Copper production,Poland
PL,C2444,2024,Copper production,Poland
PL,C2445,2023,Other non-ferrous metal production,Poland
PL,C2445,2024,Other non-ferrous metal production,Poland
PL,C2530,2021,"Manufacture of steam generators, except central heating hot water boilers",Poland
PL,C2530,2022,"Manufacture of steam generators, except central heating hot water boilers",Poland
PL,C2530,2023,"Manufacture of steam generators, except central heating hot water boilers",Poland
PL,C2530,2024,"Manufacture of steam generators, except central heating hot water boilers",Poland
PL,C2540,2021,Manufacture of weapons and ammunition,Poland
PL,C2540,2022,Manufacture of weapons and ammunition,Poland
PL,C2540,2023,Manufacture of weapons and ammunition,Poland
PL,C2540,2024,Manufacture of weapons and ammunition,Poland
PL,C2571,2021,Manufacture of cutlery,Poland
PL,C2640,2021,Manufacture of consumer electronics,Poland
PL,C2660,2021,"Manufacture of irradiation, electromedical and electrotherapeutic equipment",Poland
PL,C2680,2021,Manufacture of magnetic and optical media,Poland
PL,C2720,2021,Manufacture of batteries and accumulators,Poland
PL,C2720,2022,Manufacture of batteries and accumulators,Poland
PL,C2720,2023,Manufacture of batteries and accumulators,Poland
PL,C2720,2024,Manufacture of batteries and accumulators,Poland
PL,C2740,2023,Manufacture of electric lighting equipment,Poland
PL,C2752,2024,Manufacture of non-electric domestic appliances,Poland
PL,C2790,2021,Manufacture of other electrical equipment,Poland
PL,C2790,2022,Manufacture of other electrical equipment,Poland
PL,C2823,2021,Manufacture of office machinery and equipment (except computers and peripheral equipment),Poland
PL,C2823,2022,Manufacture of office machinery and equipment (except computers and peripheral equipment),Poland
PL,C2823,2023,Manufacture of office machinery and equipment (except computers and peripheral equipment),Poland
PL,C2823,2024,Manufacture of office machinery and equipment (except computers and peripheral equipment),Poland
PL,C2824,2021,Manufacture of power-driven hand tools,Poland
PL,C2824,2022,Manufacture of power-driven hand tools,Poland
PL,C2824,2023,Manufacture of power-driven hand tools,Poland
PL,C2824,2024,Manufacture of power-driven hand tools,Poland
PL,C3011,2022,Building of ships and floating structures,Poland
PL,C3020,2021,Manufacture of railway locomotives and rolling stock,Poland
PL,C3040,2021,Manufacture of military fighting vehicles,Poland
PL,C3040,2022,Manufacture of military fighting vehicles,Poland
PL,C3211,2021,Striking of coins,Poland
PL,C3211,2022,Striking of coins,Poland
PL,C3211,2023,Striking of coins,Poland
PL,C3211,2024,Striking of coins,Poland
PL,C3213,2021,Manufacture of imitation jewellery and related articles,Poland
PL,C3213,2022,Manufacture of imitation jewellery and related articles,Poland
PL,C3213,2023,Manufacture of imitation jewellery and related articles,Poland
PL,C3213,2024,Manufacture of imitation jewellery and related articles,Poland
PL,D3512,2021,Transmission of electricity,Poland
PL,D3512,2022,Transmission of electricity,Poland
PL,D3512,2023,Transmission of electricity,Poland
PL,D3512,2024,Transmission of electricity,Poland
PL,D3513,2021,Distribution of electricity,Poland
PL,D3513,2022,Distribution of electricity,Poland
PL,D3513,2023,Distribution of electricity,Poland
PL,D3513,2024,Distribution of electricity,Poland
PL,D3521,2021,Manufacture of gas,Poland
PL,D3522,2021,Distribution of gaseous fuels through mains,Poland
PL,D3522,2022,Distribution of gaseous fuels through mains,Poland
PL,D3522,2023,Distribution of gaseous fuels through mains,Poland
PL,D3522,2024,Distribution of gaseous fuels through mains,Poland
PL,D3523,2021,Trade of gas through mains,Poland
PL,D3523,2022,Trade of gas through mains,Poland
PL,D3523,2023,Trade of gas through mains,Poland
PL,D3523,2024,Trade of gas through mains,Poland
PL,D3530,2021,Steam and air conditioning supply,Poland
PL,D3530,2022,Steam and air conditioning supply,Poland
PL,D3530,2023,Steam and air conditioning supply,Poland
PL,D3530,2024,Steam and air conditioning supply,Poland
PL,H5310,2021,Postal activities under universal service obligation,Poland
PL,H5310,2022,Postal activities under universal service obligation,Poland
PL,H5310,2023,Postal activities under universal service obligation,Poland
PL,H5310,2024,Postal activities under universal service obligation,Poland
PL,H5320,2021,Other postal and courier activities,Poland
PL,H5320,2022,Other postal and courier activities,Poland
PL,H5320,2023,Other postal and courier activities,Poland
PL,H5320,2024,Other postal and courier activities,Poland
PL,J5812,2021,Publishing of directories and mailing lists,Poland
PL,J5813,2021,Publishing of newspapers,Poland
PL,J5814,2021,Publishing of journals and periodicals,Poland
PL,J6010,2023,Radio broadcasting,Poland
PL,J6010,2024,Radio broadcasting,Poland
PL,J6020,2023,Television programming and broadcasting activities,Poland
PL,J6020,2024,Television programming and broadcasting activities,Poland
PL,K6411,2021,Central banking,Poland
PL,K6411,2022,Central banking,Poland
PL,K6411,2023,Central banking,Poland
PL,K6411,2024,Central banking,Poland
PL,K6419,2021,Other monetary intermediation,Poland
PL,K6419,2022,Other monetary intermediation,Poland
PL,K6419,2023,Other monetary intermediation,Poland
PL,K6419,2024,Other monetary intermediation,Poland
PL,K6420,2024,Activities of holding companies,Poland
PL,K6430,2024,"Trusts, funds and similar financial entities",Poland
PL,K6511,2021,Life insurance,Poland
PL,K6511,2022,Life insurance,Poland
PL,K6511,2023,Life insurance,Poland
PL,K6511,2024,Life insurance,Poland
PL,K6520,2021,Reinsurance,Poland
PL,K6520,2022,Reinsurance,Poland
PL,K6520,2023,Reinsurance,Poland
PL,K6520,2024,Reinsurance,Poland
PL,K6530,2021,Pension funding,Poland
PL,N8291,2022,Activities of collection agencies and credit bureaus,Poland
PL,N8292,2022,Packaging activities,Poland
PL,R9200,2024,Gambling and betting activities,Poland
PL,R9321,2024,Activities of amusement parks and theme parks,Poland
PT,B0710,2021,Mining of iron ores,Portugal
PT,B0891,2021,Mining of chemical and fertiliser minerals,Portugal
PT,B0891,2022,Mining of chemical and fertiliser minerals,Portugal
PT,B0892,2021,Extraction of peat,Portugal
PT,B0892,2022,Extraction of peat,Portugal
PT,B0893,2022,Extraction of salt,Portugal
PT,B0910,2021,Support activities for petroleum and natural gas extraction,Portugal
PT,B0990,2021,Support activities for other mining and quarrying,Portugal
PT,C1041,2021,Manufacture of oils and fats,Portugal
PT,C1041,2022,Manufacture of oils and fats,Portugal
PT,C1041,2023,Manufacture of oils and fats,Portugal
PT,C1041,2024,Manufacture of oils and fats,Portugal
PT,C1042,2021,Manufacture of margarine and similar edible fats,Portugal
PT,C1042,2022,Manufacture of margarine and similar edible fats,Portugal
PT,C1042,2023,Manufacture of margarine and similar edible fats,Portugal
PT,C1042,2024,Manufacture of margarine and similar edible fats,Portugal
PT,C1061,2021,Manufacture of grain mill products,Portugal
PT,C1061,2023,Manufacture of grain mill products,Portugal
PT,C1061,2024,Manufacture of grain mill products,Portugal
PT,C1062,2021,Manufacture of starches and starch products,Portugal
PT,C1062,2023,Manufacture of starches and starch products,Portugal
PT,C1062,2024,Manufacture of starches and starch products,Portugal
PT,C1103,2022,Manufacture of cider and other fruit wines,Portugal
PT,C1104,2021,Manufacture of other non-distilled fermented beverages,Portugal
PT,C1104,2023,Manufacture of other non-distilled fermented beverages,Portugal
PT,C1104,2024,Manufacture of other non-distilled fermented beverages,Portugal
PT,C1106,2021,Manufacture of malt,Portugal
PT,C1106,2022,Manufacture of malt,Portugal
PT,C1106,2023,Manufacture of malt,Portugal
PT,C1106,2024,Manufacture of malt,Portugal
PT,C2012,2021,Manufacture of dyes and pigments,Portugal
PT,C2012,2022,Manufacture of dyes and pigments,Portugal
PT,C2013,2021,Manufacture of other inorganic basic chemicals,Portugal
PT,C2013,2022,Manufacture of other inorganic basic chemicals,Portugal
PT,C2211,2021,"""Manufacture of rubber tyres and tubes; retreading and rebuilding of rubber tyres""",Portugal
PT,C2219,2021,Manufacture of other rubber products,Portugal
PT,C2343,2021,Manufacture of ceramic insulators and insulating fittings,Portugal
PT,C2343,2022,Manufacture of ceramic insulators and insulating fittings,Portugal
PT,C2343,2023,Manufacture of ceramic insulators and insulating fittings,Portugal
PT,C2343,2024,Manufacture of ceramic insulators and insulating fittings,Portugal
PT,C2349,2021,Manufacture of other ceramic products,Portugal
PT,C2349,2022,Manufacture of other ceramic products,Portugal
PT,C2349,2023,Manufacture of other ceramic products,Portugal
PT,C2349,2024,Manufacture of other ceramic products,Portugal
PT,C2351,2024,Manufacture of cement,Portugal
PT,C2352,2024,Manufacture of lime and plaster,Portugal
PT,C2362,2021,Manufacture of plaster products for construction purposes,Portugal
PT,C2362,2022,Manufacture of plaster products for construction purposes,Portugal
PT,C2362,2023,Manufacture of plaster products for construction purposes,Portugal
PT,C2362,2024,Manufacture of plaster products for construction purposes,Portugal
PT,C2365,2021,Manufacture of fibre cement,Portugal
PT,C2365,2022,Manufacture of fibre cement,Portugal
PT,C2365,2023,Manufacture of fibre cement,Portugal
PT,C2365,2024,Manufacture of fibre cement,Portugal
PT,C2431,2021,Cold drawing of bars,Portugal
PT,C2431,2023,Cold drawing of bars,Portugal
PT,C2431,2024,Cold drawing of bars,Portugal
PT,C2433,2023,Cold forming or folding,Portugal
PT,C2433,2024,Cold forming or folding,Portugal
PT,C2434,2021,Cold drawing of wire,Portugal
PT,C2434,2023,Cold drawing of wire,Portugal
PT,C2434,2024,Cold drawing of wire,Portugal
PT,C2443,2021,"Lead, zinc and tin production",Portugal
PT,C2443,2022,"Lead, zinc and tin production",Portugal
PT,C2443,2023,"Lead, zinc and tin production",Portugal
PT,C2443,2024,"Lead, zinc and tin production",Portugal
PT,C2444,2024,Copper production,Portugal
PT,C2445,2021,Other non-ferrous metal production,Portugal
PT,C2445,2022,Other non-ferrous metal production,Portugal
PT,C2445,2023,Other non-ferrous metal production,Portugal
PT,C2591,2021,Manufacture of steel drums and similar containers,Portugal
PT,C2591,2022,Manufacture of steel drums and similar containers,Portugal
PT,C2591,2023,Manufacture of steel drums and similar containers,Portugal
PT,C2591,2024,Manufacture of steel drums and similar containers,Portugal
PT,C2594,2021,Manufacture of fasteners and screw machine products,Portugal
PT,C2594,2022,Manufacture of fasteners and screw machine products,Portugal
PT,C2594,2023,Manufacture of fasteners and screw machine products,Portugal
PT,C2594,2024,Manufacture of fasteners and screw machine products,Portugal
PT,C2660,2022,"Manufacture of irradiation, electromedical and electrotherapeutic equipment",Portugal
PT,C2660,2023,"Manufacture of irradiation, electromedical and electrotherapeutic equipment",Portugal
PT,C2660,2024,"Manufacture of irradiation, electromedical and electrotherapeutic equipment",Portugal
PT,C2680,2022,Manufacture of magnetic and optical media,Portugal
PT,C2680,2023,Manufacture of magnetic and optical media,Portugal
PT,C2680,2024,Manufacture of magnetic and optical media,Portugal
PT,C2731,2022,Manufacture of fibre optic cables,Portugal
PT,C2731,2023,Manufacture of fibre optic cables,Portugal
PT,C2731,2024,Manufacture of fibre optic cables,Portugal
PT,C2733,2022,Manufacture of wiring devices,Portugal
PT,C2733,2023,Manufacture of wiring devices,Portugal
PT,C2733,2024,Manufacture of wiring devices,Portugal
PT,C3211,2023,Striking of coins,Portugal
PT,C3211,2024,Striking of coins,Portugal
PT,C3213,2023,Manufacture of imitation jewellery and related articles,Portugal
PT,C3213,2024,Manufacture of imitation jewellery and related articles,Portugal
PT,D3512,2021,Transmission of electricity,Portugal
PT,D3512,2022,Transmission of electricity,Portugal
PT,D3512,2023,Transmission of electricity,Portugal
PT,D3512,2024,Transmission of electricity,Portugal
PT,D3513,2021,Distribution of electricity,Portugal
PT,D3513,2022,Distribution of electricity,Portugal
PT,D3513,2023,Distribution of electricity,Portugal
PT,D3513,2024,Distribution of electricity,Portugal
PT,H4910,2021,"Passenger rail transport, interurban",Portugal
PT,H4910,2022,"Passenger rail transport, interurban",Portugal
PT,H4910,2023,"Passenger rail transport, interurban",Portugal
PT,H4910,2024,"Passenger rail transport, interurban",Portugal
PT,H4920,2021,Freight rail transport,Portugal
PT,H4920,2022,Freight rail transport,Portugal
PT,H4920,2023,Freight rail transport,Portugal
PT,H4920,2024,Freight rail transport,Portugal
PT,H4950,2021,Transport via pipeline,Portugal
PT,H4950,2022,Transport via pipeline,Portugal
PT,H4950,2023,Transport via pipeline,Portugal
PT,H4950,2024,Transport via pipeline,Portugal
PT,H5010,2021,Sea and coastal passenger water transport,Portugal
PT,H5010,2022,Sea and coastal passenger water transport,Portugal
PT,H5010,2023,Sea and coastal passenger water transport,Portugal
PT,H5010,2024,Sea and coastal passenger water transport,Portugal
PT,H5030,2021,Inland passenger water transport,Portugal
PT,H5030,2022,Inland passenger water transport,Portugal
PT,H5030,2023,Inland passenger water transport,Portugal
PT,H5030,2024,Inland passenger water transport,Portugal
PT,H5040,2021,Inland freight water transport,Portugal
PT,H5040,2022,Inland freight water transport,Portugal
PT,H5040,2023,Inland freight water transport,Portugal
PT,H5040,2024,Inland freight water transport,Portugal
PT,H5110,2021,Passenger air transport,Portugal
PT,H5110,2022,Passenger air transport,Portugal
PT,H5110,2023,Passenger air transport,Portugal
PT,H5121,2021,Freight air transport,Portugal
PT,H5121,2022,Freight air transport,Portugal
PT,H5121,2023,Freight air transport,Portugal
PT,H5122,2021,Space transport,Portugal
PT,H5122,2022,Space transport,Portugal
PT,H5122,2023,Space transport,Portugal
PT,J5812,2023,Publishing of directories and mailing lists,Portugal
PT,J5812,2024,Publishing of directories and mailing lists,Portugal
PT,J5819,2023,Other publishing activities,Portugal
PT,J5819,2024,Other publishing activities,Portugal
RS,B0510,2021,Mining of hard coal,Serbia
RS,B0520,2021,Mining of lignite,Serbia
RS,B0610,2021,Extraction of crude petroleum,Serbia
RS,B0620,2021,Extraction of natural gas,Serbia
RS,B0710,2021,Mining of iron ores,Serbia
RS,B0729,2021,Mining of other non-ferrous metal ores,Serbia
RS,B0899,2021,Other mining and quarrying n.e.c.,Serbia
RS,C1031,2021,Processing and preserving of potatoes,Serbia
RS,C1031,2022,Processing and preserving of potatoes,Serbia
RS,C1031,2023,Processing and preserving of potatoes,Serbia
RS,C1031,2024,Processing and preserving of potatoes,Serbia
RS,C1032,2021,Manufacture of fruit and vegetable juice,Serbia
RS,C1032,2022,Manufacture of fruit and vegetable juice,Serbia
RS,C1032,2023,Manufacture of fruit and vegetable juice,Serbia
RS,C1032,2024,Manufacture of fruit and vegetable juice,Serbia
RS,C1091,2021,Manufacture of prepared feeds for farm animals,Serbia
RS,C1091,2022,Manufacture of prepared feeds for farm animals,Serbia
RS,C1091,2023,Manufacture of prepared feeds for farm animals,Serbia
RS,C1091,2024,Manufacture of prepared feeds for farm animals,Serbia
RS,C1092,2021,Manufacture of prepared pet foods,Serbia
RS,C1092,2022,Manufacture of prepared pet foods,Serbia
RS,C1092,2023,Manufacture of prepared pet foods,Serbia
RS,C1092,2024,Manufacture of prepared pet foods,Serbia
RS,C1102,2021,Manufacture of wine from grape,Serbia
RS,C1102,2022,Manufacture of wine from grape,Serbia
RS,C1102,2023,Manufacture of wine from grape,Serbia
RS,C1102,2024,Manufacture of wine from grape,Serbia
RS,C1103,2021,Manufacture of cider and other fruit wines,Serbia
RS,C1103,2022,Manufacture of cider and other fruit wines,Serbia
RS,C1103,2023,Manufacture of cider and other fruit wines,Serbia
RS,C1103,2024,Manufacture of cider and other fruit wines,Serbia
RS,C1104,2021,Manufacture of other non-distilled fermented beverages,Serbia
RS,C1104,2022,Manufacture of other non-distilled fermented beverages,Serbia
RS,C1104,2023,Manufacture of other non-distilled fermented beverages,Serbia
RS,C1104,2024,Manufacture of other non-distilled fermented beverages,Serbia
RS,C1106,2021,Manufacture of malt,Serbia
RS,C1106,2022,Manufacture of malt,Serbia
RS,C1106,2023,Manufacture of malt,Serbia
RS,C1106,2024,Manufacture of malt,Serbia
RS,C1310,2022,Preparation and spinning of textile fibres,Serbia
RS,C1320,2021,Weaving of textiles,Serbia
RS,C1320,2022,Weaving of textiles,Serbia
RS,C1320,2023,Weaving of textiles,Serbia
RS,C1320,2024,Weaving of textiles,Serbia
RS,C1395,2021,"Manufacture of non-wovens and articles made from non-wovens, except apparel",Serbia
RS,C1395,2022,"Manufacture of non-wovens and articles made from non-wovens, except apparel",Serbia
RS,C1395,2023,"Manufacture of non-wovens and articles made from non-wovens, except apparel",Serbia
RS,C1395,2024,"Manufacture of non-wovens and articles made from non-wovens, except apparel",Serbia
RS,C1399,2021,Manufacture of other textiles n.e.c.,Serbia
RS,C1399,2022,Manufacture of other textiles n.e.c.,Serbia
RS,C1399,2023,Manufacture of other textiles n.e.c.,Serbia
RS,C1399,2024,Manufacture of other textiles n.e.c.,Serbia
RS,C1610,2022,Sawmilling and planing of wood,Serbia
RS,C1711,2022,Manufacture of pulp,Serbia
RS,C1711,2023,Manufacture of pulp,Serbia
RS,C1711,2024,Manufacture of pulp,Serbia
RS,C1712,2022,Manufacture of paper and paperboard,Serbia
RS,C1712,2023,Manufacture of paper and paperboard,Serbia
RS,C1712,2024,Manufacture of paper and paperboard,Serbia
RS,C1723,2021,Manufacture of paper stationery,Serbia
RS,C1723,2022,Manufacture of paper stationery,Serbia
RS,C1723,2023,Manufacture of paper stationery,Serbia
RS,C1723,2024,Manufacture of paper stationery,Serbia
RS,C1724,2021,Manufacture of wallpaper,Serbia
RS,C1724,2022,Manufacture of wallpaper,Serbia
RS,C1724,2023,Manufacture of wallpaper,Serbia
RS,C1724,2024,Manufacture of wallpaper,Serbia
RS,C1920,2021,Manufacture of refined petroleum products,Serbia
RS,C1920,2022,Manufacture of refined petroleum products,Serbia
RS,C1920,2023,Manufacture of refined petroleum products,Serbia
RS,C1920,2024,Manufacture of refined petroleum products,Serbia
RS,C2041,2021,"Manufacture of soap and detergents, cleaning and polishing preparations",Serbia
RS,C2041,2022,"Manufacture of soap and detergents, cleaning and polishing preparations",Serbia
RS,C2060,2021,Manufacture of man-made fibres,Serbia
RS,C2060,2022,Manufacture of man-made fibres,Serbia
RS,C2311,2022,Manufacture of flat glass,Serbia
RS,C2311,2024,Manufacture of flat glass,Serbia
RS,C2313,2021,Manufacture of hollow glass,Serbia
RS,C2313,2022,Manufacture of hollow glass,Serbia
RS,C2313,2023,Manufacture of hollow glass,Serbia
RS,C2313,2024,Manufacture of hollow glass,Serbia
RS,C2314,2021,Manufacture of glass fibres,Serbia
RS,C2314,2022,Manufacture of glass fibres,Serbia
RS,C2314,2023,Manufacture of glass fibres,Serbia
RS,C2314,2024,Manufacture of glass fibres,Serbia
RS,C2319,2021,"Manufacture and processing of other glass, including technical glassware",Serbia
RS,C2319,2023,"Manufacture and processing of other glass, including technical glassware",Serbia
RS,C2319,2024,"Manufacture and processing of other glass, including technical glassware",Serbia
RS,C2342,2022,Manufacture of ceramic sanitary fixtures,Serbia
RS,C2343,2022,Manufacture of ceramic insulators and insulating fittings,Serbia
RS,C2343,2023,Manufacture of ceramic insulators and insulating fittings,Serbia
RS,C2343,2024,Manufacture of ceramic insulators and insulating fittings,Serbia
RS,C2349,2023,Manufacture of other ceramic products,Serbia
RS,C2349,2024,Manufacture of other ceramic products,Serbia
RS,C2362,2021,Manufacture of plaster products for construction purposes,Serbia
RS,C2362,2022,Manufacture of plaster products for construction purposes,Serbia
RS,C2362,2023,Manufacture of plaster products for construction purposes,Serbia
RS,C2362,2024,Manufacture of plaster products for construction purposes,Serbia
RS,C2365,2022,Manufacture of fibre cement,Serbia
RS,C2365,2023,Manufacture of fibre cement,Serbia
RS,C2365,2024,Manufacture of fibre cement,Serbia
RS,C2369,2021,"Manufacture of other articles of concrete, plaster and cement",Serbia
RS,C2369,2022,"Manufacture of other articles of concrete, plaster and cement",Serbia
RS,C2410,2021,Manufacture of basic iron and steel and of ferro-alloys,Serbia
RS,C2410,2022,Manufacture of basic iron and steel and of ferro-alloys,Serbia
RS,C2410,2023,Manufacture of basic iron and steel and of ferro-alloys,Serbia
RS,C2410,2024,Manufacture of basic iron and steel and of ferro-alloys,Serbia
RS,C2431,2021,Cold drawing of bars,Serbia
RS,C2431,2022,Cold drawing of bars,Serbia
RS,C2431,2023,Cold drawing of bars,Serbia
RS,C2431,2024,Cold drawing of bars,Serbia
RS,C2432,2021,Cold rolling of narrow strip,Serbia
RS,C2432,2022,Cold rolling of narrow strip,Serbia
RS,C2432,2023,Cold rolling of narrow strip,Serbia
RS,C2432,2024,Cold rolling of narrow strip,Serbia
RS,C2433,2023,Cold forming or folding,Serbia
RS,C2433,2024,Cold forming or folding,Serbia
RS,C2434,2021,Cold drawing of wire,Serbia
RS,C2434,2022,Cold drawing of wire,Serbia
RS,C2434,2023,Cold drawing of wire,Serbia
RS,C2434,2024,Cold drawing of wire,Serbia
RS,C2441,2021,Precious metals production,Serbia
RS,C2441,2022,Precious metals production,Serbia
RS,C2441,2023,Precious metals production,Serbia
RS,C2442,2024,Aluminium production,Serbia
RS,C2443,2021,"Lead, zinc and tin production",Serbia
RS,C2443,2022,"Lead, zinc and tin production",Serbia
RS,C2443,2023,"Lead, zinc and tin production",Serbia
RS,C2443,2024,"Lead, zinc and tin production",Serbia
RS,C2444,2024,Copper production,Serbia
RS,C2445,2021,Other non-ferrous metal production,Serbia
RS,C2445,2022,Other non-ferrous metal production,Serbia
RS,C2445,2023,Other non-ferrous metal production,Serbia
RS,C2445,2024,Other non-ferrous metal production,Serbia
RS,C2454,2021,Casting of other non-ferrous metals,Serbia
RS,C2454,2022,Casting of other non-ferrous metals,Serbia
RS,C2454,2023,Casting of other non-ferrous metals,Serbia
RS,C2454,2024,Casting of other non-ferrous metals,Serbia
RS,C2640,2024,Manufacture of consumer electronics,Serbia
RS,C2651,2021,"Manufacture of instruments and appliances for measuring, testing and navigation",Serbia
RS,C2651,2022,"Manufacture of instruments and appliances for measuring, testing and navigation",Serbia
RS,C2651,2023,"Manufacture of instruments and appliances for measuring, testing and navigation",Serbia
RS,C2651,2024,"Manufacture of instruments and appliances for measuring, testing and navigation",Serbia
RS,C2652,2021,Manufacture of watches and clocks,Serbia
RS,C2652,2022,Manufacture of watches and clocks,Serbia
RS,C2652,2023,Manufacture of watches and clocks,Serbia
RS,C2652,2024,Manufacture of watches and clocks,Serbia
RS,C2660,2021,"Manufacture of irradiation, electromedical and electrotherapeutic equipment",Serbia
RS,C2660,2022,"Manufacture of irradiation, electromedical and electrotherapeutic equipment",Serbia
RS,C2660,2023,"Manufacture of irradiation, electromedical and electrotherapeutic equipment",Serbia
RS,C2660,2024,"Manufacture of irradiation, electromedical and electrotherapeutic equipment",Serbia
RS,C2680,2021,Manufacture of magnetic and optical media,Serbia
RS,C2680,2022,Manufacture of magnetic and optical media,Serbia
RS,C2680,2023,Manufacture of magnetic and optical media,Serbia
RS,C2680,2024,Manufacture of magnetic and optical media,Serbia
RS,C2720,2021,Manufacture of batteries and accumulators,Serbia
RS,C2720,2022,Manufacture of batteries and accumulators,Serbia
RS,C2731,2021,Manufacture of fibre optic cables,Serbia
RS,C2731,2022,Manufacture of fibre optic cables,Serbia
RS,C2731,2023,Manufacture of fibre optic cables,Serbia
RS,C2731,2024,Manufacture of fibre optic cables,Serbia
RS,C2732,2021,Manufacture of other electronic and electric wires and cables,Serbia
RS,C2732,2022,Manufacture of other electronic and electric wires and cables,Serbia
RS,C2732,2023,Manufacture of other electronic and electric wires and cables,Serbia
RS,C2732,2024,Manufacture of other electronic and electric wires and cables,Serbia
RS,C2733,2021,Manufacture of wiring devices,Serbia
RS,C2733,2022,Manufacture of wiring devices,Serbia
RS,C2733,2023,Manufacture of wiring devices,Serbia
RS,C2733,2024,Manufacture of wiring devices,Serbia
RS,C2740,2021,Manufacture of electric lighting equipment,Serbia
RS,C2740,2022,Manufacture of electric lighting equipment,Serbia
RS,C2811,2021,"Manufacture of engines and turbines, except aircraft, vehicle and cycle engines",Serbia
RS,C2811,2022,"Manufacture of engines and turbines, except aircraft, vehicle and cycle engines",Serbia
RS,C2811,2023,"Manufacture of engines and turbines, except aircraft, vehicle and cycle engines",Serbia
RS,C2811,2024,"Manufacture of engines and turbines, except aircraft, vehicle and cycle engines",Serbia
RS,C2812,2021,Manufacture of fluid power equipment,Serbia
RS,C2812,2022,Manufacture of fluid power equipment,Serbia
RS,C2812,2023,Manufacture of fluid power equipment,Serbia
RS,C2812,2024,Manufacture of fluid power equipment,Serbia
RS,C2813,2021,Manufacture of other pumps and compressors,Serbia
RS,C2813,2022,Manufacture of other pumps and compressors,Serbia
RS,C2813,2023,Manufacture of other pumps and compressors,Serbia
RS,C2813,2024,Manufacture of other pumps and compressors,Serbia
RS,C2814,2024,Manufacture of other taps and valves,Serbia
RS,C2815,2021,"Manufacture of bearings, gears, gearing and driving elements",Serbia
RS,C2815,2022,"Manufacture of bearings, gears, gearing and driving elements",Serbia
RS,C2821,2024,"Manufacture of ovens, furnaces and furnace burners",Serbia
RS,C2823,2021,Manufacture of office machinery and equipment (except computers and peripheral equipment),Serbia
RS,C2823,2022,Manufacture of office machinery and equipment (except computers and peripheral equipment),Serbia
RS,C2823,2024,Manufacture of office machinery and equipment (except computers and peripheral equipment),Serbia
RS,C2824,2021,Manufacture of power-driven hand tools,Serbia
RS,C2824,2022,Manufacture of power-driven hand tools,Serbia
RS,C2910,2021,Manufacture of motor vehicles,Serbia
RS,C2910,2022,Manufacture of motor vehicles,Serbia
RS,C2920,2021,Manufacture of bodies (coachwork) for motor vehicles; manufacture of trailers and semi-trailers,Serbia
RS,C2920,2022,Manufacture of bodies (coachwork) for motor vehicles; manufacture of trailers and semi-trailers,Serbia
RS,C3012,2022,Building of pleasure and sporting boats,Serbia
RS,C3020,2021,Manufacture of railway locomotives and rolling stock,Serbia
RS,C3020,2022,Manufacture of railway locomotives and rolling stock,Serbia
RS,C3020,2023,Manufacture of railway locomotives and rolling stock,Serbia
RS,C3020,2024,Manufacture of railway locomotives and rolling stock,Serbia
RS,C3030,2021,Manufacture of air and spacecraft and related machinery,Serbia
RS,C3030,2022,Manufacture of air and spacecraft and related machinery,Serbia
RS,C3030,2023,Manufacture of air and spacecraft and related machinery,Serbia
RS,C3030,2024,Manufacture of air and spacecraft and related machinery,Serbia
RS,C3091,2021,Manufacture of motorcycles,Serbia
RS,C3091,2023,Manufacture of motorcycles,Serbia
RS,C3091,2024,Manufacture of motorcycles,Serbia
RS,C3092,2023,Manufacture of bicycles and invalid carriages,Serbia
RS,C3092,2024,Manufacture of bicycles and invalid carriages,Serbia
RS,C3099,2021,Manufacture of other transport equipment n.e.c.,Serbia
RS,C3099,2023,Manufacture of other transport equipment n.e.c.,Serbia
RS,C3099,2024,Manufacture of other transport equipment n.e.c.,Serbia
RS,C3211,2021,Striking of coins,Serbia
RS,C3211,2022,Striking of coins,Serbia
RS,C3211,2023,Striking of coins,Serbia
RS,C3211,2024,Striking of coins,Serbia
RS,C3213,2021,Manufacture of imitation jewellery and related articles,Serbia
RS,C3213,2022,Manufacture of imitation jewellery and related articles,Serbia
RS,C3213,2023,Manufacture of imitation jewellery and related articles,Serbia
RS,C3213,2024,Manufacture of imitation jewellery and related articles,Serbia
RS,C3220,2024,Manufacture of musical instruments,Serbia
RS,C3230,2024,Manufacture of sports goods,Serbia
RS,C3313,2021,Repair of electronic and optical equipment,Serbia
RS,C3316,2021,Repair and maintenance of aircraft and spacecraft,Serbia
RS,C3319,2021,Repair of other equipment,Serbia
RS,D3511,2021,Production of electricity,Serbia
RS,D3511,2022,Production of electricity,Serbia
RS,D3511,2023,Production of electricity,Serbia
RS,D3511,2024,Production of electricity,Serbia
RS,D3512,2021,Transmission of electricity,Serbia
RS,D3512,2022,Transmission of electricity,Serbia
RS,D3512,2023,Transmission of electricity,Serbia
RS,D3512,2024,Transmission of electricity,Serbia
RS,D3513,2021,Distribution of electricity,Serbia
RS,D3513,2022,Distribution of electricity,Serbia
RS,D3513,2023,Distribution of electricity,Serbia
RS,D3513,2024,Distribution of electricity,Serbia
RS,D3521,2021,Manufacture of gas,Serbia
RS,D3521,2022,Manufacture of gas,Serbia
RS,D3521,2023,Manufacture of gas,Serbia
RS,D3521,2024,Manufacture of gas,Serbia
RS,D3522,2023,Distribution of gaseous fuels through mains,Serbia
RS,D3523,2021,Trade of gas through mains,Serbia
RS,D3523,2022,Trade of gas through mains,Serbia
RS,D3523,2023,Trade of gas through mains,Serbia
RS,D3523,2024,Trade of gas through mains,Serbia
RS,D3530,2021,Steam and air conditioning supply,Serbia
RS,D3530,2022,Steam and air conditioning supply,Serbia
RS,D3530,2023,Steam and air conditioning supply,Serbia
RS,D3530,2024,Steam and air conditioning supply,Serbia
RS,G4612,2023,"Agents involved in the sale of fuels, ores, metals and industrial chemicals",Serbia
RS,G4612,2024,"Agents involved in the sale of fuels, ores, metals and industrial chemicals",Serbia
RS,G4613,2023,Agents involved in the sale of timber and building materials,Serbia
RS,G4613,2024,Agents involved in the sale of timber and building materials,Serbia
RS,H4910,2021,"Passenger rail transport, interurban",Serbia
RS,H4910,2022,"Passenger rail transport, interurban",Serbia
RS,H4910,2023,"Passenger rail transport, interurban",Serbia
RS,H4910,2024,"Passenger rail transport, interurban",Serbia
RS,H4920,2021,Freight rail transport,Serbia
RS,H4920,2022,Freight rail transport,Serbia
RS,H4920,2023,Freight rail transport,Serbia
RS,H4920,2024,Freight rail transport,Serbia
RS,H4950,2021,Transport via pipeline,Serbia
RS,H4950,2022,Transport via pipeline,Serbia
RS,H4950,2023,Transport via pipeline,Serbia
RS,H4950,2024,Transport via pipeline,Serbia
RS,H5010,2021,Sea and coastal passenger water transport,Serbia
RS,H5010,2022,Sea and coastal passenger water transport,Serbia
RS,H5010,2023,Sea and coastal passenger water transport,Serbia
RS,H5010,2024,Sea and coastal passenger water transport,Serbia
RS,H5020,2021,Sea and coastal freight water transport,Serbia
RS,H5020,2022,Sea and coastal freight water transport,Serbia
RS,H5020,2023,Sea and coastal freight water transport,Serbia
RS,H5020,2024,Sea and coastal freight water transport,Serbia
RS,H5030,2023,Inland passenger water transport,Serbia
RS,H5030,2024,Inland passenger water transport,Serbia
RS,H5040,2021,Inland freight water transport,Serbia
RS,H5040,2022,Inland freight water transport,Serbia
RS,H5040,2023,Inland freight water transport,Serbia
RS,H5110,2021,Passenger air transport,Serbia
RS,H5110,2022,Passenger air transport,Serbia
RS,H5110,2023,Passenger air transport,Serbia
RS,H5110,2024,Passenger air transport,Serbia
RS,H5121,2021,Freight air transport,Serbia
RS,H5121,2022,Freight air transport,Serbia
RS,H5121,2023,Freight air transport,Serbia
RS,H5229,2022,Other transportation support activities,Serbia
RS,H5229,2023,Other transportation support activities,Serbia
RS,H5229,2024,Other transportation support activities,Serbia
RS,H5310,2021,Postal activities under universal service obligation,Serbia
RS,H5310,2022,Postal activities under universal service obligation,Serbia
RS,H5310,2023,Postal activities under universal service obligation,Serbia
RS,H5310,2024,Postal activities under universal service obligation,Serbia
RS,H5320,2021,Other postal and courier activities,Serbia
RS,H5320,2022,Other postal and courier activities,Serbia
RS,H5320,2023,Other postal and courier activities,Serbia
RS,H5320,2024,Other postal and courier activities,Serbia
RS,J5812,2022,Publishing of directories and mailing lists,Serbia
RS,J5819,2022,Other publishing activities,Serbia
RS,J5821,2023,Publishing of computer games,Serbia
RS,J5829,2023,Other software publishing,Serbia
RS,J6110,2021,Wired telecommunications activities,Serbia
RS,J6110,2023,Wired telecommunications activities,Serbia
RS,J6120,2021,Wireless telecommunications activities,Serbia
RS,J6120,2022,Wireless telecommunications activities,Serbia
RS,J6120,2023,Wireless telecommunications activities,Serbia
RS,J6120,2024,Wireless telecommunications activities,Serbia
RS,J6130,2021,Satellite telecommunications activities,Serbia
RS,J6190,2022,Other telecommunications activities,Serbia
RS,J6190,2024,Other telecommunications activities,Serbia
RS,J6209,2022,Other information technology and computer service activities,Serbia
RS,J6209,2023,Other information technology and computer service activities,Serbia
RS,J6209,2024,Other information technology and computer service activities,Serbia
RS,M7120,2022,Technical testing and analysis,Serbia
RS,M7120,2023,Technical testing and analysis,Serbia
RS,M7120,2024,Technical testing and analysis,Serbia
RS,M7220,2022,Research and experimental development on social sciences and humanities,Serbia
RS,M7220,2023,Research and experimental development on social sciences and humanities,Serbia
RS,M7220,2024,Research and experimental development on social sciences and humanities,Serbia
RS,N7731,2021,Renting and leasing of agricultural machinery and equipment,Serbia
RS,N7731,2022,Renting and leasing of agricultural machinery and equipment,Serbia
RS,N7731,2023,Renting and leasing of agricultural machinery and equipment,Serbia
RS,N7731,2024,Renting and leasing of agricultural machinery and equipment,Serbia
RS,N7734,2021,Renting and leasing of water transport equipment,Serbia
RS,N7734,2022,Renting and leasing of water transport equipment,Serbia
RS,N7734,2023,Renting and leasing of water transport equipment,Serbia
RS,N7734,2024,Renting and leasing of water transport equipment,Serbia
RS,N7735,2021,Renting and leasing of air transport equipment,Serbia
RS,N7735,2022,Renting and leasing of air transport equipment,Serbia
RS,N7735,2023,Renting and leasing of air transport equipment,Serbia
RS,N7735,2024,Renting and leasing of air transport equipment,Serbia
RS,P8541,2021,Post-secondary non-tertiary education,Serbia
RS,P8541,2022,Post-secondary non-tertiary education,Serbia
RS,P8541,2023,Post-secondary non-tertiary education,Serbia
RS,P8541,2024,Post-secondary non-tertiary education,Serbia
RS,P8542,2021,Tertiary education,Serbia
RS,P8542,2022,Tertiary education,Serbia
RS,P8542,2023,Tertiary education,Serbia
RS,P8542,2024,Tertiary education,Serbia
RS,R9001,2022,Performing arts,Serbia
RS,R9004,2022,Operation of arts facilities,Serbia
SE,B0710,2021,Mining of iron ores,Sweden
SE,B0710,2024,Mining of iron ores,Sweden
SE,B0721,2021,Mining of uranium and thorium ores,Sweden
SE,B0721,2022,Mining of uranium and thorium ores,Sweden
SE,B0721,2023,Mining of uranium and thorium ores,Sweden
SE,B0721,2024,Mining of uranium and thorium ores,Sweden
SE,B0729,2021,Mining of other non-ferrous metal ores,Sweden
SE,B0729,2022,Mining of other non-ferrous metal ores,Sweden
SE,B0729,2023,Mining of other non-ferrous metal ores,Sweden
SE,B0729,2024,Mining of other non-ferrous metal ores,Sweden
SE,B0891,2021,Mining of chemical and fertiliser minerals,Sweden
SE,B0891,2022,Mining of chemical and fertiliser minerals,Sweden
SE,B0891,2023,Mining of chemical and fertiliser minerals,Sweden
SE,B0891,2024,Mining of chemical and fertiliser minerals,Sweden
SE,B0899,2022,Other mining and quarrying n.e.c.,Sweden
SE,B0899,2023,Other mining and quarrying n.e.c.,Sweden
SE,B0899,2024,Other mining and quarrying n.e.c.,Sweden
SE,B0910,2022,Support activities for petroleum and natural gas extraction,Sweden
SE,B0990,2023,Support activities for other mining and quarrying,Sweden
SE,C1012,2022,Processing and preserving of poultry meat,Sweden
SE,C1013,2022,Production of meat and poultry meat products,Sweden
SE,C1041,2021,Manufacture of oils and fats,Sweden
SE,C1041,2022,Manufacture of oils and fats,Sweden
SE,C1041,2023,Manufacture of oils and fats,Sweden
SE,C1041,2024,Manufacture of oils and fats,Sweden
SE,C1042,2021,Manufacture of margarine and similar edible fats,Sweden
SE,C1042,2022,Manufacture of margarine and similar edible fats,Sweden
SE,C1042,2023,Manufacture of margarine and similar edible fats,Sweden
SE,C1042,2024,Manufacture of margarine and similar edible fats,Sweden
SE,C1061,2022,Manufacture of grain mill products,Sweden
SE,C1061,2023,Manufacture of grain mill products,Sweden
SE,C1061,2024,Manufacture of grain mill products,Sweden
SE,C1062,2021,Manufacture of starches and starch products,Sweden
SE,C1062,2022,Manufacture of starches and starch products,Sweden
SE,C1062,2023,Manufacture of starches and starch products,Sweden
SE,C1062,2024,Manufacture of starches and starch products,Sweden
SE,C1081,2021,Manufacture of sugar,Sweden
SE,C1081,2022,Manufacture of sugar,Sweden
SE,C1081,2024,Manufacture of sugar,Sweden
SE,C1082,2023,"Manufacture of cocoa, chocolate and sugar confectionery",Sweden
SE,C1086,2021,Manufacture of homogenised food preparations and dietetic food,Sweden
SE,C1086,2022,Manufacture of homogenised food preparations and dietetic food,Sweden
SE,C1086,2023,Manufacture of homogenised food preparations and dietetic food,Sweden
SE,C1086,2024,Manufacture of homogenised food preparations and dietetic food,Sweden
SE,C1101,2021,"Distilling, rectifying and blending of spirits",Sweden
SE,C1101,2022,"Distilling, rectifying and blending of spirits",Sweden
SE,C1102,2021,Manufacture of wine from grape,Sweden
SE,C1103,2023,Manufacture of cider and other fruit wines,Sweden
SE,C1103,2024,Manufacture of cider and other fruit wines,Sweden
SE,C1104,2021,Manufacture of other non-distilled fermented beverages,Sweden
SE,C1104,2022,Manufacture of other non-distilled fermented beverages,Sweden
SE,C1106,2021,Manufacture of malt,Sweden
SE,C1106,2022,Manufacture of malt,Sweden
SE,C1106,2023,Manufacture of malt,Sweden
SE,C1106,2024,Manufacture of malt,Sweden
SE,C1107,2021,Manufacture of soft drinks; production of mineral waters and other bottled waters,Sweden
SE,C1107,2022,Manufacture of soft drinks; production of mineral waters and other bottled waters,Sweden
SE,C1412,2022,Manufacture of workwear,Sweden
SE,C1414,2022,Manufacture of underwear,Sweden
SE,C1420,2021,Manufacture of articles of fur,Sweden
SE,C1420,2022,Manufacture of articles of fur,Sweden
SE,C1431,2021,Manufacture of knitted and crocheted hosiery,Sweden
SE,C1431,2022,Manufacture of knitted and crocheted hosiery,Sweden
SE,C1621,2021,Manufacture of veneer sheets and wood-based panels,Sweden
SE,C1622,2021,Manufacture of assembled parquet floors,Sweden
SE,C1711,2021,Manufacture of pulp,Sweden
SE,C1711,2022,Manufacture of pulp,Sweden
SE,C1711,2023,Manufacture of pulp,Sweden
SE,C1711,2024,Manufacture of pulp,Sweden
SE,C1712,2021,Manufacture of paper and paperboard,Sweden
SE,C1712,2022,Manufacture of paper and paperboard,Sweden
SE,C1712,2023,Manufacture of paper and paperboard,Sweden
SE,C1712,2024,Manufacture of paper and paperboard,Sweden
SE,C1723,2021,Manufacture of paper stationery,Sweden
SE,C1724,2021,Manufacture of wallpaper,Sweden
SE,C1811,2021,Printing of newspapers,Sweden
SE,C1814,2021,Binding and related services,Sweden
SE,C1910,2024,Manufacture of coke oven products,Sweden
SE,C1920,2024,Manufacture of refined petroleum products,Sweden
SE,C2011,2021,Manufacture of industrial gases,Sweden
SE,C2011,2022,Manufacture of industrial gases,Sweden
SE,C2011,2023,Manufacture of industrial gases,Sweden
SE,C2011,2024,Manufacture of industrial gases,Sweden
SE,C2012,2021,Manufacture of dyes and pigments,Sweden
SE,C2012,2022,Manufacture of dyes and pigments,Sweden
SE,C2012,2023,Manufacture of dyes and pigments,Sweden
SE,C2012,2024,Manufacture of dyes and pigments,Sweden
SE,C2017,2021,Manufacture of synthetic rubber in primary forms,Sweden
SE,C2017,2022,Manufacture of synthetic rubber in primary forms,Sweden
SE,C2017,2024,Manufacture of synthetic rubber in primary forms,Sweden
SE,C2020,2021,Manufacture of pesticides and other agrochemical products,Sweden
SE,C2020,2022,Manufacture of pesticides and other agrochemical products,Sweden
SE,C2020,2023,Manufacture of pesticides and other agrochemical products,Sweden
SE,C2020,2024,Manufacture of pesticides and other agrochemical products,Sweden
SE,C2052,2021,Manufacture of glues,Sweden
SE,C2052,2022,Manufacture of glues,Sweden
SE,C2052,2023,Manufacture of glues,Sweden
SE,C2053,2021,Manufacture of essential oils,Sweden
SE,C2053,2022,Manufacture of essential oils,Sweden
SE,C2053,2023,Manufacture of essential oils,Sweden
SE,C2060,2021,Manufacture of man-made fibres,Sweden
SE,C2060,2022,Manufacture of man-made fibres,Sweden
SE,C2060,2023,Manufacture of man-made fibres,Sweden
SE,C2060,2024,Manufacture of man-made fibres,Sweden
SE,C2110,2021,Manufacture of basic pharmaceutical products,Sweden
SE,C2110,2022,Manufacture of basic pharmaceutical products,Sweden
SE,C2110,2024,Manufacture of basic pharmaceutical products,Sweden
SE,C2120,2021,Manufacture of pharmaceutical preparations,Sweden
SE,C2120,2022,Manufacture of pharmaceutical preparations,Sweden
SE,C2120,2024,Manufacture of pharmaceutical preparations,Sweden
SE,C2313,2024,Manufacture of hollow glass,Sweden
SE,C2314,2021,Manufacture of glass fibres,Sweden
SE,C2314,2022,Manufacture of glass fibres,Sweden
SE,C2319,2021,"Manufacture and processing of other glass, including technical glassware",Sweden
SE,C2319,2022,"Manufacture and processing of other glass, including technical glassware",Sweden
SE,C2319,2024,"Manufacture and processing of other glass, including technical glassware",Sweden
SE,C2342,2021,Manufacture of ceramic sanitary fixtures,Sweden
SE,C2342,2022,Manufacture of ceramic sanitary fixtures,Sweden
SE,C2342,2023,Manufacture of ceramic sanitary fixtures,Sweden
SE,C2342,2024,Manufacture of ceramic sanitary fixtures,Sweden
SE,C2343,2021,Manufacture of ceramic insulators and insulating fittings,Sweden
SE,C2343,2022,Manufacture of ceramic insulators and insulating fittings,Sweden
SE,C2343,2023,Manufacture of ceramic insulators and insulating fittings,Sweden
SE,C2343,2024,Manufacture of ceramic insulators and insulating fittings,Sweden
SE,C2344,2021,Manufacture of other technical ceramic products,Sweden
SE,C2344,2022,Manufacture of other technical ceramic products,Sweden
SE,C2344,2023,Manufacture of other technical ceramic products,Sweden
SE,C2344,2024,Manufacture of other technical ceramic products,Sweden
SE,C2349,2021,Manufacture of other ceramic products,Sweden
SE,C2349,2022,Manufacture of other ceramic products,Sweden
SE,C2349,2023,Manufacture of other ceramic products,Sweden
SE,C2349,2024,Manufacture of other ceramic products,Sweden
SE,C2351,2021,Manufacture of cement,Sweden
SE,C2352,2021,Manufacture of lime and plaster,Sweden
SE,C2362,2021,Manufacture of plaster products for construction purposes,Sweden
SE,C2362,2022,Manufacture of plaster products for construction purposes,Sweden
SE,C2362,2023,Manufacture of plaster products for construction purposes,Sweden
SE,C2362,2024,Manufacture of plaster products for construction purposes,Sweden
SE,C2363,2021,Manufacture of ready-mixed concrete,Sweden
SE,C2364,2021,Manufacture of mortars,Sweden
SE,C2364,2022,Manufacture of mortars,Sweden
SE,C2365,2023,Manufacture of fibre cement,Sweden
SE,C2365,2024,Manufacture of fibre cement,Sweden
SE,C2369,2023,"Manufacture of other articles of concrete, plaster and cement",Sweden
SE,C2369,2024,"Manufacture of other articles of concrete, plaster and cement",Sweden
SE,C2391,2021,Production of abrasive products,Sweden
SE,C2391,2022,Production of abrasive products,Sweden
SE,C2391,2023,Production of abrasive products,Sweden
SE,C2391,2024,Production of abrasive products,Sweden
SE,C2399,2021,Manufacture of other non-metallic mineral products n.e.c.,Sweden
SE,C2399,2022,Manufacture of other non-metallic mineral products n.e.c.,Sweden
SE,C2399,2023,Manufacture of other non-metallic mineral products n.e.c.,Sweden
SE,C2399,2024,Manufacture of other non-metallic mineral products n.e.c.,Sweden
SE,C2431,2021,Cold drawing of bars,Sweden
SE,C2431,2022,Cold drawing of bars,Sweden
SE,C2431,2023,Cold drawing of bars,Sweden
SE,C2431,2024,Cold drawing of bars,Sweden
SE,C2432,2021,Cold rolling of narrow strip,Sweden
SE,C2432,2022,Cold rolling of narrow strip,Sweden
SE,C2432,2023,Cold rolling of narrow strip,Sweden
SE,C2432,2024,Cold rolling of narrow strip,Sweden
SE,C2441,2021,Precious metals production,Sweden
SE,C2441,2022,Precious metals production,Sweden
SE,C2441,2023,Precious metals production,Sweden
SE,C2441,2024,Precious metals production,Sweden
SE,C2442,2021,Aluminium production,Sweden
SE,C2442,2022,Aluminium production,Sweden
SE,C2442,2024,Aluminium production,Sweden
SE,C2443,2021,"Lead, zinc and tin production",Sweden
SE,C2443,2022,"Lead, zinc and tin production",Sweden
SE,C2443,2023,"Lead, zinc and tin production",Sweden
SE,C2443,2024,"Lead, zinc and tin production",Sweden
SE,C2444,2021,Copper production,Sweden
SE,C2444,2022,Copper production,Sweden
SE,C2446,2021,Processing of nuclear fuel,Sweden
SE,C2446,2022,Processing of nuclear fuel,Sweden
SE,C2521,2023,Manufacture of central heating radiators and boilers,Sweden
SE,C2530,2023,"Manufacture of steam generators, except central heating hot water boilers",Sweden
SE,C2530,2024,"Manufacture of steam generators, except central heating hot water boilers",Sweden
SE,C2550,2024,"Forging, pressing, stamping and roll-forming of metal; powder metallurgy",Sweden
SE,C2591,2021,Manufacture of steel drums and similar containers,Sweden
SE,C2591,2022,Manufacture of steel drums and similar containers,Sweden
SE,C2591,2023,Manufacture of steel drums and similar containers,Sweden
SE,C2591,2024,Manufacture of steel drums and similar containers,Sweden
SE,C2592,2021,Manufacture of light metal packaging,Sweden
SE,C2592,2022,Manufacture of light metal packaging,Sweden
SE,C2592,2023,Manufacture of light metal packaging,Sweden
SE,C2592,2024,Manufacture of light metal packaging,Sweden
SE,C2630,2022,Manufacture of communication equipment,Sweden
SE,C2630,2023,Manufacture of communication equipment,Sweden
SE,C2630,2024,Manufacture of communication equipment,Sweden
SE,C2640,2021,Manufacture of consumer electronics,Sweden
SE,C2640,2022,Manufacture of consumer electronics,Sweden
SE,C2640,2023,Manufacture of consumer electronics,Sweden
SE,C2640,2024,Manufacture of consumer electronics,Sweden
SE,C2660,2021,"Manufacture of irradiation, electromedical and electrotherapeutic equipment",Sweden
SE,C2660,2022,"Manufacture of irradiation, electromedical and electrotherapeutic equipment",Sweden
SE,C2660,2023,"Manufacture of irradiation, electromedical and electrotherapeutic equipment",Sweden
SE,C2660,2024,"Manufacture of irradiation, electromedical and electrotherapeutic equipment",Sweden
SE,C2711,2024,"Manufacture of electric motors, generators and transformers",Sweden
SE,C2712,2024,Manufacture of electricity distribution and control apparatus,Sweden
SE,C2720,2022,Manufacture of batteries and accumulators,Sweden
SE,C2731,2021,Manufacture of fibre optic cables,Sweden
SE,C2731,2022,Manufacture of fibre optic cables,Sweden
SE,C2732,2022,Manufacture of other electronic and electric wires and cables,Sweden
SE,C2733,2021,Manufacture of wiring devices,Sweden
SE,C2811,2021,"Manufacture of engines and turbines, except aircraft, vehicle and cycle engines",Sweden
SE,C2814,2021,Manufacture of other taps and valves,Sweden
SE,C2821,2024,"Manufacture of ovens, furnaces and furnace burners",Sweden
SE,C2823,2023,Manufacture of office machinery and equipment (except computers and peripheral equipment),Sweden
SE,C2823,2024,Manufacture of office machinery and equipment (except computers and peripheral equipment),Sweden
SE,C2824,2021,Manufacture of power-driven hand tools,Sweden
SE,C2824,2022,Manufacture of power-driven hand tools,Sweden
SE,C2824,2023,Manufacture of power-driven hand tools,Sweden
SE,C2829,2021,Manufacture of other general-purpose machinery n.e.c.,Sweden
SE,C2829,2022,Manufacture of other general-purpose machinery n.e.c.,Sweden
SE,C2829,2023,Manufacture of other general-purpose machinery n.e.c.,Sweden
SE,C2891,2021,Manufacture of machinery for metallurgy,Sweden
SE,C2891,2022,Manufacture of machinery for metallurgy,Sweden
SE,C2893,2023,"Manufacture of machinery for food, beverage and tobacco processing",Sweden
SE,C2894,2021,"Manufacture of machinery for textile, apparel and leather production",Sweden
SE,C2894,2022,"Manufacture of machinery for textile, apparel and leather production",Sweden
SE,C2894,2023,"Manufacture of machinery for textile, apparel and leather production",Sweden
SE,C3012,2023,Building of pleasure and sporting boats,Sweden
SE,C3012,2024,Building of pleasure and sporting boats,Sweden
SE,C3030,2021,Manufacture of air and spacecraft and related machinery,Sweden
SE,C3030,2022,Manufacture of air and spacecraft and related machinery,Sweden
SE,C3030,2023,Manufacture of air and spacecraft and related machinery,Sweden
SE,C3030,2024,Manufacture of air and spacecraft and related machinery,Sweden
SE,C3040,2021,Manufacture of military fighting vehicles,Sweden
SE,C3040,2022,Manufacture of military fighting vehicles,Sweden
SE,C3091,2021,Manufacture of motorcycles,Sweden
SE,D3512,2021,Transmission of electricity,Sweden
SE,D3512,2022,Transmission of electricity,Sweden
SE,D3513,2022,Distribution of electricity,Sweden
SE,D3514,2021,Trade of electricity,Sweden
SE,D3521,2021,Manufacture of gas,Sweden
SE,D3521,2022,Manufacture of gas,Sweden
SE,D3521,2023,Manufacture of gas,Sweden
SE,D3522,2021,Distribution of gaseous fuels through mains,Sweden
SE,D3522,2022,Distribution of gaseous fuels through mains,Sweden
SE,D3522,2023,Distribution of gaseous fuels through mains,Sweden
SE,D3523,2021,Trade of gas through mains,Sweden
SE,D3523,2022,Trade of gas through mains,Sweden
SE,G4721,2022,Retail sale of fruit and vegetables in specialised stores,Sweden
SE,G4722,2022,Retail sale of meat and meat products in specialised stores,Sweden
SE,G4723,2022,"Retail sale of fish, crustaceans and molluscs in specialised stores",Sweden
SE,G4725,2021,Retail sale of beverages in specialised stores,Sweden
SE,G4725,2022,Retail sale of beverages in specialised stores,Sweden
SE,G4729,2021,Other retail sale of food in specialised stores,Sweden
SE,H5310,2021,Postal activities under universal service obligation,Sweden
SE,H5320,2021,Other postal and courier activities,Sweden
SE,J5812,2021,Publishing of directories and mailing lists,Sweden
SE,J5812,2022,Publishing of directories and mailing lists,Sweden
SE,J5812,2023,Publishing of directories and mailing lists,Sweden
SE,J5812,2024,Publishing of directories and mailing lists,Sweden
SE,J5819,2021,Other publishing activities,Sweden
SE,J5819,2022,Other publishing activities,Sweden
SE,J5819,2023,Other publishing activities,Sweden
SE,J5819,2024,Other publishing activities,Sweden
SE,J5920,2021,Sound recording and music publishing activities,Sweden
SE,J6010,2022,Radio broadcasting,Sweden
SE,J6010,2023,Radio broadcasting,Sweden
SE,J6010,2024,Radio broadcasting,Sweden
SE,J6020,2021,Television programming and broadcasting activities,Sweden
SE,J6020,2022,Television programming and broadcasting activities,Sweden
SE,J6020,2023,Television programming and broadcasting activities,Sweden
SE,J6020,2024,Television programming and broadcasting activities,Sweden
SE,J6130,2021,Satellite telecommunications activities,Sweden
SE,J6130,2022,Satellite telecommunications activities,Sweden
SE,J6130,2023,Satellite telecommunications activities,Sweden
SE,J6190,2021,Other telecommunications activities,Sweden
SE,J6190,2022,Other telecommunications activities,Sweden
SE,J6190,2023,Other telecommunications activities,Sweden
SE,K6411,2021,Central banking,Sweden
SE,K6411,2022,Central banking,Sweden
SE,K6411,2023,Central banking,Sweden
SE,K6411,2024,Central banking,Sweden
SE,K6419,2022,Other monetary intermediation,Sweden
SE,K6419,2023,Other monetary intermediation,Sweden
SE,K6419,2024,Other monetary intermediation,Sweden
SE,K6430,2021,"Trusts, funds and similar financial entities",Sweden
SE,K6511,2021,Life insurance,Sweden
SE,K6511,2023,Life insurance,Sweden
SE,K6511,2024,Life insurance,Sweden
SE,K6520,2023,Reinsurance,Sweden
SE,K6520,2024,Reinsurance,Sweden
SE,K6530,2021,Pension funding,Sweden
SI,B0520,2021,Mining of lignite,Slovenia
SI,B0520,2022,Mining of lignite,Slovenia
SI,B0520,2023,Mining of lignite,Slovenia
SI,B0520,2024,Mining of lignite,Slovenia
SI,B0610,2021,Extraction of crude petroleum,Slovenia
SI,B0610,2022,Extraction of crude petroleum,Slovenia
SI,B0620,2021,Extraction of natural gas,Slovenia
SI,B0620,2022,Extraction of natural gas,Slovenia
SI,B0620,2023,Extraction of natural gas,Slovenia
SI,B0620,2024,Extraction of natural gas,Slovenia
SI,B0729,2021,Mining of other non-ferrous metal ores,Slovenia
SI,B0729,2022,Mining of other non-ferrous metal ores,Slovenia
SI,B0729,2023,Mining of other non-ferrous metal ores,Slovenia
SI,B0729,2024,Mining of other non-ferrous metal ores,Slovenia
SI,B0891,2021,Mining of chemical and fertiliser minerals,Slovenia
SI,B0899,2021,Other mining and quarrying n.e.c.,Slovenia
SI,B0899,2023,Other mining and quarrying n.e.c.,Slovenia
SI,B0899,2024,Other mining and quarrying n.e.c.,Slovenia
SI,B0910,2021,Support activities for petroleum and natural gas extraction,Slovenia
SI,B0910,2022,Support activities for petroleum and natural gas extraction,Slovenia
SI,B0910,2023,Support activities for petroleum and natural gas extraction,Slovenia
SI,B0910,2024,Support activities for petroleum and natural gas extraction,Slovenia
SI,B0990,2023,Support activities for other mining and quarrying,Slovenia
SI,C1012,2021,Processing and preserving of poultry meat,Slovenia
SI,C1012,2022,Processing and preserving of poultry meat,Slovenia
SI,C1012,2023,Processing and preserving of poultry meat,Slovenia
SI,C1012,2024,Processing and preserving of poultry meat,Slovenia
SI,C1013,2021,Production of meat and poultry meat products,Slovenia
SI,C1013,2022,Production of meat and poultry meat products,Slovenia
SI,C1013,2023,Production of meat and poultry meat products,Slovenia
SI,C1013,2024,Production of meat and poultry meat products,Slovenia
SI,C1020,2021,"Processing and preserving of fish, crustaceans and molluscs",Slovenia
SI,C1020,2022,"Processing and preserving of fish, crustaceans and molluscs",Slovenia
SI,C1020,2023,"Processing and preserving of fish, crustaceans and molluscs",Slovenia
SI,C1020,2024,"Processing and preserving of fish, crustaceans and molluscs",Slovenia
SI,C1031,2021,Processing and preserving of potatoes,Slovenia
SI,C1032,2021,Manufacture of fruit and vegetable juice,Slovenia
SI,C1051,2021,Operation of dairies and cheese making,Slovenia
SI,C1051,2022,Operation of dairies and cheese making,Slovenia
SI,C1051,2023,Operation of dairies and cheese making,Slovenia
SI,C1051,2024,Operation of dairies and cheese making,Slovenia
SI,C1052,2021,Manufacture of ice cream,Slovenia
SI,C1052,2022,Manufacture of ice cream,Slovenia
SI,C1052,2023,Manufacture of ice cream,Slovenia
SI,C1052,2024,Manufacture of ice cream,Slovenia
SI,C1061,2021,Manufacture of grain mill products,Slovenia
SI,C1061,2022,Manufacture of grain mill products,Slovenia
SI,C1061,2023,Manufacture of grain mill products,Slovenia
SI,C1061,2024,Manufacture of grain mill products,Slovenia
SI,C1081,2023,Manufacture of sugar,Slovenia
SI,C1081,2024,Manufacture of sugar,Slovenia
SI,C1083,2021,Processing of tea and coffee,Slovenia
SI,C1083,2022,Processing of tea and coffee,Slovenia
SI,C1083,2023,Processing of tea and coffee,Slovenia
SI,C1083,2024,Processing of tea and coffee,Slovenia
SI,C1084,2024,Manufacture of condiments and seasonings,Slovenia
SI,C1085,2021,Manufacture of prepared meals and dishes,Slovenia
SI,C1085,2022,Manufacture of prepared meals and dishes,Slovenia
SI,C1085,2023,Manufacture of prepared meals and dishes,Slovenia
SI,C1102,2021,Manufacture of wine from grape,Slovenia
SI,C1102,2022,Manufacture of wine from grape,Slovenia
SI,C1102,2023,Manufacture of wine from grape,Slovenia
SI,C1102,2024,Manufacture of wine from grape,Slovenia
SI,C1104,2021,Manufacture of other non-distilled fermented beverages,Slovenia
SI,C1105,2021,Manufacture of beer,Slovenia
SI,C1105,2022,Manufacture of beer,Slovenia
SI,C1105,2023,Manufacture of beer,Slovenia
SI,C1105,2024,Manufacture of beer,Slovenia
SI,C1200,2021,Manufacture of tobacco products,Slovenia
SI,C1200,2022,Manufacture of tobacco products,Slovenia
SI,C1200,2023,Manufacture of tobacco products,Slovenia
SI,C1200,2024,Manufacture of tobacco products,Slovenia
SI,C1320,2021,Weaving of textiles,Slovenia
SI,C1320,2022,Weaving of textiles,Slovenia
SI,C1320,2023,Weaving of textiles,Slovenia
SI,C1320,2024,Weaving of textiles,Slovenia
SI,C1330,2021,Finishing of textiles,Slovenia
SI,C1330,2022,Finishing of textiles,Slovenia
SI,C1330,2023,Finishing of textiles,Slovenia
SI,C1330,2024,Finishing of textiles,Slovenia
SI,C1391,2021,Manufacture of knitted and crocheted fabrics,Slovenia
SI,C1391,2022,Manufacture of knitted and crocheted fabrics,Slovenia
SI,C1391,2023,Manufacture of knitted and crocheted fabrics,Slovenia
SI,C1391,2024,Manufacture of knitted and crocheted fabrics,Slovenia
SI,C1393,2021,Manufacture of carpets and rugs,Slovenia
SI,C1393,2023,Manufacture of carpets and rugs,Slovenia
SI,C1393,2024,Manufacture of carpets and rugs,Slovenia
SI,C1394,2022,"Manufacture of cordage, rope, twine and netting",Slovenia
SI,C1394,2024,"Manufacture of cordage, rope, twine and netting",Slovenia
SI,C1412,2022,Manufacture of workwear,Slovenia
SI,C1414,2021,Manufacture of underwear,Slovenia
SI,C1414,2022,Manufacture of underwear,Slovenia
SI,C1414,2023,Manufacture of underwear,Slovenia
SI,C1414,2024,Manufacture of underwear,Slovenia
SI,C1419,2021,Manufacture of other wearing apparel and accessories,Slovenia
SI,C1419,2023,Manufacture of other wearing apparel and accessories,Slovenia
SI,C1419,2024,Manufacture of other wearing apparel and accessories,Slovenia
SI,C1420,2022,Manufacture of articles of fur,Slovenia
SI,C1420,2023,Manufacture of articles of fur,Slovenia
SI,C1420,2024,Manufacture of articles of fur,Slovenia
SI,C1431,2021,Manufacture of knitted and crocheted hosiery,Slovenia
SI,C1431,2022,Manufacture of knitted and crocheted hosiery,Slovenia
SI,C1431,2023,Manufacture of knitted and crocheted hosiery,Slovenia
SI,C1431,2024,Manufacture of knitted and crocheted hosiery,Slovenia
SI,C1511,2021,Tanning and dressing of leather; dressing and dyeing of fur,Slovenia
SI,C1511,2022,Tanning and dressing of leather; dressing and dyeing of fur,Slovenia
SI,C1511,2023,Tanning and dressing of leather; dressing and dyeing of fur,Slovenia
SI,C1512,2021,"Manufacture of luggage, handbags and the like, saddlery and harness",Slovenia
SI,C1512,2022,"Manufacture of luggage, handbags and the like, saddlery and harness",Slovenia
SI,C1512,2023,"Manufacture of luggage, handbags and the like, saddlery and harness",Slovenia
SI,C1512,2024,"Manufacture of luggage, handbags and the like, saddlery and harness",Slovenia
SI,C1622,2021,Manufacture of assembled parquet floors,Slovenia
SI,C1622,2022,Manufacture of assembled parquet floors,Slovenia
SI,C1622,2023,Manufacture of assembled parquet floors,Slovenia
SI,C1622,2024,Manufacture of assembled parquet floors,Slovenia
SI,C1624,2021,Manufacture of wooden containers,Slovenia
SI,C1624,2022,Manufacture of wooden containers,Slovenia
SI,C1624,2023,Manufacture of wooden containers,Slovenia
SI,C1624,2024,Manufacture of wooden containers,Slovenia
SI,C1711,2021,Manufacture of pulp,Slovenia
SI,C1711,2022,Manufacture of pulp,Slovenia
SI,C1711,2023,Manufacture of pulp,Slovenia
SI,C1711,2024,Manufacture of pulp,Slovenia
SI,C1712,2021,Manufacture of paper and paperboard,Slovenia
SI,C1712,2022,Manufacture of paper and paperboard,Slovenia
SI,C1712,2023,Manufacture of paper and paperboard,Slovenia
SI,C1712,2024,Manufacture of paper and paperboard,Slovenia
SI,C1723,2021,Manufacture of paper stationery,Slovenia
SI,C1723,2022,Manufacture of paper stationery,Slovenia
SI,C1723,2023,Manufacture of paper stationery,Slovenia
SI,C1723,2024,Manufacture of paper stationery,Slovenia
SI,C1724,2021,Manufacture of wallpaper,Slovenia
SI,C1724,2022,Manufacture of wallpaper,Slovenia
SI,C1724,2023,Manufacture of wallpaper,Slovenia
SI,C1724,2024,Manufacture of wallpaper,Slovenia
SI,C1811,2021,Printing of newspapers,Slovenia
SI,C1811,2022,Printing of newspapers,Slovenia
SI,C1811,2023,Printing of newspapers,Slovenia
SI,C1811,2024,Printing of newspapers,Slovenia
SI,C1814,2021,Binding and related services,Slovenia
SI,C1814,2022,Binding and related services,Slovenia
SI,C1814,2023,Binding and related services,Slovenia
SI,C1814,2024,Binding and related services,Slovenia
SI,C1820,2022,Reproduction of recorded media,Slovenia
SI,C1820,2023,Reproduction of recorded media,Slovenia
SI,C1820,2024,Reproduction of recorded media,Slovenia
SI,C1920,2021,Manufacture of refined petroleum products,Slovenia
SI,C1920,2022,Manufacture of refined petroleum products,Slovenia
SI,C1920,2023,Manufacture of refined petroleum products,Slovenia
SI,C1920,2024,Manufacture of refined petroleum products,Slovenia
SI,C2012,2021,Manufacture of dyes and pigments,Slovenia
SI,C2012,2022,Manufacture of dyes and pigments,Slovenia
SI,C2012,2023,Manufacture of dyes and pigments,Slovenia
SI,C2012,2024,Manufacture of dyes and pigments,Slovenia
SI,C2014,2024,Manufacture of other organic basic chemicals,Slovenia
SI,C2016,2021,Manufacture of plastics in primary forms,Slovenia
SI,C2016,2022,Manufacture of plastics in primary forms,Slovenia
SI,C2016,2023,Manufacture of plastics in primary forms,Slovenia
SI,C2016,2024,Manufacture of plastics in primary forms,Slovenia
SI,C2017,2021,Manufacture of synthetic rubber in primary forms,Slovenia
SI,C2017,2022,Manufacture of synthetic rubber in primary forms,Slovenia
SI,C2017,2023,Manufacture of synthetic rubber in primary forms,Slovenia
SI,C2017,2024,Manufacture of synthetic rubber in primary forms,Slovenia
SI,C2020,2021,Manufacture of pesticides and other agrochemical products,Slovenia
SI,C2020,2022,Manufacture of pesticides and other agrochemical products,Slovenia
SI,C2020,2023,Manufacture of pesticides and other agrochemical products,Slovenia
SI,C2020,2024,Manufacture of pesticides and other agrochemical products,Slovenia
SI,C2041,2021,"Manufacture of soap and detergents, cleaning and polishing preparations",Slovenia
SI,C2052,2021,Manufacture of glues,Slovenia
SI,C2052,2022,Manufacture of glues,Slovenia
SI,C2052,2023,Manufacture of glues,Slovenia
SI,C2052,2024,Manufacture of glues,Slovenia
SI,C2053,2021,Manufacture of essential oils,Slovenia
SI,C2053,2022,Manufacture of essential oils,Slovenia
SI,C2053,2023,Manufacture of essential oils,Slovenia
SI,C2053,2024,Manufacture of essential oils,Slovenia
SI,C2060,2021,Manufacture of man-made fibres,Slovenia
SI,C2060,2022,Manufacture of man-made fibres,Slovenia
SI,C2060,2023,Manufacture of man-made fibres,Slovenia
SI,C2060,2024,Manufacture of man-made fibres,Slovenia
SI,C2110,2021,Manufacture of basic pharmaceutical products,Slovenia
SI,C2110,2024,Manufacture of basic pharmaceutical products,Slovenia
SI,C2120,2021,Manufacture of pharmaceutical preparations,Slovenia
SI,C2120,2022,Manufacture of pharmaceutical preparations,Slovenia
SI,C2120,2024,Manufacture of pharmaceutical preparations,Slovenia
SI,C2211,2021,"""Manufacture of rubber tyres and tubes; retreading and rebuilding of rubber tyres""",Slovenia
SI,C2211,2022,"""Manufacture of rubber tyres and tubes; retreading and rebuilding of rubber tyres""",Slovenia
SI,C2211,2023,"""Manufacture of rubber tyres and tubes; retreading and rebuilding of rubber tyres""",Slovenia
SI,C2211,2024,"""Manufacture of rubber tyres and tubes; retreading and rebuilding of rubber tyres""",Slovenia
SI,C2219,2021,Manufacture of other rubber products,Slovenia
SI,C2219,2022,Manufacture of other rubber products,Slovenia
SI,C2219,2023,Manufacture of other rubber products,Slovenia
SI,C2219,2024,Manufacture of other rubber products,Slovenia
SI,C2311,2021,Manufacture of flat glass,Slovenia
SI,C2311,2022,Manufacture of flat glass,Slovenia
SI,C2311,2023,Manufacture of flat glass,Slovenia
SI,C2311,2024,Manufacture of flat glass,Slovenia
SI,C2313,2021,Manufacture of hollow glass,Slovenia
SI,C2313,2022,Manufacture of hollow glass,Slovenia
SI,C2313,2023,Manufacture of hollow glass,Slovenia
SI,C2313,2024,Manufacture of hollow glass,Slovenia
SI,C2314,2021,Manufacture of glass fibres,Slovenia
SI,C2314,2022,Manufacture of glass fibres,Slovenia
SI,C2314,2023,Manufacture of glass fibres,Slovenia
SI,C2314,2024,Manufacture of glass fibres,Slovenia
SI,C2331,2021,Manufacture of ceramic tiles and flags,Slovenia
SI,C2331,2022,Manufacture of ceramic tiles and flags,Slovenia
SI,C2331,2023,Manufacture of ceramic tiles and flags,Slovenia
SI,C2331,2024,Manufacture of ceramic tiles and flags,Slovenia
SI,C2332,2021,"Manufacture of bricks, tiles and construction products, in baked clay",Slovenia
SI,C2332,2022,"Manufacture of bricks, tiles and construction products, in baked clay",Slovenia
SI,C2332,2023,"Manufacture of bricks, tiles and construction products, in baked clay",Slovenia
SI,C2332,2024,"Manufacture of bricks, tiles and construction products, in baked clay",Slovenia
SI,C2341,2021,Manufacture of ceramic household and ornamental articles,Slovenia
SI,C2341,2022,Manufacture of ceramic household and ornamental articles,Slovenia
SI,C2344,2021,Manufacture of other technical ceramic products,Slovenia
SI,C2344,2022,Manufacture of other technical ceramic products,Slovenia
SI,C2344,2023,Manufacture of other technical ceramic products,Slovenia
SI,C2344,2024,Manufacture of other technical ceramic products,Slovenia
SI,C2349,2023,Manufacture of other ceramic products,Slovenia
SI,C2349,2024,Manufacture of other ceramic products,Slovenia
SI,C2351,2021,Manufacture of cement,Slovenia
SI,C2351,2022,Manufacture of cement,Slovenia
SI,C2351,2023,Manufacture of cement,Slovenia
SI,C2351,2024,Manufacture of cement,Slovenia
SI,C2352,2021,Manufacture of lime and plaster,Slovenia
SI,C2352,2022,Manufacture of lime and plaster,Slovenia
SI,C2352,2023,Manufacture of lime and plaster,Slovenia
SI,C2352,2024,Manufacture of lime and plaster,Slovenia
SI,C2362,2022,Manufacture of plaster products for construction purposes,Slovenia
SI,C2362,2023,Manufacture of plaster products for construction purposes,Slovenia
SI,C2364,2021,Manufacture of mortars,Slovenia
SI,C2364,2022,Manufacture of mortars,Slovenia
SI,C2364,2023,Manufacture of mortars,Slovenia
SI,C2364,2024,Manufacture of mortars,Slovenia
SI,C2365,2021,Manufacture of fibre cement,Slovenia
SI,C2365,2022,Manufacture of fibre cement,Slovenia
SI,C2365,2023,Manufacture of fibre cement,Slovenia
SI,C2365,2024,Manufacture of fibre cement,Slovenia
SI,C2369,2021,"Manufacture of other articles of concrete, plaster and cement",Slovenia
SI,C2369,2022,"Manufacture of other articles of concrete, plaster and cement",Slovenia
SI,C2369,2023,"Manufacture of other articles of concrete, plaster and cement",Slovenia
SI,C2369,2024,"Manufacture of other articles of concrete, plaster and cement",Slovenia
SI,C2420,2021,"Manufacture of tubes, pipes, hollow profiles and related fittings, of steel",Slovenia
SI,C2420,2022,"Manufacture of tubes, pipes, hollow profiles and related fittings, of steel",Slovenia
SI,C2431,2021,Cold drawing of bars,Slovenia
SI,C2431,2022,Cold drawing of bars,Slovenia
SI,C2431,2023,Cold drawing of bars,Slovenia
SI,C2431,2024,Cold drawing of bars,Slovenia
SI,C2432,2021,Cold rolling of narrow strip,Slovenia
SI,C2432,2022,Cold rolling of narrow strip,Slovenia
SI,C2432,2023,Cold rolling of narrow strip,Slovenia
SI,C2432,2024,Cold rolling of narrow strip,Slovenia
SI,C2433,2024,Cold forming or folding,Slovenia
SI,C2434,2021,Cold drawing of wire,Slovenia
SI,C2434,2022,Cold drawing of wire,Slovenia
SI,C2434,2023,Cold drawing of wire,Slovenia
SI,C2434,2024,Cold drawing of wire,Slovenia
SI,C2441,2021,Precious metals production,Slovenia
SI,C2441,2022,Precious metals production,Slovenia
SI,C2441,2023,Precious metals production,Slovenia
SI,C2442,2021,Aluminium production,Slovenia
SI,C2442,2022,Aluminium production,Slovenia
SI,C2442,2023,Aluminium production,Slovenia
SI,C2452,2021,Casting of steel,Slovenia
SI,C2452,2022,Casting of steel,Slovenia
SI,C2452,2023,Casting of steel,Slovenia
SI,C2452,2024,Casting of steel,Slovenia
SI,C2454,2021,Casting of other non-ferrous metals,Slovenia
SI,C2454,2022,Casting of other non-ferrous metals,Slovenia
SI,C2454,2023,Casting of other non-ferrous metals,Slovenia
SI,C2454,2024,Casting of other non-ferrous metals,Slovenia
SI,C2521,2022,Manufacture of central heating radiators and boilers,Slovenia
SI,C2530,2021,"Manufacture of steam generators, except central heating hot water boilers",Slovenia
SI,C2530,2023,"Manufacture of steam generators, except central heating hot water boilers",Slovenia
SI,C2530,2024,"Manufacture of steam generators, except central heating hot water boilers",Slovenia
SI,C2540,2021,Manufacture of weapons and ammunition,Slovenia
SI,C2540,2022,Manufacture of weapons and ammunition,Slovenia
SI,C2540,2023,Manufacture of weapons and ammunition,Slovenia
SI,C2540,2024,Manufacture of weapons and ammunition,Slovenia
SI,C2591,2021,Manufacture of steel drums and similar containers,Slovenia
SI,C2591,2022,Manufacture of steel drums and similar containers,Slovenia
SI,C2591,2024,Manufacture of steel drums and similar containers,Slovenia
SI,C2592,2021,Manufacture of light metal packaging,Slovenia
SI,C2592,2022,Manufacture of light metal packaging,Slovenia
SI,C2592,2024,Manufacture of light metal packaging,Slovenia
SI,C2651,2021,"Manufacture of instruments and appliances for measuring, testing and navigation",Slovenia
SI,C2651,2022,"Manufacture of instruments and appliances for measuring, testing and navigation",Slovenia
SI,C2651,2023,"Manufacture of instruments and appliances for measuring, testing and navigation",Slovenia
SI,C2651,2024,"Manufacture of instruments and appliances for measuring, testing and navigation",Slovenia
SI,C2652,2021,Manufacture of watches and clocks,Slovenia
SI,C2652,2022,Manufacture of watches and clocks,Slovenia
SI,C2652,2023,Manufacture of watches and clocks,Slovenia
SI,C2652,2024,Manufacture of watches and clocks,Slovenia
SI,C2660,2021,"Manufacture of irradiation, electromedical and electrotherapeutic equipment",Slovenia
SI,C2660,2022,"Manufacture of irradiation, electromedical and electrotherapeutic equipment",Slovenia
SI,C2660,2023,"Manufacture of irradiation, electromedical and electrotherapeutic equipment",Slovenia
SI,C2660,2024,"Manufacture of irradiation, electromedical and electrotherapeutic equipment",Slovenia
SI,C2670,2021,Manufacture of optical instruments and photographic equipment,Slovenia
SI,C2670,2022,Manufacture of optical instruments and photographic equipment,Slovenia
SI,C2670,2023,Manufacture of optical instruments and photographic equipment,Slovenia
SI,C2670,2024,Manufacture of optical instruments and photographic equipment,Slovenia
SI,C2720,2021,Manufacture of batteries and accumulators,Slovenia
SI,C2720,2022,Manufacture of batteries and accumulators,Slovenia
SI,C2720,2023,Manufacture of batteries and accumulators,Slovenia
SI,C2720,2024,Manufacture of batteries and accumulators,Slovenia
SI,C2731,2022,Manufacture of fibre optic cables,Slovenia
SI,C2731,2023,Manufacture of fibre optic cables,Slovenia
SI,C2732,2021,Manufacture of other electronic and electric wires and cables,Slovenia
SI,C2732,2022,Manufacture of other electronic and electric wires and cables,Slovenia
SI,C2732,2023,Manufacture of other electronic and electric wires and cables,Slovenia
SI,C2751,2022,Manufacture of electric domestic appliances,Slovenia
SI,C2751,2023,Manufacture of electric domestic appliances,Slovenia
SI,C2751,2024,Manufacture of electric domestic appliances,Slovenia
SI,C2823,2021,Manufacture of office machinery and equipment (except computers and peripheral equipment),Slovenia
SI,C2823,2022,Manufacture of office machinery and equipment (except computers and peripheral equipment),Slovenia
SI,C2823,2023,Manufacture of office machinery and equipment (except computers and peripheral equipment),Slovenia
SI,C2823,2024,Manufacture of office machinery and equipment (except computers and peripheral equipment),Slovenia
SI,C2824,2021,Manufacture of power-driven hand tools,Slovenia
SI,C2824,2022,Manufacture of power-driven hand tools,Slovenia
SI,C2824,2023,Manufacture of power-driven hand tools,Slovenia
SI,C2824,2024,Manufacture of power-driven hand tools,Slovenia
SI,C2894,2021,"Manufacture of machinery for textile, apparel and leather production",Slovenia
SI,C2894,2022,"Manufacture of machinery for textile, apparel and leather production",Slovenia
SI,C2894,2023,"Manufacture of machinery for textile, apparel and leather production",Slovenia
SI,C2894,2024,"Manufacture of machinery for textile, apparel and leather production",Slovenia
SI,C2895,2021,Manufacture of machinery for paper and paperboard production,Slovenia
SI,C2895,2022,Manufacture of machinery for paper and paperboard production,Slovenia
SI,C2895,2023,Manufacture of machinery for paper and paperboard production,Slovenia
SI,C2895,2024,Manufacture of machinery for paper and paperboard production,Slovenia
SI,C2896,2021,Manufacture of plastics and rubber machinery,Slovenia
SI,C2896,2022,Manufacture of plastics and rubber machinery,Slovenia
SI,C2896,2023,Manufacture of plastics and rubber machinery,Slovenia
SI,C2896,2024,Manufacture of plastics and rubber machinery,Slovenia
SI,C2910,2021,Manufacture of motor vehicles,Slovenia
SI,C2910,2022,Manufacture of motor vehicles,Slovenia
SI,C2910,2023,Manufacture of motor vehicles,Slovenia
SI,C2910,2024,Manufacture of motor vehicles,Slovenia
SI,C2920,2021,Manufacture of bodies (coachwork) for motor vehicles; manufacture of trailers and semi-trailers,Slovenia
SI,C2920,2022,Manufacture of bodies (coachwork) for motor vehicles; manufacture of trailers and semi-trailers,Slovenia
SI,C2920,2023,Manufacture of bodies (coachwork) for motor vehicles; manufacture of trailers and semi-trailers,Slovenia
SI,C2920,2024,Manufacture of bodies (coachwork) for motor vehicles; manufacture of trailers and semi-trailers,Slovenia
SI,C3020,2021,Manufacture of railway locomotives and rolling stock,Slovenia
SI,C3020,2022,Manufacture of railway locomotives and rolling stock,Slovenia
SI,C3020,2023,Manufacture of railway locomotives and rolling stock,Slovenia
SI,C3020,2024,Manufacture of railway locomotives and rolling stock,Slovenia
SI,C3030,2023,Manufacture of air and spacecraft and related machinery,Slovenia
SI,C3030,2024,Manufacture of air and spacecraft and related machinery,Slovenia
SI,C3091,2021,Manufacture of motorcycles,Slovenia
SI,C3099,2021,Manufacture of other transport equipment n.e.c.,Slovenia
SI,C3212,2021,Manufacture of jewellery and related articles,Slovenia
SI,C3212,2022,Manufacture of jewellery and related articles,Slovenia
SI,C3212,2023,Manufacture of jewellery and related articles,Slovenia
SI,C3212,2024,Manufacture of jewellery and related articles,Slovenia
SI,C3220,2021,Manufacture of musical instruments,Slovenia
SI,C3220,2022,Manufacture of musical instruments,Slovenia
SI,C3220,2023,Manufacture of musical instruments,Slovenia
SI,C3220,2024,Manufacture of musical instruments,Slovenia
SI,C3311,2021,Repair of fabricated metal products,Slovenia
SI,C3311,2022,Repair of fabricated metal products,Slovenia
SI,C3315,2023,Repair and maintenance of ships and boats,Slovenia
SI,C3315,2024,Repair and maintenance of ships and boats,Slovenia
SI,C3317,2021,Repair and maintenance of other transport equipment,Slovenia
SI,C3317,2022,Repair and maintenance of other transport equipment,Slovenia
SI,C3317,2023,Repair and maintenance of other transport equipment,Slovenia
SI,C3317,2024,Repair and maintenance of other transport equipment,Slovenia
SI,D3512,2021,Transmission of electricity,Slovenia
SI,D3512,2022,Transmission of electricity,Slovenia
SI,D3512,2023,Transmission of electricity,Slovenia
SI,D3512,2024,Transmission of electricity,Slovenia
SI,D3513,2021,Distribution of electricity,Slovenia
SI,D3513,2022,Distribution of electricity,Slovenia
SI,D3513,2023,Distribution of electricity,Slovenia
SI,D3513,2024,Distribution of electricity,Slovenia
SI,D3521,2021,Manufacture of gas,Slovenia
SI,D3521,2022,Manufacture of gas,Slovenia
SI,D3521,2023,Manufacture of gas,Slovenia
SI,D3521,2024,Manufacture of gas,Slovenia
SI,D3522,2021,Distribution of gaseous fuels through mains,Slovenia
SI,D3522,2022,Distribution of gaseous fuels through mains,Slovenia
SI,D3522,2023,Distribution of gaseous fuels through mains,Slovenia
SI,D3522,2024,Distribution of gaseous fuels through mains,Slovenia
SI,D3523,2021,Trade of gas through mains,Slovenia
SI,D3523,2022,Trade of gas through mains,Slovenia
SI,D3523,2023,Trade of gas through mains,Slovenia
SI,D3523,2024,Trade of gas through mains,Slovenia
SI,E3811,2021,Collection of non-hazardous waste,Slovenia
SI,E3811,2022,Collection of non-hazardous waste,Slovenia
SI,E3811,2023,Collection of non-hazardous waste,Slovenia
SI,E3811,2024,Collection of non-hazardous waste,Slovenia
SI,E3812,2021,Collection of hazardous waste,Slovenia
SI,E3812,2022,Collection of hazardous waste,Slovenia
SI,E3812,2023,Collection of hazardous waste,Slovenia
SI,E3812,2024,Collection of hazardous waste,Slovenia
SI,G4721,2022,Retail sale of fruit and vegetables in specialised stores,Slovenia
SI,G4723,2021,"Retail sale of fish, crustaceans and molluscs in specialised stores",Slovenia
SI,G4723,2023,"Retail sale of fish, crustaceans and molluscs in specialised stores",Slovenia
SI,G4723,2024,"Retail sale of fish, crustaceans and molluscs in specialised stores",Slovenia
SI,G4726,2021,Retail sale of tobacco products in specialised stores,Slovenia
SI,G4726,2022,Retail sale of tobacco products in specialised stores,Slovenia
SI,G4726,2023,Retail sale of tobacco products in specialised stores,Slovenia
SI,G4726,2024,Retail sale of tobacco products in specialised stores,Slovenia
SI,G4762,2021,Retail sale of newspapers and stationery in specialised stores,Slovenia
SI,G4762,2022,Retail sale of newspapers and stationery in specialised stores,Slovenia
SI,G4762,2023,Retail sale of newspapers and stationery in specialised stores,Slovenia
SI,G4762,2024,Retail sale of newspapers and stationery in specialised stores,Slovenia
SI,G4763,2021,Retail sale of music and video recordings in specialised stores,Slovenia
SI,G4763,2022,Retail sale of music and video recordings in specialised stores,Slovenia
SI,G4763,2023,Retail sale of music and video recordings in specialised stores,Slovenia
SI,G4763,2024,Retail sale of music and video recordings in specialised stores,Slovenia
SI,G4765,2021,Retail sale of games and toys in specialised stores,Slovenia
SI,G4765,2022,Retail sale of games and toys in specialised stores,Slovenia
SI,H4920,2022,Freight rail transport,Slovenia
SI,H4920,2023,Freight rail transport,Slovenia
SI,H4920,2024,Freight rail transport,Slovenia
SI,H4932,2021,Taxi operation,Slovenia
SI,H4932,2022,Taxi operation,Slovenia
SI,H4939,2022,Other passenger land transport n.e.c.,Slovenia
SI,H4950,2021,Transport via pipeline,Slovenia
SI,H4950,2022,Transport via pipeline,Slovenia
SI,H4950,2023,Transport via pipeline,Slovenia
SI,H4950,2024,Transport via pipeline,Slovenia
SI,H5010,2021,Sea and coastal passenger water transport,Slovenia
SI,H5010,2022,Sea and coastal passenger water transport,Slovenia
SI,H5010,2023,Sea and coastal passenger water transport,Slovenia
SI,H5010,2024,Sea and coastal passenger water transport,Slovenia
SI,H5030,2022,Inland passenger water transport,Slovenia
SI,H5030,2023,Inland passenger water transport,Slovenia
SI,H5030,2024,Inland passenger water transport,Slovenia
SI,H5040,2021,Inland freight water transport,Slovenia
SI,H5040,2022,Inland freight water transport,Slovenia
SI,H5040,2023,Inland freight water transport,Slovenia
SI,H5040,2024,Inland freight water transport,Slovenia
SI,H5110,2021,Passenger air transport,Slovenia
SI,H5110,2023,Passenger air transport,Slovenia
SI,H5121,2021,Freight air transport,Slovenia
SI,H5121,2023,Freight air transport,Slovenia
SI,H5222,2021,Service activities incidental to water transportation,Slovenia
SI,H5222,2022,Service activities incidental to water transportation,Slovenia
SI,H5224,2021,Cargo handling,Slovenia
SI,H5224,2022,Cargo handling,Slovenia
SI,H5310,2021,Postal activities under universal service obligation,Slovenia
SI,H5310,2022,Postal activities under universal service obligation,Slovenia
SI,H5310,2023,Postal activities under universal service obligation,Slovenia
SI,H5310,2024,Postal activities under universal service obligation,Slovenia
SI,H5320,2021,Other postal and courier activities,Slovenia
SI,H5320,2022,Other postal and courier activities,Slovenia
SI,H5320,2023,Other postal and courier activities,Slovenia
SI,H5320,2024,Other postal and courier activities,Slovenia
SI,I5520,2023,Holiday and other short-stay accommodation,Slovenia
SI,I5530,2023,"Camping grounds, recreational vehicle parks and trailer parks",Slovenia
SI,I5590,2023,Other accommodation,Slovenia
SI,J5812,2021,Publishing of directories and mailing lists,Slovenia
SI,J5812,2022,Publishing of directories and mailing lists,Slovenia
SI,J5812,2023,Publishing of directories and mailing lists,Slovenia
SI,J5812,2024,Publishing of directories and mailing lists,Slovenia
SI,J5819,2021,Other publishing activities,Slovenia
SI,J5819,2022,Other publishing activities,Slovenia
SI,J5819,2023,Other publishing activities,Slovenia
SI,J5819,2024,Other publishing activities,Slovenia
SI,J5913,2023,"Motion picture, video and television programme distribution activities",Slovenia
SI,J5913,2024,"Motion picture, video and television programme distribution activities",Slovenia
SI,J5914,2023,Motion picture projection activities,Slovenia
SI,J5914,2024,Motion picture projection activities,Slovenia
SI,J6110,2021,Wired telecommunications activities,Slovenia
SI,J6110,2022,Wired telecommunications activities,Slovenia
SI,J6130,2021,Satellite telecommunications activities,Slovenia
SI,J6130,2022,Satellite telecommunications activities,Slovenia
SI,J6190,2022,Other telecommunications activities,Slovenia
SI,K6411,2021,Central banking,Slovenia
SI,K6411,2022,Central banking,Slovenia
SI,K6411,2023,Central banking,Slovenia
SI,K6411,2024,Central banking,Slovenia
SI,K6419,2024,Other monetary intermediation,Slovenia
SI,K6420,2024,Activities of holding companies,Slovenia
SI,K6430,2021,"Trusts, funds and similar financial entities",Slovenia
SI,K6430,2022,"Trusts, funds and similar financial entities",Slovenia
SI,K6430,2024,"Trusts, funds and similar financial entities",Slovenia
SI,K6511,2021,Life insurance,Slovenia
SI,K6511,2022,Life insurance,Slovenia
SI,K6511,2023,Life insurance,Slovenia
SI,K6511,2024,Life insurance,Slovenia
SI,K6520,2021,Reinsurance,Slovenia
SI,K6520,2022,Reinsurance,Slovenia
SI,K6520,2023,Reinsurance,Slovenia
SI,K6520,2024,Reinsurance,Slovenia
SI,N7810,2021,Activities of employment placement agencies,Slovenia
SI,N7830,2021,Other human resources provision,Slovenia
SI,P8541,2022,Post-secondary non-tertiary education,Slovenia
SI,P8541,2023,Post-secondary non-tertiary education,Slovenia
SI,P8541,2024,Post-secondary non-tertiary education,Slovenia
SI,P8542,2022,Tertiary education,Slovenia
SI,P8542,2023,Tertiary education,Slovenia
SI,P8542,2024,Tertiary education,Slovenia
SI,Q8720,2021,"Residential care activities for mental retardation, mental health and substance abuse",Slovenia
SI,Q8720,2022,"Residential care activities for mental retardation, mental health and substance abuse",Slovenia
SI,Q8720,2023,"Residential care activities for mental retardation, mental health and substance abuse",Slovenia
SI,Q8720,2024,"Residential care activities for mental retardation, mental health and substance abuse",Slovenia
SI,Q8730,2021,Residential care activities for the elderly and disabled,Slovenia
SI,Q8790,2021,Other residential care activities,Slovenia
SI,Q8790,2022,Other residential care activities,Slovenia
SI,Q8790,2023,Other residential care activities,Slovenia
SI,Q8790,2024,Other residential care activities,Slovenia
SK,B0520,2021,Mining of lignite,Slovakia
SK,B0520,2022,Mining of lignite,Slovakia
SK,B0520,2023,Mining of lignite,Slovakia
SK,B0520,2024,Mining of lignite,Slovakia
SK,B0620,2021,Extraction of natural gas,Slovakia
SK,B0620,2022,Extraction of natural gas,Slovakia
SK,B0620,2023,Extraction of natural gas,Slovakia
SK,B0620,2024,Extraction of natural gas,Slovakia
SK,B0729,2021,Mining of other non-ferrous metal ores,Slovakia
SK,B0729,2022,Mining of other non-ferrous metal ores,Slovakia
SK,B0729,2023,Mining of other non-ferrous metal ores,Slovakia
SK,B0729,2024,Mining of other non-ferrous metal ores,Slovakia
SK,B0891,2023,Mining of chemical and fertiliser minerals,Slovakia
SK,B0891,2024,Mining of chemical and fertiliser minerals,Slovakia
SK,B0893,2022,Extraction of salt,Slovakia
SK,B0893,2023,Extraction of salt,Slovakia
SK,B0893,2024,Extraction of salt,Slovakia
SK,B0899,2022,Other mining and quarrying n.e.c.,Slovakia
SK,B0899,2023,Other mining and quarrying n.e.c.,Slovakia
SK,B0899,2024,Other mining and quarrying n.e.c.,Slovakia
SK,B0990,2021,Support activities for other mining and quarrying,Slovakia
SK,B0990,2022,Support activities for other mining and quarrying,Slovakia
SK,B0990,2023,Support activities for other mining and quarrying,Slovakia
SK,B0990,2024,Support activities for other mining and quarrying,Slovakia
SK,C1020,2024,"Processing and preserving of fish, crustaceans and molluscs",Slovakia
SK,C1031,2021,Processing and preserving of potatoes,Slovakia
SK,C1031,2022,Processing and preserving of potatoes,Slovakia
SK,C1031,2023,Processing and preserving of potatoes,Slovakia
SK,C1031,2024,Processing and preserving of potatoes,Slovakia
SK,C1032,2021,Manufacture of fruit and vegetable juice,Slovakia
SK,C1032,2022,Manufacture of fruit and vegetable juice,Slovakia
SK,C1032,2023,Manufacture of fruit and vegetable juice,Slovakia
SK,C1032,2024,Manufacture of fruit and vegetable juice,Slovakia
SK,C1041,2021,Manufacture of oils and fats,Slovakia
SK,C1041,2022,Manufacture of oils and fats,Slovakia
SK,C1041,2023,Manufacture of oils and fats,Slovakia
SK,C1042,2021,Manufacture of margarine and similar edible fats,Slovakia
SK,C1042,2022,Manufacture of margarine and similar edible fats,Slovakia
SK,C1042,2023,Manufacture of margarine and similar edible fats,Slovakia
SK,C1042,2024,Manufacture of margarine and similar edible fats,Slovakia
SK,C1061,2021,Manufacture of grain mill products,Slovakia
SK,C1061,2022,Manufacture of grain mill products,Slovakia
SK,C1061,2023,Manufacture of grain mill products,Slovakia
SK,C1061,2024,Manufacture of grain mill products,Slovakia
SK,C1062,2021,Manufacture of starches and starch products,Slovakia
SK,C1062,2022,Manufacture of starches and starch products,Slovakia
SK,C1062,2023,Manufacture of starches and starch products,Slovakia
SK,C1062,2024,Manufacture of starches and starch products,Slovakia
SK,C1091,2023,Manufacture of prepared feeds for farm animals,Slovakia
SK,C1091,2024,Manufacture of prepared feeds for farm animals,Slovakia
SK,C1092,2023,Manufacture of prepared pet foods,Slovakia
SK,C1092,2024,Manufacture of prepared pet foods,Slovakia
SK,C1103,2021,Manufacture of cider and other fruit wines,Slovakia
SK,C1200,2021,Manufacture of tobacco products,Slovakia
SK,C1391,2021,Manufacture of knitted and crocheted fabrics,Slovakia
SK,C1391,2022,Manufacture of knitted and crocheted fabrics,Slovakia
SK,C1391,2023,Manufacture of knitted and crocheted fabrics,Slovakia
SK,C1391,2024,Manufacture of knitted and crocheted fabrics,Slovakia
SK,C1395,2021,"Manufacture of non-wovens and articles made from non-wovens, except apparel",Slovakia
SK,C1395,2022,"Manufacture of non-wovens and articles made from non-wovens, except apparel",Slovakia
SK,C1395,2023,"Manufacture of non-wovens and articles made from non-wovens, except apparel",Slovakia
SK,C1395,2024,"Manufacture of non-wovens and articles made from non-wovens, except apparel",Slovakia
SK,C1511,2021,Tanning and dressing of leather; dressing and dyeing of fur,Slovakia
SK,C1512,2021,"Manufacture of luggage, handbags and the like, saddlery and harness",Slovakia
SK,C1711,2021,Manufacture of pulp,Slovakia
SK,C1712,2021,Manufacture of paper and paperboard,Slovakia
SK,C1722,2021,Manufacture of household and sanitary goods and of toilet requisites,Slovakia
SK,C1723,2021,Manufacture of paper stationery,Slovakia
SK,C1910,2022,Manufacture of coke oven products,Slovakia
SK,C1910,2023,Manufacture of coke oven products,Slovakia
SK,C1920,2021,Manufacture of refined petroleum products,Slovakia
SK,C1920,2022,Manufacture of refined petroleum products,Slovakia
SK,C1920,2023,Manufacture of refined petroleum products,Slovakia
SK,C1920,2024,Manufacture of refined petroleum products,Slovakia
SK,C2012,2022,Manufacture of dyes and pigments,Slovakia
SK,C2012,2023,Manufacture of dyes and pigments,Slovakia
SK,C2012,2024,Manufacture of dyes and pigments,Slovakia
SK,C2013,2021,Manufacture of other inorganic basic chemicals,Slovakia
SK,C2013,2022,Manufacture of other inorganic basic chemicals,Slovakia
SK,C2013,2023,Manufacture of other inorganic basic chemicals,Slovakia
SK,C2013,2024,Manufacture of other inorganic basic chemicals,Slovakia
SK,C2015,2021,Manufacture of fertilisers and nitrogen compounds,Slovakia
SK,C2015,2022,Manufacture of fertilisers and nitrogen compounds,Slovakia
SK,C2015,2023,Manufacture of fertilisers and nitrogen compounds,Slovakia
SK,C2015,2024,Manufacture of fertilisers and nitrogen compounds,Slovakia
SK,C2020,2021,Manufacture of pesticides and other agrochemical products,Slovakia
SK,C2030,2021,"Manufacture of paints, varnishes and similar coatings, printing ink and mastics",Slovakia
SK,C2051,2021,Manufacture of explosives,Slovakia
SK,C2051,2022,Manufacture of explosives,Slovakia
SK,C2051,2023,Manufacture of explosives,Slovakia
SK,C2051,2024,Manufacture of explosives,Slovakia
SK,C2052,2021,Manufacture of glues,Slovakia
SK,C2052,2022,Manufacture of glues,Slovakia
SK,C2052,2023,Manufacture of glues,Slovakia
SK,C2052,2024,Manufacture of glues,Slovakia
SK,C2053,2021,Manufacture of essential oils,Slovakia
SK,C2053,2022,Manufacture of essential oils,Slovakia
SK,C2053,2023,Manufacture of essential oils,Slovakia
SK,C2053,2024,Manufacture of essential oils,Slovakia
SK,C2110,2022,Manufacture of basic pharmaceutical products,Slovakia
SK,C2110,2023,Manufacture of basic pharmaceutical products,Slovakia
SK,C2110,2024,Manufacture of basic pharmaceutical products,Slovakia
SK,C2120,2023,Manufacture of pharmaceutical preparations,Slovakia
SK,C2120,2024,Manufacture of pharmaceutical preparations,Slovakia
SK,C2211,2024,"""Manufacture of rubber tyres and tubes; retreading and rebuilding of rubber tyres""",Slovakia
SK,C2219,2024,Manufacture of other rubber products,Slovakia
SK,C2342,2021,Manufacture of ceramic sanitary fixtures,Slovakia
SK,C2342,2023,Manufacture of ceramic sanitary fixtures,Slovakia
SK,C2343,2021,Manufacture of ceramic insulators and insulating fittings,Slovakia
SK,C2343,2022,Manufacture of ceramic insulators and insulating fittings,Slovakia
SK,C2343,2023,Manufacture of ceramic insulators and insulating fittings,Slovakia
SK,C2343,2024,Manufacture of ceramic insulators and insulating fittings,Slovakia
SK,C2344,2021,Manufacture of other technical ceramic products,Slovakia
SK,C2344,2022,Manufacture of other technical ceramic products,Slovakia
SK,C2344,2023,Manufacture of other technical ceramic products,Slovakia
SK,C2344,2024,Manufacture of other technical ceramic products,Slovakia
SK,C2349,2021,Manufacture of other ceramic products,Slovakia
SK,C2349,2022,Manufacture of other ceramic products,Slovakia
SK,C2349,2023,Manufacture of other ceramic products,Slovakia
SK,C2349,2024,Manufacture of other ceramic products,Slovakia
SK,C2364,2021,Manufacture of mortars,Slovakia
SK,C2364,2022,Manufacture of mortars,Slovakia
SK,C2364,2023,Manufacture of mortars,Slovakia
SK,C2364,2024,Manufacture of mortars,Slovakia
SK,C2365,2021,Manufacture of fibre cement,Slovakia
SK,C2365,2022,Manufacture of fibre cement,Slovakia
SK,C2365,2023,Manufacture of fibre cement,Slovakia
SK,C2365,2024,Manufacture of fibre cement,Slovakia
SK,C2420,2021,"Manufacture of tubes, pipes, hollow profiles and related fittings, of steel",Slovakia
SK,C2420,2022,"Manufacture of tubes, pipes, hollow profiles and related fittings, of steel",Slovakia
SK,C2420,2023,"Manufacture of tubes, pipes, hollow profiles and related fittings, of steel",Slovakia
SK,C2420,2024,"Manufacture of tubes, pipes, hollow profiles and related fittings, of steel",Slovakia
SK,C2431,2021,Cold drawing of bars,Slovakia
SK,C2441,2021,Precious metals production,Slovakia
SK,C2441,2022,Precious metals production,Slovakia
SK,C2441,2023,Precious metals production,Slovakia
SK,C2441,2024,Precious metals production,Slovakia
SK,C2443,2021,"Lead, zinc and tin production",Slovakia
SK,C2443,2022,"Lead, zinc and tin production",Slovakia
SK,C2443,2023,"Lead, zinc and tin production",Slovakia
SK,C2443,2024,"Lead, zinc and tin production",Slovakia
SK,C2444,2021,Copper production,Slovakia
SK,C2444,2022,Copper production,Slovakia
SK,C2444,2023,Copper production,Slovakia
SK,C2444,2024,Copper production,Slovakia
SK,C2445,2021,Other non-ferrous metal production,Slovakia
SK,C2445,2022,Other non-ferrous metal production,Slovakia
SK,C2445,2023,Other non-ferrous metal production,Slovakia
SK,C2445,2024,Other non-ferrous metal production,Slovakia
SK,C2530,2021,"Manufacture of steam generators, except central heating hot water boilers",Slovakia
SK,C2530,2022,"Manufacture of steam generators, except central heating hot water boilers",Slovakia
SK,C2530,2023,"Manufacture of steam generators, except central heating hot water boilers",Slovakia
SK,C2530,2024,"Manufacture of steam generators, except central heating hot water boilers",Slovakia
SK,C2540,2021,Manufacture of weapons and ammunition,Slovakia
SK,C2540,2022,Manufacture of weapons and ammunition,Slovakia
SK,C2540,2023,Manufacture of weapons and ammunition,Slovakia
SK,C2540,2024,Manufacture of weapons and ammunition,Slovakia
SK,C2720,2022,Manufacture of batteries and accumulators,Slovakia
SK,C2720,2023,Manufacture of batteries and accumulators,Slovakia
SK,C2740,2022,Manufacture of electric lighting equipment,Slovakia
SK,C2740,2023,Manufacture of electric lighting equipment,Slovakia
SK,C2821,2021,"Manufacture of ovens, furnaces and furnace burners",Slovakia
SK,C2821,2022,"Manufacture of ovens, furnaces and furnace burners",Slovakia
SK,C2821,2023,"Manufacture of ovens, furnaces and furnace burners",Slovakia
SK,C2821,2024,"Manufacture of ovens, furnaces and furnace burners",Slovakia
SK,C2824,2021,Manufacture of power-driven hand tools,Slovakia
SK,C2824,2022,Manufacture of power-driven hand tools,Slovakia
SK,C2824,2023,Manufacture of power-driven hand tools,Slovakia
SK,C2824,2024,Manufacture of power-driven hand tools,Slovakia
SK,C2894,2021,"Manufacture of machinery for textile, apparel and leather production",Slovakia
SK,C2894,2022,"Manufacture of machinery for textile, apparel and leather production",Slovakia
SK,C2894,2023,"Manufacture of machinery for textile, apparel and leather production",Slovakia
SK,C2894,2024,"Manufacture of machinery for textile, apparel and leather production",Slovakia
SK,C2895,2021,Manufacture of machinery for paper and paperboard production,Slovakia
SK,C2895,2022,Manufacture of machinery for paper and paperboard production,Slovakia
SK,C2895,2023,Manufacture of machinery for paper and paperboard production,Slovakia
SK,C2895,2024,Manufacture of machinery for paper and paperboard production,Slovakia
SK,C2896,2021,Manufacture of plastics and rubber machinery,Slovakia
SK,C3011,2021,Building of ships and floating structures,Slovakia
SK,C3011,2022,Building of ships and floating structures,Slovakia
SK,C3011,2023,Building of ships and floating structures,Slovakia
SK,C3011,2024,Building of ships and floating structures,Slovakia
SK,C3012,2021,Building of pleasure and sporting boats,Slovakia
SK,C3012,2022,Building of pleasure and sporting boats,Slovakia
SK,C3012,2023,Building of pleasure and sporting boats,Slovakia
SK,C3012,2024,Building of pleasure and sporting boats,Slovakia
SK,C3030,2022,Manufacture of air and spacecraft and related machinery,Slovakia
SK,C3030,2023,Manufacture of air and spacecraft and related machinery,Slovakia
SK,C3030,2024,Manufacture of air and spacecraft and related machinery,Slovakia
SK,C3040,2021,Manufacture of military fighting vehicles,Slovakia
SK,C3040,2022,Manufacture of military fighting vehicles,Slovakia
SK,C3040,2023,Manufacture of military fighting vehicles,Slovakia
SK,C3040,2024,Manufacture of military fighting vehicles,Slovakia
SK,C3091,2022,Manufacture of motorcycles,Slovakia
SK,C3091,2023,Manufacture of motorcycles,Slovakia
SK,C3091,2024,Manufacture of motorcycles,Slovakia
SK,C3099,2021,Manufacture of other transport equipment n.e.c.,Slovakia
SK,C3099,2022,Manufacture of other transport equipment n.e.c.,Slovakia
SK,C3099,2023,Manufacture of other transport equipment n.e.c.,Slovakia
SK,C3099,2024,Manufacture of other transport equipment n.e.c.,Slovakia
SK,C3211,2021,Striking of coins,Slovakia
SK,C3211,2023,Striking of coins,Slovakia
SK,C3212,2021,Manufacture of jewellery and related articles,Slovakia
SK,C3212,2023,Manufacture of jewellery and related articles,Slovakia
SK,C3320,2021,Installation of industrial machinery and equipment,Slovakia
SK,D3512,2021,Transmission of electricity,Slovakia
SK,D3512,2022,Transmission of electricity,Slovakia
SK,D3512,2023,Transmission of electricity,Slovakia
SK,D3512,2024,Transmission of electricity,Slovakia
SK,D3513,2021,Distribution of electricity,Slovakia
SK,D3513,2022,Distribution of electricity,Slovakia
SK,D3513,2023,Distribution of electricity,Slovakia
SK,D3513,2024,Distribution of electricity,Slovakia
SK,D3521,2021,Manufacture of gas,Slovakia
SK,D3521,2022,Manufacture of gas,Slovakia
SK,D3522,2021,Distribution of gaseous fuels through mains,Slovakia
SK,D3522,2022,Distribution of gaseous fuels through mains,Slovakia
SK,D3522,2023,Distribution of gaseous fuels through mains,Slovakia
SK,D3522,2024,Distribution of gaseous fuels through mains,Slovakia
SK,D3523,2021,Trade of gas through mains,Slovakia
SK,D3523,2022,Trade of gas through mains,Slovakia
SK,D3523,2023,Trade of gas through mains,Slovakia
SK,D3523,2024,Trade of gas through mains,Slovakia
SK,E3831,2021,Dismantling of wrecks,Slovakia
SK,E3831,2022,Dismantling of wrecks,Slovakia
SK,E3831,2023,Dismantling of wrecks,Slovakia
SK,E3831,2024,Dismantling of wrecks,Slovakia
SK,E3832,2021,Recovery of sorted materials,Slovakia
SK,E3832,2022,Recovery of sorted materials,Slovakia
SK,E3832,2023,Recovery of sorted materials,Slovakia
SK,E3832,2024,Recovery of sorted materials,Slovakia
SK,H4910,2021,"Passenger rail transport, interurban",Slovakia
SK,H4910,2022,"Passenger rail transport, interurban",Slovakia
SK,H4910,2023,"Passenger rail transport, interurban",Slovakia
SK,H4910,2024,"Passenger rail transport, interurban",Slovakia
SK,H4920,2021,Freight rail transport,Slovakia
SK,H4931,2021,Urban and suburban passenger land transport,Slovakia
SK,H4931,2022,Urban and suburban passenger land transport,Slovakia
SK,H4931,2023,Urban and suburban passenger land transport,Slovakia
SK,H4931,2024,Urban and suburban passenger land transport,Slovakia
SK,H4932,2021,Taxi operation,Slovakia
SK,H4932,2022,Taxi operation,Slovakia
SK,H4932,2023,Taxi operation,Slovakia
SK,H4932,2024,Taxi operation,Slovakia
SK,H4950,2021,Transport via pipeline,Slovakia
SK,H4950,2022,Transport via pipeline,Slovakia
SK,H4950,2023,Transport via pipeline,Slovakia
SK,H4950,2024,Transport via pipeline,Slovakia
SK,H5010,2021,Sea and coastal passenger water transport,Slovakia
SK,H5010,2022,Sea and coastal passenger water transport,Slovakia
SK,H5010,2023,Sea and coastal passenger water transport,Slovakia
SK,H5010,2024,Sea and coastal passenger water transport,Slovakia
SK,H5020,2021,Sea and coastal freight water transport,Slovakia
SK,H5020,2022,Sea and coastal freight water transport,Slovakia
SK,H5020,2023,Sea and coastal freight water transport,Slovakia
SK,H5020,2024,Sea and coastal freight water transport,Slovakia
SK,H5030,2021,Inland passenger water transport,Slovakia
SK,H5030,2022,Inland passenger water transport,Slovakia
SK,H5030,2023,Inland passenger water transport,Slovakia
SK,H5030,2024,Inland passenger water transport,Slovakia
SK,H5310,2021,Postal activities under universal service obligation,Slovakia
SK,H5310,2022,Postal activities under universal service obligation,Slovakia
SK,H5310,2023,Postal activities under universal service obligation,Slovakia
SK,H5310,2024,Postal activities under universal service obligation,Slovakia
SK,H5320,2021,Other postal and courier activities,Slovakia
SK,H5320,2022,Other postal and courier activities,Slovakia
SK,H5320,2023,Other postal and courier activities,Slovakia
SK,H5320,2024,Other postal and courier activities,Slovakia
SK,J5811,2024,Book publishing,Slovakia
SK,J5812,2021,Publishing of directories and mailing lists,Slovakia
SK,J5812,2022,Publishing of directories and mailing lists,Slovakia
SK,J5813,2021,Publishing of newspapers,Slovakia
SK,J5813,2022,Publishing of newspapers,Slovakia
SK,J5813,2024,Publishing of newspapers,Slovakia
SK,J5821,2021,Publishing of computer games,Slovakia
SK,J5821,2022,Publishing of computer games,Slovakia
SK,J5821,2023,Publishing of computer games,Slovakia
SK,J5829,2021,Other software publishing,Slovakia
SK,J5829,2022,Other software publishing,Slovakia
SK,J5829,2023,Other software publishing,Slovakia
SK,J5913,2022,"Motion picture, video and television programme distribution activities",Slovakia
SK,J5913,2024,"Motion picture, video and television programme distribution activities",Slovakia
SK,J5914,2022,Motion picture projection activities,Slovakia
SK,J5914,2024,Motion picture projection activities,Slovakia
SK,K6411,2021,Central banking,Slovakia
SK,K6411,2022,Central banking,Slovakia
SK,K6411,2023,Central banking,Slovakia
SK,K6411,2024,Central banking,Slovakia
SK,K6419,2021,Other monetary intermediation,Slovakia
SK,K6419,2022,Other monetary intermediation,Slovakia
SK,K6419,2023,Other monetary intermediation,Slovakia
SK,K6419,2024,Other monetary intermediation,Slovakia
SK,K6520,2022,Reinsurance,Slovakia
SK,K6520,2023,Reinsurance,Slovakia
SK,K6520,2024,Reinsurance,Slovakia
SK,K6530,2022,Pension funding,Slovakia
SK,K6530,2023,Pension funding,Slovakia
SK,K6530,2024,Pension funding,Slovakia
SK,M7211,2024,Research and experimental development on biotechnology,Slovakia
SK,M7219,2024,Other research and experimental development on natural sciences and engineering,Slovakia
SK,N7722,2021,Renting of video tapes and disks,Slovakia
SK,N7722,2022,Renting of video tapes and disks,Slovakia
SK,N7722,2023,Renting of video tapes and disks,Slovakia
SK,N7729,2021,Renting and leasing of other personal and household goods,Slovakia
SK,N7729,2022,Renting and leasing of other personal and household goods,Slovakia
SK,N7729,2023,Renting and leasing of other personal and household goods,Slovakia
SK,N8110,2022,Combined facilities support activities,Slovakia
SK,N8110,2023,Combined facilities support activities,Slovakia
SK,N8110,2024,Combined facilities support activities,Slovakia
SK,N8130,2022,Landscape service activities,Slovakia
SK,N8130,2023,Landscape service activities,Slovakia
SK,N8130,2024,Landscape service activities,Slovakia
SK,P8520,2021,Primary education,Slovakia
SK,P8520,2022,Primary education,Slovakia
SK,P8520,2023,Primary education,Slovakia
SK,P8520,2024,Primary education,Slovakia
SK,P8531,2021,General secondary education,Slovakia
SK,P8531,2022,General secondary education,Slovakia
SK,P8531,2023,General secondary education,Slovakia
SK,P8531,2024,General secondary education,Slovakia
SK,P8532,2021,Technical and vocational secondary education,Slovakia
SK,P8542,2021,Tertiary education,Slovakia
SK,R9102,2021,Museums activities,Slovakia
SK,R9102,2022,Museums activities,Slovakia
SK,R9102,2023,Museums activities,Slovakia
SK,R9102,2024,Museums activities,Slovakia
SK,R9104,2021,Botanical and zoological gardens and nature reserves activities,Slovakia
SK,R9104,2022,Botanical and zoological gardens and nature reserves activities,Slovakia
SK,R9104,2023,Botanical and zoological gardens and nature reserves activities,Slovakia
SK,R9104,2024,Botanical and zoological gardens and nature reserves activities,Slovakia
